
====================================================================================================
FILE: E_out.npz
====================================================================================================

KEY: key
--------------------------------------------------------------------------------
[   5619445 3645793505]
--------------------------------------------------------------------------------

KEY: outputs
--------------------------------------------------------------------------------
[[ 2.15585169e-04 -1.45171958e-04 -3.38134065e-04 ... -3.53584299e-04
   2.39118061e-04  1.94579188e-05]
 [ 8.58129817e-04 -2.07017831e-04  1.11227047e-04 ... -3.43854423e-04
  -4.76411442e-05  2.13271400e-04]
 [ 2.07395715e-07 -5.61394190e-05  3.45955836e-04 ... -2.21447612e-04
  -4.28659041e-05 -4.31389672e-05]
 ...
 [-2.91569391e-04  1.76339410e-03 -1.08357497e-04 ... -1.87554993e-04
   1.72764485e-04  6.93914248e-04]
 [-1.10962079e-04 -4.37410083e-04  1.12099410e-03 ...  6.92522080e-05
   1.36305971e-04  1.88933423e-04]
 [ 9.54417791e-03 -7.54607143e-03 -1.15649709e-02 ...  2.82544555e-04
  -1.20222634e-04 -4.95088520e-03]]
--------------------------------------------------------------------------------

KEY: weights
--------------------------------------------------------------------------------
[[ 1.43671408e-02  7.04354257e-04  1.28083155e-02 ...  1.77501154e-03
  -2.42183711e-02 -4.10990603e-03]
 [ 8.95600859e-03 -1.33978594e-02  1.04927085e-02 ...  1.33987190e-02
   1.21555766e-02  2.03732727e-03]
 [ 8.64500366e-03 -9.09120217e-03  2.00658431e-03 ... -2.71902122e-02
   1.54447812e-03 -1.06016230e-02]
 ...
 [ 6.99818227e-03  2.35004973e-05 -3.83158843e-03 ... -9.04803630e-03
   2.90324409e-02 -4.20382572e-03]
 [ 5.73930051e-03 -1.75208766e-02  1.68318618e-02 ...  1.14048682e-02
   2.59362590e-02 -4.15745610e-03]
 [-1.26490241e-03 -6.23639021e-03 -2.34181224e-03 ... -2.97883246e-03
  -1.46524766e-02  1.78254824e-02]]
--------------------------------------------------------------------------------

KEY: mask
--------------------------------------------------------------------------------
1.0
--------------------------------------------------------------------------------

KEY: biases
--------------------------------------------------------------------------------
0.0
--------------------------------------------------------------------------------

====================================================================================================
FILE: Outgrad.npz
====================================================================================================

KEY: key
--------------------------------------------------------------------------------
[        0 796620336]
--------------------------------------------------------------------------------

KEY: dmu
--------------------------------------------------------------------------------
[[0. 0. 0. ... 0. 0. 0.]
 [0. 0. 0. ... 0. 0. 0.]
 [0. 0. 0. ... 0. 0. 0.]
 ...
 [0. 0. 0. ... 0. 0. 0.]
 [0. 0. 0. ... 0. 0. 0.]
 [0. 0. 0. ... 0. 0. 0.]]
--------------------------------------------------------------------------------

KEY: dmu_
--------------------------------------------------------------------------------
[[0. 0. 0. ... 0. 0. 0.]
 [0. 0. 0. ... 0. 0. 0.]
 [0. 0. 0. ... 0. 0. 0.]
 ...
 [0. 0. 0. ... 0. 0. 0.]
 [0. 0. 0. ... 0. 0. 0.]
 [0. 0. 0. ... 0. 0. 0.]]
--------------------------------------------------------------------------------

====================================================================================================
FILE: Q_embed.npz
====================================================================================================

KEY: word_weights
--------------------------------------------------------------------------------
[[-0.01904796  0.00692436  0.00735331 ... -0.00390091  0.00161648
   0.03575749]
 [ 0.000587    0.01853638  0.01348688 ...  0.01671293  0.03592036
   0.00133515]
 [-0.02063591  0.00339297 -0.04169547 ...  0.04286032  0.03818142
  -0.00833218]
 ...
 [-0.00917241 -0.01185493  0.01131415 ...  0.01484525  0.02145453
   0.01586243]
 [-0.0210393   0.03702483  0.01564272 ... -0.00870894  0.00606823
  -0.02718139]
 [ 0.02341691 -0.00081689 -0.04398458 ...  0.00214738 -0.00858651
  -0.00934265]]
--------------------------------------------------------------------------------

KEY: pos_weights
--------------------------------------------------------------------------------
[[ 0.02996749 -0.02946123 -0.04175166 ... -0.00870561 -0.00834542
   0.0085985 ]
 [-0.01652023 -0.0309661   0.01210247 ... -0.01494243  0.02374818
  -0.0162854 ]
 [-0.00975374 -0.00812406 -0.02724247 ...  0.00280511 -0.01020337
  -0.00458119]
 ...
 [-0.0184218  -0.02269623  0.06413685 ... -0.00946372  0.00468795
  -0.02532879]
 [-0.00706971  0.01181119  0.00633472 ...  0.04561487 -0.00290388
   0.01352502]
 [-0.00556942  0.00755916  0.0050722  ...  0.0093402  -0.02871056
   0.0104252 ]]
--------------------------------------------------------------------------------

====================================================================================================
FILE: Q_out.npz
====================================================================================================

KEY: key
--------------------------------------------------------------------------------
[ 524741714 2048747509]
--------------------------------------------------------------------------------

KEY: outputs
--------------------------------------------------------------------------------
[[0. 0. 0. ... 0. 0. 0.]]
--------------------------------------------------------------------------------

KEY: weights
--------------------------------------------------------------------------------
[[0.6385264  0.39959076 0.15376255 ... 0.453358   0.79707605 0.50423765]
 [0.6877096  0.12435209 0.14960678 ... 0.68618536 0.10065366 0.6015221 ]
 [0.03662268 0.44349787 0.32558382 ... 0.1918259  0.69907504 0.5729649 ]
 ...
 [0.7657027  0.23832299 0.45013154 ... 0.09032135 0.5705562  0.5786108 ]
 [0.56585795 0.39875337 0.41505343 ... 0.25110677 0.06671495 0.7105729 ]
 [0.77278525 0.06586795 0.54305196 ... 0.49314344 0.13293006 0.5982591 ]]
--------------------------------------------------------------------------------

KEY: mask
--------------------------------------------------------------------------------
1.0
--------------------------------------------------------------------------------

KEY: biases
--------------------------------------------------------------------------------
[[0. 0. 0. ... 0. 0. 0.]]
--------------------------------------------------------------------------------

====================================================================================================
FILE: W_embed.npz
====================================================================================================

KEY: word_weights
--------------------------------------------------------------------------------
[[-0.01904796  0.00692436  0.00735331 ... -0.00390091  0.00161648
   0.03575749]
 [ 0.000587    0.01853638  0.01348688 ...  0.01671293  0.03592036
   0.00133515]
 [-0.02063591  0.00339297 -0.04169547 ...  0.04286032  0.03818142
  -0.00833218]
 ...
 [-0.00917241 -0.01185493  0.01131415 ...  0.01484525  0.02145453
   0.01586243]
 [-0.0210393   0.03702483  0.01564272 ... -0.00870894  0.00606823
  -0.02718139]
 [ 0.02341691 -0.00081689 -0.04398458 ...  0.00214738 -0.00858651
  -0.00934265]]
--------------------------------------------------------------------------------

KEY: pos_weights
--------------------------------------------------------------------------------
[[ 0.02996767 -0.0294615  -0.04175167 ... -0.00870576 -0.00834548
   0.00859825]
 [-0.01652022 -0.03096626  0.0121024  ... -0.01494253  0.02374818
  -0.0162854 ]
 [-0.00975368 -0.00812428 -0.02724247 ...  0.00280506 -0.01020338
  -0.0045813 ]
 ...
 [-0.0184218  -0.02269623  0.06413685 ... -0.00946372  0.00468795
  -0.02532879]
 [-0.00706971  0.01181119  0.00633472 ...  0.04561487 -0.00290388
   0.01352502]
 [-0.00556942  0.00755916  0.0050722  ...  0.0093402  -0.02871056
   0.0104252 ]]
--------------------------------------------------------------------------------

====================================================================================================
FILE: W_out.npz
====================================================================================================

KEY: key
--------------------------------------------------------------------------------
[   5619445 3645793505]
--------------------------------------------------------------------------------

KEY: outputs
--------------------------------------------------------------------------------
[[-0.38061863 -0.38059574 -0.38069877 ... -0.38064206 -0.38064232
  -0.380612  ]
 [-0.3796872  -0.3807153  -0.38077375 ... -0.38093194 -0.38078
  -0.3802504 ]
 [-0.38065124 -0.38065165 -0.38067022 ... -0.38070288 -0.3806483
  -0.38060924]
 ...
 [-0.3804276  -0.3809888  -0.38042742 ... -0.38060677 -0.38078162
  -0.38109884]
 [-0.3805511  -0.38062033 -0.38067958 ... -0.3807448  -0.38077727
  -0.3806097 ]
 [-0.38014024 -0.38423994 -0.3818278  ... -0.3817855  -0.3822611
  -0.38095903]]
--------------------------------------------------------------------------------

KEY: weights
--------------------------------------------------------------------------------
[[ 1.43671408e-02  8.95600859e-03  8.64500366e-03 ...  6.99818227e-03
   5.73930051e-03 -1.26490241e-03]
 [ 7.04354257e-04 -1.33978594e-02 -9.09120217e-03 ...  2.35004973e-05
  -1.75208766e-02 -6.23639021e-03]
 [ 1.28083155e-02  1.04927085e-02  2.00658431e-03 ... -3.83158843e-03
   1.68318618e-02 -2.34181224e-03]
 ...
 [ 1.77501154e-03  1.33987190e-02 -2.71902122e-02 ... -9.04803630e-03
   1.14048682e-02 -2.97883246e-03]
 [-2.42183711e-02  1.21555766e-02  1.54447812e-03 ...  2.90324409e-02
   2.59362590e-02 -1.46524766e-02]
 [-4.10990603e-03  2.03732727e-03 -1.06016230e-02 ... -4.20382572e-03
  -4.15745610e-03  1.78254824e-02]]
--------------------------------------------------------------------------------

KEY: mask
--------------------------------------------------------------------------------
1.0
--------------------------------------------------------------------------------

KEY: biases
--------------------------------------------------------------------------------
[[-0.38064766 -0.380686   -0.3806729  ... -0.38064912 -0.38068965
  -0.38067275]]
--------------------------------------------------------------------------------

KEY: dWeights
--------------------------------------------------------------------------------
[[0. 0. 0. ... 0. 0. 0.]
 [0. 0. 0. ... 0. 0. 0.]
 [0. 0. 0. ... 0. 0. 0.]
 ...
 [0. 0. 0. ... 0. 0. 0.]
 [0. 0. 0. ... 0. 0. 0.]
 [0. 0. 0. ... 0. 0. 0.]]
--------------------------------------------------------------------------------

KEY: dBiases
--------------------------------------------------------------------------------
[0. 0. 0. ... 0. 0. 0.]
--------------------------------------------------------------------------------

====================================================================================================
FILE: block0_E_attn.npz
====================================================================================================

KEY: key
--------------------------------------------------------------------------------
[2674193670 3450896970]
--------------------------------------------------------------------------------

KEY: outputs
--------------------------------------------------------------------------------
[[ 3.4605731e-07  1.6219202e-07 -5.5915234e-07 ... -1.5041447e-06
  -1.1388872e-06 -1.4145994e-07]
 [ 1.3694716e-07  4.9443275e-07 -4.7436146e-07 ... -1.1073838e-06
  -1.0525565e-06  7.5212029e-08]
 [ 1.4908235e-07  1.3114844e-07 -1.5004272e-07 ... -8.9214325e-07
  -9.1395032e-07  2.8207106e-08]
 ...
 [-5.0780540e-09  1.0047147e-07  4.0790862e-08 ... -6.9946545e-08
  -1.1593266e-07  5.0180461e-08]
 [-6.3910179e-09  1.1078696e-07  4.0565183e-08 ... -6.4959323e-08
  -1.1438235e-07  4.7647067e-08]
 [-2.6987190e-09  1.0015301e-07  3.1591107e-08 ... -6.3183009e-08
  -1.1391360e-07  4.4850459e-08]]
--------------------------------------------------------------------------------

KEY: weights
--------------------------------------------------------------------------------
[[ 0.00124184  0.00303947  0.01176871 ...  0.00544307  0.01451581
   0.00464331]
 [-0.00848951  0.00041392 -0.0006798  ...  0.00595527 -0.00835804
  -0.01120763]
 [ 0.00752517 -0.00632525  0.00613129 ...  0.0037115  -0.00712623
  -0.00818478]
 ...
 [-0.00277906 -0.00060549 -0.01919648 ...  0.01651697 -0.0006342
   0.00594333]
 [-0.00284636  0.02586725  0.00677383 ...  0.00644083  0.01617657
   0.00890335]
 [-0.00607582 -0.01090456 -0.00151321 ... -0.01387365 -0.00083757
  -0.00352476]]
--------------------------------------------------------------------------------

KEY: mask
--------------------------------------------------------------------------------
1.0
--------------------------------------------------------------------------------

KEY: biases
--------------------------------------------------------------------------------
0.0
--------------------------------------------------------------------------------

====================================================================================================
FILE: block0_E_k.npz
====================================================================================================

KEY: key
--------------------------------------------------------------------------------
[3384199450 1938199642]
--------------------------------------------------------------------------------

KEY: outputs
--------------------------------------------------------------------------------
[[ 0.0000000e+00  0.0000000e+00  0.0000000e+00 ...  0.0000000e+00
   0.0000000e+00  0.0000000e+00]
 [-5.2592349e-12  3.0964912e-12  4.7895546e-12 ... -4.3792960e-12
   5.3409235e-12 -1.7949205e-12]
 [ 5.2906559e-12 -1.1933894e-12 -8.5120687e-12 ...  8.2493639e-12
  -4.6209555e-12  1.8549468e-11]
 ...
 [-2.1110405e-12 -1.7070519e-14  1.0018660e-12 ...  1.3848885e-12
   2.3032516e-12 -1.4801931e-12]
 [ 3.8638393e-13  2.9805106e-12  7.0063027e-12 ... -1.3586729e-12
   2.4537538e-12 -2.2034048e-12]
 [-6.4729624e-13  2.3618681e-12  3.5079598e-12 ... -2.0994372e-13
   7.9888841e-13 -1.3509247e-12]]
--------------------------------------------------------------------------------

KEY: weights
--------------------------------------------------------------------------------
[[ 0.00202762  0.00706732  0.01960075 ... -0.01450664  0.01545524
   0.02696605]
 [ 0.03030961  0.01872716  0.02801838 ... -0.03280858  0.03019818
  -0.00665451]
 [ 0.04365659  0.00482158  0.03240758 ...  0.03201282 -0.02001039
   0.00242066]
 ...
 [-0.00497709 -0.00512238 -0.00551778 ...  0.00985415 -0.01264405
   0.0139486 ]
 [-0.00110854 -0.01339946  0.0091712  ... -0.03064361 -0.01799219
   0.00239466]
 [-0.00279777  0.02111526  0.01353074 ...  0.02796551 -0.00542984
  -0.0323911 ]]
--------------------------------------------------------------------------------

KEY: mask
--------------------------------------------------------------------------------
1.0
--------------------------------------------------------------------------------

KEY: biases
--------------------------------------------------------------------------------
0.0
--------------------------------------------------------------------------------

====================================================================================================
FILE: block0_E_mlp.npz
====================================================================================================

KEY: key
--------------------------------------------------------------------------------
[ 156952300 2388643272]
--------------------------------------------------------------------------------

KEY: outputs
--------------------------------------------------------------------------------
[[-8.8081642e-08  1.5276751e-08 -1.8876902e-07 ... -2.5538936e-08
   8.1008480e-08  9.3501917e-10]
 [-9.3901399e-08  1.6116067e-08 -1.7696433e-07 ...  5.1782849e-09
   5.1372972e-08 -3.6641769e-08]
 [-9.5990693e-08  4.9583555e-08 -3.7775997e-08 ... -9.1357402e-09
  -3.9275072e-10 -8.9134502e-08]
 ...
 [ 5.4707550e-09 -3.2092555e-09  1.9183974e-08 ...  1.0384217e-08
   1.3872581e-08  1.5992812e-09]
 [ 5.9090324e-09 -1.8824602e-09  1.7962162e-08 ...  1.1200092e-08
   1.3673309e-08  4.9076641e-09]
 [ 6.8395125e-09 -1.0649387e-09  1.8453468e-08 ...  1.1724454e-08
   1.3501708e-08  5.2005658e-09]]
--------------------------------------------------------------------------------

KEY: weights
--------------------------------------------------------------------------------
[[ 2.06474327e-02 -9.90393106e-03  1.23661226e-02 ... -1.03342915e-02
   8.87266546e-03  1.58990938e-02]
 [-8.95153638e-03 -1.61504094e-02 -1.46713518e-02 ...  7.81561993e-03
   1.04192700e-02 -2.59660650e-03]
 [ 8.00254289e-03 -1.29286479e-02 -9.21530556e-03 ... -4.06693667e-03
   9.13552754e-03  1.53044320e-03]
 ...
 [ 1.05677557e-03  6.66956301e-04  3.47310328e-03 ...  4.55319503e-04
   1.09020993e-02 -1.64224822e-02]
 [-2.11179093e-03 -5.63497742e-05  1.82907307e-03 ... -1.16049033e-02
   9.82631277e-03 -1.19941030e-02]
 [ 1.56400390e-02  7.97828753e-03 -7.23549165e-04 ...  1.35688288e-02
   7.86937494e-03 -1.63235739e-02]]
--------------------------------------------------------------------------------

KEY: mask
--------------------------------------------------------------------------------
1.0
--------------------------------------------------------------------------------

KEY: biases
--------------------------------------------------------------------------------
0.0
--------------------------------------------------------------------------------

====================================================================================================
FILE: block0_E_mlp1.npz
====================================================================================================

KEY: key
--------------------------------------------------------------------------------
[ 156952300 2388643272]
--------------------------------------------------------------------------------

KEY: outputs
--------------------------------------------------------------------------------
[[-1.68840484e-06  1.33309118e-06  2.09671293e-06 ... -1.26950715e-06
   8.61108944e-08 -2.10232292e-06]
 [-1.13586032e-06  7.00771409e-07  1.35141806e-06 ... -7.91513230e-07
   4.41955649e-07 -2.21394657e-06]
 [-4.75382933e-07 -7.08558332e-08  2.16357876e-07 ... -9.04364356e-07
  -1.22330320e-07 -1.86857869e-06]
 ...
 [-5.25929167e-08 -1.09303208e-07  6.80200216e-08 ...  5.42867191e-08
   1.69805261e-07 -4.42806360e-08]
 [-3.13130357e-08 -1.02640726e-07  5.75840993e-08 ...  5.86932707e-08
   2.00047580e-07 -3.02374019e-08]
 [-2.04640482e-08 -1.36257654e-07  4.35277272e-08 ...  6.53728307e-08
   2.03510993e-07 -9.14378173e-09]]
--------------------------------------------------------------------------------

KEY: weights
--------------------------------------------------------------------------------
[[-0.01205135  0.03625029 -0.01056978 ...  0.01414312  0.02372311
  -0.0441517 ]
 [ 0.02346226  0.00270919 -0.00819289 ...  0.0074939  -0.00659159
  -0.00486811]
 [-0.01744031 -0.02562076  0.0241237  ... -0.00396796  0.0242996
   0.00712366]
 ...
 [-0.01695122 -0.01974319  0.03872547 ...  0.05487479  0.0274716
   0.01455344]
 [-0.00968423 -0.01190178 -0.02848986 ...  0.02943737  0.00159197
   0.01313683]
 [-0.01589763 -0.03557767 -0.00507063 ... -0.02613357  0.02111479
  -0.00707634]]
--------------------------------------------------------------------------------

KEY: mask
--------------------------------------------------------------------------------
1.0
--------------------------------------------------------------------------------

KEY: biases
--------------------------------------------------------------------------------
0.0
--------------------------------------------------------------------------------

====================================================================================================
FILE: block0_E_q.npz
====================================================================================================

KEY: key
--------------------------------------------------------------------------------
[3819958536  883341071]
--------------------------------------------------------------------------------

KEY: outputs
--------------------------------------------------------------------------------
[[ 0.0000000e+00  0.0000000e+00  0.0000000e+00 ...  0.0000000e+00
   0.0000000e+00  0.0000000e+00]
 [-1.5716464e-12  8.0116226e-12  1.7513557e-12 ... -3.8156392e-12
   5.5884850e-12 -6.1576998e-12]
 [-1.2629539e-11 -6.0880012e-12 -1.1542345e-11 ...  8.7384613e-12
   1.0249484e-11 -2.2189921e-12]
 ...
 [ 4.3187173e-12  7.5584471e-13 -1.9545563e-14 ... -2.1907064e-13
  -1.7968059e-12  2.3489253e-12]
 [ 8.4204047e-13 -1.8382279e-12 -3.3369215e-12 ...  2.1261823e-12
  -6.7968595e-12  8.5069500e-13]
 [-9.5548732e-13  1.0577551e-12  2.4004022e-13 ... -1.8039595e-12
   3.2312908e-13 -1.7947606e-12]]
--------------------------------------------------------------------------------

KEY: weights
--------------------------------------------------------------------------------
[[-0.02801786 -0.00552407 -0.02790398 ... -0.0147442   0.00877572
   0.00014607]
 [ 0.00041516 -0.00158647  0.01510279 ...  0.03174542 -0.01564066
  -0.01259742]
 [ 0.04021448  0.00998135  0.01408999 ... -0.01806767  0.02970414
   0.01855798]
 ...
 [-0.01252691  0.01140139 -0.03022034 ... -0.00092079  0.01588869
   0.00157331]
 [-0.0020902  -0.00690599 -0.01329377 ... -0.00742595 -0.0164279
   0.00316898]
 [ 0.00044878  0.03864008  0.01446361 ... -0.0359403  -0.01752768
  -0.02036864]]
--------------------------------------------------------------------------------

KEY: mask
--------------------------------------------------------------------------------
1.0
--------------------------------------------------------------------------------

KEY: biases
--------------------------------------------------------------------------------
0.0
--------------------------------------------------------------------------------

====================================================================================================
FILE: block0_E_v.npz
====================================================================================================

KEY: key
--------------------------------------------------------------------------------
[2369319486 3267130378]
--------------------------------------------------------------------------------

KEY: outputs
--------------------------------------------------------------------------------
[[ 8.7756507e-07 -7.9546962e-06 -5.5107962e-06 ...  9.2120326e-06
   1.1254409e-05 -3.8176590e-06]
 [ 2.0662711e-07 -3.3064705e-06 -2.6051684e-06 ...  4.7732037e-06
   7.4615573e-06 -2.6920554e-06]
 [-6.8817528e-08 -1.8549513e-06 -1.8596062e-06 ...  2.9431656e-06
   5.9038784e-06 -2.0648893e-06]
 ...
 [-3.6140613e-09 -1.1642635e-08 -8.9830019e-09 ... -7.3987647e-09
   1.3950134e-08  8.4720864e-10]
 [-2.3702453e-09 -7.5697351e-09 -5.8415837e-09 ... -5.0106661e-09
   9.1841521e-09  6.0267902e-10]
 [-1.1965454e-09 -3.7460870e-09 -2.8100420e-09 ... -2.4673239e-09
   4.5864659e-09  3.4063324e-10]]
--------------------------------------------------------------------------------

KEY: weights
--------------------------------------------------------------------------------
[[ 0.01132413 -0.011713    0.00530088 ... -0.02322941 -0.00441041
   0.00012199]
 [ 0.03159692  0.00140014  0.01269248 ...  0.02941689  0.01926131
   0.01076633]
 [-0.00731198 -0.00214639  0.00544173 ... -0.00949459  0.02589135
   0.01122129]
 ...
 [ 0.00790688 -0.00212613 -0.0085756  ... -0.01708278 -0.00774017
  -0.03641907]
 [-0.01502706  0.00387479 -0.03720383 ... -0.04550494  0.00921842
   0.0079875 ]
 [-0.01975335  0.00314522 -0.05170007 ...  0.01800936  0.01632644
   0.02736898]]
--------------------------------------------------------------------------------

KEY: mask
--------------------------------------------------------------------------------
1.0
--------------------------------------------------------------------------------

KEY: biases
--------------------------------------------------------------------------------
0.0
--------------------------------------------------------------------------------

====================================================================================================
FILE: block0_W_attn_out.npz
====================================================================================================

KEY: key
--------------------------------------------------------------------------------
[ 842692664 2260566837]
--------------------------------------------------------------------------------

KEY: outputs
--------------------------------------------------------------------------------
[[ 6.7461916e-04 -1.0816997e-04 -1.1890527e-03 ...  1.0754481e-03
   5.5457803e-04  8.8138453e-04]
 [ 4.4126314e-04  1.8696423e-04 -6.2036392e-04 ...  7.8204146e-04
   3.0147497e-04  8.4553647e-04]
 [ 2.8581955e-05  4.7118455e-04 -1.5506955e-04 ...  7.8715367e-04
   4.7994367e-04  7.8617776e-04]
 ...
 [ 2.9326564e-05  1.4931412e-04 -4.1593470e-05 ... -1.1135566e-05
  -3.2144777e-05  6.6770808e-05]
 [ 8.1262560e-06  1.4124694e-04 -3.5401670e-05 ... -1.5956472e-05
  -5.0919018e-05  6.2624691e-05]
 [ 7.3213837e-06  1.5020916e-04 -3.0917694e-05 ... -1.7723674e-05
  -5.5400509e-05  5.5900873e-05]]
--------------------------------------------------------------------------------

KEY: weights
--------------------------------------------------------------------------------
[[ 0.00124184 -0.00848951  0.00752517 ... -0.00277906 -0.00284636
  -0.00607582]
 [ 0.00303947  0.00041392 -0.00632525 ... -0.00060549  0.02586725
  -0.01090456]
 [ 0.01176871 -0.0006798   0.00613129 ... -0.01919648  0.00677383
  -0.00151321]
 ...
 [ 0.00544307  0.00595527  0.0037115  ...  0.01651697  0.00644083
  -0.01387365]
 [ 0.01451581 -0.00835804 -0.00712623 ... -0.0006342   0.01617657
  -0.00083757]
 [ 0.00464331 -0.01120763 -0.00818478 ...  0.00594333  0.00890335
  -0.00352476]]
--------------------------------------------------------------------------------

KEY: mask
--------------------------------------------------------------------------------
1.0
--------------------------------------------------------------------------------

KEY: biases
--------------------------------------------------------------------------------
[[-1.1785275e-07  4.7609973e-07  1.5131117e-07  1.8953986e-07
   1.5415637e-07 -1.5598560e-07  3.1216368e-07  2.3543676e-07
  -4.2104611e-07  7.0186317e-08 -4.8353087e-07  2.5664843e-08
  -7.5017363e-07  1.1021244e-07 -2.6148564e-07 -1.7254204e-06
  -6.2173672e-07 -5.8882210e-07  6.1623138e-07 -1.9212487e-07
  -1.4092328e-06 -5.8324576e-07 -1.3244691e-07 -1.5821095e-07
   3.1452402e-08  9.6666746e-08 -8.7634430e-07  7.9311644e-07
   3.3812628e-07 -8.9994948e-08  4.1654070e-07 -7.8262934e-07
   2.9743623e-08 -5.6206596e-07  5.9836674e-07  6.2529102e-07
   4.0838182e-07 -1.6913124e-07  8.2700035e-07  4.9768539e-07
   4.8152765e-07  1.0949120e-07  6.2222705e-07 -2.2789698e-07
   5.8866243e-07 -8.9844355e-07 -9.6977033e-07 -1.5174942e-08
  -1.3223593e-06  7.0046462e-07 -2.2300350e-08 -1.2136484e-06
   3.8503939e-07  4.0094952e-07 -2.0477654e-07  5.2874884e-07
  -4.1957030e-08  2.9863389e-07  2.0046117e-07  2.7532150e-07
  -3.9636689e-07 -6.0780906e-07 -2.0358864e-07 -7.5045114e-07
   5.8858211e-07 -7.9719632e-07 -1.3222311e-07  5.5914580e-08
  -5.1141285e-07 -4.3329385e-07 -6.8381661e-07 -1.5973627e-07
  -9.0287649e-08 -4.6232390e-07  6.0694396e-07  2.3013914e-07
  -1.0812371e-06  1.7964962e-06  1.2426405e-06  1.0276500e-06
  -5.7178312e-07  9.3202452e-08 -1.9784197e-07 -7.5614054e-07
  -3.3624329e-07 -1.5017268e-07  2.2519563e-07 -6.9612878e-07
   6.4471055e-07  5.9784219e-07 -3.6674220e-07 -4.9298058e-07
   2.5621605e-07  3.9637177e-07  4.0027149e-07 -4.1571209e-07]]
--------------------------------------------------------------------------------

KEY: dWeights
--------------------------------------------------------------------------------
[[-2.5392808e-07  7.8358511e-07  6.7310685e-07 ...  8.1743792e-08
   2.4216408e-07 -2.4366778e-07]
 [ 2.1428725e-07  7.7861102e-08  1.1584391e-07 ...  5.1514161e-07
   4.8867156e-07 -1.5047067e-07]
 [ 2.3629980e-07 -6.9175701e-07 -2.7597790e-07 ... -5.8692746e-07
  -3.9641969e-07  2.4547109e-07]
 ...
 [ 8.0865988e-08 -5.9501281e-07 -5.7052063e-08 ... -1.0683222e-08
   1.5202771e-07 -9.5257448e-08]
 [ 2.3366087e-07 -3.5921232e-07 -3.5773047e-07 ...  6.7152847e-08
  -1.6059779e-07  2.0504082e-07]
 [ 3.2012787e-07 -6.8524088e-07 -4.9593444e-07 ...  2.8724372e-07
  -1.2920532e-07 -3.8073793e-08]]
--------------------------------------------------------------------------------

KEY: dBiases
--------------------------------------------------------------------------------
[[ 1.8544409e-04 -4.9548998e-04 -2.3981066e-04 -2.9701713e-04
   2.8073299e-04  1.2864388e-04 -2.1863848e-04 -1.2980509e-04
   2.7824991e-04 -1.1573418e-04  3.1247851e-04  2.1410384e-04
   5.4717745e-04  8.1084923e-05  1.5537188e-04  1.3141930e-03
   3.9989612e-04  4.4143561e-04 -2.1364511e-04  4.5346002e-05
   8.7947573e-04  3.8080986e-04  1.9031219e-04 -5.3903286e-06
   1.2981755e-04 -3.7008453e-05  4.4351461e-04 -5.5807817e-04
  -1.6754026e-04 -5.8723572e-07 -5.8558362e-05  5.0712278e-04
  -7.0800954e-05  2.1985770e-04 -4.8281241e-04 -4.4257951e-04
  -6.8232468e-05  2.6262415e-04 -5.2746589e-04 -1.7524969e-04
  -4.0527905e-04 -9.9388686e-05 -3.6381025e-04  3.4516864e-04
  -4.2388498e-04  7.0046587e-04  5.6374318e-04  1.3536686e-04
   9.0643839e-04 -3.2494936e-04  1.2882917e-04  1.0703403e-03
  -2.2921995e-05 -2.6525604e-04 -1.6346839e-04 -4.5817197e-04
   1.3341488e-04  4.0500778e-05 -1.2355912e-04 -2.2532485e-04
   1.5715515e-04  3.4539402e-04  1.4230795e-04  5.1115756e-04
  -3.2150251e-04  4.1270160e-04  1.5093277e-05 -4.9490169e-05
   2.0088936e-04  2.5469944e-04  4.5824738e-04 -4.5856148e-05
  -3.5092417e-05  2.4255096e-04 -5.1687274e-04 -5.9363596e-05
   6.2123430e-04 -1.2488412e-03 -7.4112404e-04 -6.6215155e-04
   3.8968524e-04 -2.2340173e-04  2.0600948e-04  5.3937139e-04
   3.6015821e-04  2.8570450e-04 -3.0002632e-04  4.6716517e-04
  -5.0753844e-04 -5.6177820e-04  3.5534825e-04  2.8830345e-04
  -9.6837466e-05 -2.6357814e-04 -1.2951803e-04  1.6471907e-04]]
--------------------------------------------------------------------------------

====================================================================================================
FILE: block0_W_k.npz
====================================================================================================

KEY: key
--------------------------------------------------------------------------------
[ 959989322 1293897352]
--------------------------------------------------------------------------------

KEY: outputs
--------------------------------------------------------------------------------
[[ 1.7121733e-03  7.5120013e-04  2.6539955e-03 ...  4.4813715e-03
  -3.2605589e-03 -1.9883257e-03]
 [ 2.4357729e-03 -8.1210816e-04 -3.2624758e-03 ...  5.5060200e-03
   8.6590452e-03  2.0320441e-03]
 [ 7.6779659e-04  7.3782802e-03  5.2709249e-04 ... -9.6903648e-05
   6.9519836e-03 -4.4214306e-03]
 ...
 [ 1.0589713e-02  2.2207396e-03  1.2794513e-03 ... -5.7684947e-03
   4.0980889e-03  3.3891289e-03]
 [-2.2073162e-03 -4.5458162e-03  5.4633985e-03 ...  2.1626544e-03
  -2.3127589e-03  8.7308772e-03]
 [-2.4913545e-03  1.7775774e-03  3.8455848e-03 ... -1.4777720e-03
   3.3376823e-04 -5.9893606e-03]]
--------------------------------------------------------------------------------

KEY: weights
--------------------------------------------------------------------------------
[[ 0.00202762  0.03030961  0.04365659 ... -0.00497709 -0.00110854
  -0.00279777]
 [ 0.00706732  0.01872716  0.00482158 ... -0.00512238 -0.01339946
   0.02111526]
 [ 0.01960075  0.02801838  0.03240758 ... -0.00551778  0.0091712
   0.01353074]
 ...
 [-0.01450664 -0.03280858  0.03201282 ...  0.00985415 -0.03064361
   0.02796551]
 [ 0.01545524  0.03019818 -0.02001039 ... -0.01264405 -0.01799219
  -0.00542984]
 [ 0.02696605 -0.00665451  0.00242066 ...  0.0139486   0.00239466
  -0.0323911 ]]
--------------------------------------------------------------------------------

KEY: mask
--------------------------------------------------------------------------------
1.0
--------------------------------------------------------------------------------

KEY: biases
--------------------------------------------------------------------------------
[[ 3.7409320e-13  7.0378068e-13  2.0955567e-13 -2.7353071e-13
   7.1311262e-13  5.3336665e-13 -1.3247095e-12  2.8326240e-13
   6.2165323e-13  5.6954533e-13 -1.4502811e-13  1.6728757e-13
  -4.6038623e-13  2.1264902e-12  1.1784519e-12  1.0726714e-12
  -8.4868717e-13 -2.3004363e-12  3.7419314e-13 -8.7580510e-14
   1.6810622e-12  1.3073694e-12 -2.6449665e-12  7.6890285e-13
  -6.1384654e-13  6.2443614e-14 -2.8480202e-13 -3.2219987e-13
   4.9768084e-13 -5.4170492e-13  2.7790034e-13  4.9440524e-13
   4.1449307e-13  7.1382380e-14  1.6860017e-13 -1.4428815e-13
   1.3046531e-12  3.6327519e-13 -8.7120280e-13 -7.0121188e-13
  -3.1092192e-13  8.8166719e-13  7.7099557e-13  5.3993013e-13
   9.7678473e-13  1.3318255e-13  1.3321068e-12 -7.2790102e-14
  -1.4129470e-12 -5.7904887e-14 -3.9182310e-13  7.8233718e-14
  -7.4371406e-13 -3.7019107e-14 -3.7974680e-13 -2.5986895e-13
  -1.4512732e-13  6.3704636e-14  2.3535449e-13  3.8328398e-13
   2.4496364e-13  3.7906793e-13  2.2634764e-13  1.7699161e-13
   5.8390077e-13 -9.5565244e-13 -1.1282046e-12 -4.3739291e-13
   1.6350535e-12  7.8503854e-14  1.2026928e-12 -7.1263118e-13
   1.2306085e-12  3.5587692e-13  4.1362953e-13  8.6100717e-13
  -1.3908595e-12  5.1862307e-13 -9.5306488e-13 -3.8485556e-13
  -8.3997522e-13 -3.8224930e-13 -2.0181296e-13 -4.0834933e-13
   1.9073601e-12 -4.4307968e-13  5.5125181e-13 -2.0072141e-13
  -8.9622325e-13 -9.9829465e-13 -1.1676302e-13 -1.2182212e-12
  -4.0121284e-13 -9.4254704e-13 -6.3646462e-13 -6.2111519e-13]]
--------------------------------------------------------------------------------

KEY: dWeights
--------------------------------------------------------------------------------
[[-6.94257282e-12 -3.43253516e-11  1.25764095e-11 ...  2.30906631e-11
   3.98235611e-11  3.83799555e-11]
 [ 2.19674712e-11  3.68921976e-11  1.65838541e-11 ...  7.22199991e-12
  -1.50774219e-11 -1.47420270e-11]
 [ 1.61519704e-11 -1.07240007e-11 -2.24970320e-11 ...  5.02670579e-11
   3.39358576e-11  4.87924735e-11]
 ...
 [ 2.20515169e-11  2.08383519e-11  2.34279766e-11 ...  1.09359917e-11
   1.06544773e-11  2.11005415e-11]
 [-1.02564172e-11 -4.51692676e-11 -6.74438283e-12 ... -1.89545220e-11
   1.11789787e-11  2.16072779e-13]
 [-1.78928556e-11 -2.43628260e-11 -1.10699418e-11 ... -9.48012762e-12
  -1.76966202e-11 -6.74307311e-12]]
--------------------------------------------------------------------------------

KEY: dBiases
--------------------------------------------------------------------------------
[[ 1.5455742e-10  3.8381276e-10 -2.2465159e-10  9.8048147e-10
  -7.6842016e-10 -6.4950467e-10  1.1277332e-09  4.4449544e-10
  -4.6074763e-10 -3.2561992e-10  8.3071869e-11 -1.6578711e-10
  -8.9568020e-10 -2.5086300e-09  4.9071391e-10 -7.2616024e-10
  -8.1611012e-10  2.0305637e-09 -1.9312976e-09  3.4976605e-11
  -2.5300212e-10 -1.4683916e-09  2.4095654e-09 -7.5722750e-10
   6.5262418e-10 -2.2732816e-10 -7.6109521e-11  3.6017528e-10
  -1.0867217e-09  4.6339815e-10 -5.1625415e-10 -4.8699222e-10
  -2.7353239e-10 -1.2512009e-10 -9.6090191e-11 -3.8176538e-11
  -4.5488882e-10 -1.7821775e-10  3.6654696e-10 -5.1139332e-10
   1.2821452e-11 -3.9121187e-10 -5.9806765e-10 -3.0172051e-10
  -3.4955788e-10 -1.6707793e-10 -7.2348894e-10  1.1775037e-10
   3.4435066e-10  3.9306139e-10  2.3326774e-10  5.0669979e-10
   1.6901953e-10 -4.8066140e-10  1.3083590e-10 -2.3636026e-10
  -1.2674387e-10  2.9732050e-11 -1.6795348e-10 -9.6658986e-11
  -9.0039204e-10 -9.5215025e-10 -3.2747055e-10 -2.4400656e-10
   2.7336428e-10  4.8046828e-10  1.8002515e-09  1.0832967e-09
  -2.0524007e-09 -4.2218046e-10 -1.7159444e-09  1.0020180e-09
  -2.2566637e-09 -1.2267318e-09  6.2135008e-10 -2.4957529e-09
   2.4265012e-09 -1.2099348e-09  6.1801331e-10 -4.5600995e-10
   1.4370668e-09  1.0910270e-09  6.5858707e-10  6.3150518e-10
  -3.6994369e-10  5.1750859e-10  3.6044284e-10 -1.7694581e-10
  -2.3759619e-11  2.8591490e-11 -5.2363336e-11  4.2463882e-10
  -2.7149816e-10  6.2985256e-10  3.7950068e-10  2.5126290e-11]]
--------------------------------------------------------------------------------

====================================================================================================
FILE: block0_W_mlp1.npz
====================================================================================================

KEY: key
--------------------------------------------------------------------------------
[ 156952300 2388643272]
--------------------------------------------------------------------------------

KEY: outputs
--------------------------------------------------------------------------------
[[ 5.3067586e-05  4.9012982e-05  1.8313009e-05 ... -9.5338488e-05
   1.7297003e-05 -1.2975403e-04]
 [ 3.4068122e-05  1.3651030e-05 -3.6863883e-05 ...  2.3375762e-05
   1.2851415e-05 -5.2950512e-05]
 [ 2.9741590e-05 -2.5286108e-05 -1.5769319e-05 ...  7.2298979e-05
  -6.9717782e-05 -9.0303700e-05]
 ...
 [-1.8807333e-06 -8.3045497e-06 -7.7599651e-07 ... -1.4185309e-05
  -1.5094588e-06 -2.5203053e-05]
 [-2.2441855e-06 -7.2642119e-06 -2.0732059e-06 ... -1.6045731e-05
  -1.9018354e-06 -2.4242057e-05]
 [-5.2041207e-07 -7.8050680e-06 -4.1897756e-06 ... -1.8651772e-05
  -3.1737670e-06 -2.4598903e-05]]
--------------------------------------------------------------------------------

KEY: weights
--------------------------------------------------------------------------------
[[-0.01205135  0.02346226 -0.01744031 ... -0.01695122 -0.00968423
  -0.01589763]
 [ 0.03625029  0.00270919 -0.02562076 ... -0.01974319 -0.01190178
  -0.03557767]
 [-0.01056978 -0.00819289  0.0241237  ...  0.03872547 -0.02848986
  -0.00507063]
 ...
 [ 0.01414312  0.0074939  -0.00396796 ...  0.05487479  0.02943737
  -0.02613357]
 [ 0.02372311 -0.00659159  0.0242996  ...  0.0274716   0.00159197
   0.02111479]
 [-0.0441517  -0.00486811  0.00712366 ...  0.01455344  0.01313683
  -0.00707634]]
--------------------------------------------------------------------------------

KEY: mask
--------------------------------------------------------------------------------
1.0
--------------------------------------------------------------------------------

KEY: biases
--------------------------------------------------------------------------------
[[ 3.11524559e-07  1.95463574e-08  3.52964200e-08  2.24387577e-07
  -2.38866818e-07 -1.44467535e-07  1.48255239e-07  1.63801872e-07
  -2.78514403e-08  2.32831738e-07 -1.41878147e-07 -7.11196861e-08
  -2.84365200e-07  1.37010208e-08 -1.07815808e-07  7.98595750e-08
  -2.33601384e-07 -2.91162593e-07  1.23503483e-08  5.52022179e-08
  -1.29666503e-07  2.56824837e-08 -1.19294370e-07  1.67468954e-07
   1.30491429e-07  9.19648642e-08  1.23817941e-07  1.94670221e-07
  -2.29093942e-07 -1.36359859e-07 -9.32729094e-08  9.58234025e-08
  -1.48422217e-07 -1.04448084e-07  6.63362982e-08 -1.10660444e-07
   1.18735591e-10  4.66043645e-07  1.47306537e-07 -1.32470419e-07
  -2.11247677e-08  1.55653339e-07 -1.06362641e-07 -1.74691209e-07
  -3.09632981e-07 -9.10957425e-08  1.19872297e-07  7.93348054e-09
   1.12942736e-07 -3.24382796e-08 -7.50589457e-09 -3.62553259e-08
   1.26420957e-07  8.65188721e-09 -1.21555146e-07 -4.66244252e-08
  -2.42556666e-07 -3.18653747e-07 -4.30060282e-07 -7.14552861e-09
  -1.34280915e-08  8.30188824e-08  2.13775252e-07 -1.64879935e-07
  -1.10764773e-07 -3.27885374e-07 -3.17505283e-07  6.95439084e-08
  -2.81499268e-07 -1.31964262e-08 -5.81781689e-09 -7.57367715e-08
   1.88265801e-07  1.50229113e-07  3.45294140e-08  1.19388559e-07
   1.74693767e-07 -1.92670427e-07 -7.86140006e-08  1.27523705e-07
   1.14836119e-07  8.25443180e-08 -6.13659950e-08  1.31436373e-08
  -6.44760050e-08  5.65350291e-08  7.86789229e-08  7.13162081e-08
   1.64808810e-07  9.88039162e-08 -1.06418945e-07 -1.13356499e-07
   8.42618348e-08 -2.70012180e-07 -1.70488264e-08 -8.50181081e-08
  -1.58838886e-09  1.04133306e-08  1.49362350e-07  2.92982261e-08
  -1.48730123e-07  9.85717534e-08 -2.22209771e-08  3.32338743e-08
   1.79730861e-07  7.01624217e-08 -1.15618285e-07 -2.20862646e-07
   3.88293238e-08  4.48086368e-08  1.41729384e-08 -1.99419517e-07
   2.22432305e-07  1.40228593e-07  1.27660314e-07 -8.80404443e-08
  -1.05134932e-08  7.36109342e-08  1.75843994e-07 -2.74472853e-07
   4.82665854e-08 -1.14868406e-07  1.41659129e-07 -1.44745398e-08
  -1.82533650e-08  1.51345915e-07  1.30259735e-07 -1.50107624e-07
  -1.02328308e-07 -1.15808263e-07  4.17706971e-08 -2.91526661e-08
   4.38189090e-07  1.41354320e-07  2.48805900e-08 -4.87408514e-08
  -1.90931488e-07  2.31593432e-07 -7.94318424e-08  7.04322716e-08
   1.56505493e-07 -3.75611364e-07  1.87079223e-07 -1.11822111e-07
  -2.27485629e-07  7.71399442e-08  2.30967828e-07 -5.91507607e-08
  -7.73506130e-08  1.49984217e-07 -2.35692184e-07 -1.02560769e-07
  -1.88568343e-08 -3.65357167e-08  1.68407809e-07 -1.26359589e-08
   9.40434006e-08 -8.54442916e-08 -1.52630818e-07 -4.59369538e-08
   1.22644920e-07  4.91896408e-08  1.58295705e-07 -9.13001514e-08
  -5.36672324e-08  8.12294143e-09  4.56273561e-08 -1.98321786e-07
  -8.10218168e-08  6.44960608e-07  6.87902144e-08  2.19547672e-07
   8.51069757e-08  1.02627652e-07 -2.29448158e-08 -9.47852783e-08
   2.19443038e-07  6.10873485e-09 -1.21278049e-07  1.20325126e-07
  -1.40076025e-07  1.29836252e-07  1.75994387e-07  1.62238152e-07
  -4.05985752e-08 -2.69894826e-07 -8.70521575e-08 -2.17654474e-07
   7.37628483e-08 -2.32612365e-07  4.47700579e-08  1.27007937e-07
  -2.23974851e-07 -2.71835709e-08 -1.87410251e-07  5.41716254e-08
  -1.13731915e-07  6.51025900e-08 -9.29406525e-08  3.47071456e-08
  -2.82434854e-07  1.02201255e-07 -1.31765802e-07  3.22024860e-08
   6.72495020e-08 -5.53898527e-09  7.46781623e-08 -2.25717702e-08
   1.42685124e-07 -1.46194083e-07 -5.02041324e-08  7.31559666e-08
  -8.43630321e-09  7.68062023e-08  1.15589771e-07  1.43950260e-07
  -1.85095814e-08  3.17446514e-08  1.82715226e-07 -6.45814513e-09
   5.31995674e-08 -5.41077085e-08 -1.18224357e-07  3.07204573e-08
   3.75332377e-07  1.53711923e-07  3.44247404e-08 -5.14380289e-08
  -4.92116676e-08  8.59896403e-08  6.92295004e-08 -9.38786400e-08
  -1.90421630e-07  5.69247263e-08  8.68979342e-08 -2.70410059e-08
  -1.19299600e-07 -4.89139360e-08 -1.53550417e-07  1.42378013e-07
  -9.46668663e-08 -2.11734204e-07  1.30514380e-07 -4.33606289e-08
  -1.76794597e-08  3.25790630e-08  1.94320180e-07  1.85779214e-07
   4.01615026e-08  3.23279920e-07 -1.33463502e-07 -7.56955529e-08
   1.06849363e-07  1.96609733e-08  4.77296958e-08 -4.16407921e-08
   1.50841771e-07  3.14413654e-07  2.17298194e-07  2.16034564e-07
  -4.39756178e-07 -9.14100937e-08  1.37496428e-07  6.69501787e-08
  -1.68827654e-07  6.45503704e-08  1.14195657e-07  8.15771912e-08
   4.52448532e-08 -2.02391519e-07 -1.20946424e-07  1.90331392e-07
   3.91229605e-07 -1.16012970e-07 -8.83589948e-08  1.73666621e-07
  -1.93105166e-07  1.26792116e-07  7.55473479e-08 -6.71175044e-08
  -2.17635943e-07 -1.93009114e-07  1.13295336e-07 -7.17731012e-08
   2.35211687e-07  2.29968222e-07  1.32412964e-07 -8.84691573e-08
  -2.28541470e-08 -8.82257893e-08  1.43947290e-07 -2.12232223e-07
  -2.54082522e-07 -1.20352894e-07 -1.34666678e-07  1.55240173e-07
   1.47490240e-07  2.57778424e-07  6.38293116e-08 -1.56038851e-07
  -2.84785131e-07  1.77811160e-07 -2.12673712e-07  2.56651305e-07
   1.38551314e-07 -3.68457549e-08 -5.42169296e-08 -3.27433725e-07
  -1.21642842e-07  8.33626501e-08 -1.38528131e-08  5.63182851e-08
  -1.36500660e-07  2.36300195e-07  6.49949783e-08  6.01968608e-08
  -3.02328658e-07 -3.20819396e-07 -1.83607042e-07 -1.88274001e-07
   1.26976587e-07  2.74612884e-08 -3.24407736e-08  3.18396687e-08
   1.10414994e-07  9.72493481e-08 -1.08524212e-07 -1.07895914e-07
   1.52764898e-07 -7.37221484e-08 -4.44263790e-08  1.50377417e-07
  -2.36230846e-07  3.73020725e-07 -4.10505478e-08 -1.32199931e-08
   9.93895881e-08  1.34488175e-07 -3.64105723e-08 -1.17913416e-07
   1.06620469e-07 -7.10185901e-08  8.90321203e-08 -9.95477478e-08
  -3.32780019e-07  2.06825973e-07 -8.97422368e-08 -5.31321653e-08
   2.93637299e-07  1.05457225e-07 -1.05797369e-07 -9.87376225e-08
   3.32776381e-07  1.62925033e-07 -5.89725602e-08 -1.17864829e-08
  -1.70614854e-07 -6.40611972e-08 -2.00700256e-07 -8.45023873e-09
  -2.83511412e-07  2.79645633e-07 -2.02593526e-07  5.15488878e-08
  -9.49987466e-08 -2.10193392e-07 -2.19575060e-08 -2.80091896e-08
  -1.93253641e-07 -6.32778665e-08 -4.14297858e-08 -3.20669699e-07
   1.34615874e-08 -1.13751774e-07 -1.28932811e-07 -1.02443316e-07
   1.27734936e-07 -2.01434233e-07 -1.36678892e-07  4.13490540e-08
   2.75663695e-07 -6.27383159e-08 -1.97563551e-07  7.46642357e-08]]
--------------------------------------------------------------------------------

KEY: dWeights
--------------------------------------------------------------------------------
[[-2.9322091e-09  1.2679188e-08 -6.1567529e-09 ...  1.5379753e-09
   1.0441897e-08 -4.1268300e-09]
 [ 1.4661880e-08 -4.9500040e-09  4.0593959e-09 ... -1.1287699e-09
  -1.8565389e-08 -4.9500435e-09]
 [ 1.4306718e-08 -1.5550937e-08  8.2436760e-09 ... -1.6964474e-09
  -1.9988429e-08  3.6610123e-10]
 ...
 [ 1.0815886e-08 -6.7224754e-10  1.4486478e-09 ...  3.8663424e-09
  -3.8245735e-09  4.0853019e-11]
 [-5.5948162e-09 -3.4093843e-09  1.1241804e-08 ...  5.1133573e-09
  -4.7435722e-09 -3.6419905e-09]
 [-4.6113691e-09  7.0730719e-09  3.7838840e-10 ... -4.8937626e-10
   2.4429760e-09 -7.8349851e-09]]
--------------------------------------------------------------------------------

KEY: dBiases
--------------------------------------------------------------------------------
[[-2.07944511e-04 -7.22007371e-06 -2.27558776e-05 -1.85748504e-04
   1.11725123e-04  1.71449123e-04 -1.36914401e-04 -1.73604130e-04
   5.17869557e-05 -1.84314355e-04  8.81097440e-05  2.75152015e-05
   1.98974594e-04 -1.47725968e-05  6.12886870e-05 -8.20792920e-05
   1.59286894e-04  1.50072359e-04 -9.05279194e-06 -7.79922557e-05
   6.17121987e-05 -2.40526242e-05  8.94646801e-05 -8.14523082e-05
  -1.35551207e-04 -1.27880034e-04 -5.49837168e-05 -1.39679061e-04
   1.15924304e-04  9.36333454e-05  4.59944276e-05  2.69756401e-06
   1.28000131e-04  8.42901645e-05 -2.56780768e-05  7.51357438e-05
   3.70047783e-05 -2.87997886e-04 -1.13809358e-04  1.21982150e-04
   1.05440904e-05 -1.85822937e-04  7.53458444e-05  1.13471309e-04
   2.25853844e-04  2.07443500e-05 -1.04415798e-04 -2.83582049e-05
  -8.09228368e-05  1.90563878e-05  2.95014197e-05  5.12686638e-05
  -1.27977371e-04 -1.99880233e-05  8.10277561e-05  1.71829481e-06
   8.67076451e-05  2.24633957e-04  2.87567062e-04  5.13293780e-05
   3.90654259e-06 -1.55514099e-05 -1.42687975e-04  1.27084451e-04
   4.79496339e-05  2.01273069e-04  1.81658659e-04 -4.58610084e-05
   2.29993515e-04 -3.51991039e-05  1.17553409e-05  8.89930234e-05
  -1.57523580e-04 -6.42526065e-05 -2.43776267e-05 -3.97103649e-05
  -1.59590782e-04  1.21859171e-04  9.84498984e-05 -8.54988029e-05
  -4.77554713e-05 -3.77338110e-05 -7.35828098e-06  3.45662484e-05
  -2.86956333e-06 -5.66366070e-05 -9.13549302e-05 -1.66968857e-05
  -7.20587268e-05 -3.49922557e-05  3.40240840e-05  4.19306052e-05
  -7.09633168e-05  1.82967982e-04  5.70013399e-05  3.22018095e-05
   2.75821258e-05  4.81073839e-05 -8.36418549e-05 -1.27346466e-05
   1.10029716e-04 -9.00285449e-05  1.73733424e-05  3.57224853e-05
  -1.29679000e-04 -3.44410910e-05  8.38688356e-05  1.77531256e-04
  -3.07230657e-05  1.50766082e-05 -3.65842716e-05  1.39741285e-04
  -1.36536750e-04 -8.67110357e-05 -3.89253000e-05  3.40364786e-05
  -2.29336529e-05 -1.01857018e-04 -1.43712765e-04  1.34770875e-04
   2.03815785e-06  1.18696975e-04 -1.11887784e-04 -2.20486095e-06
   5.38002132e-05 -8.25026073e-05 -4.65101548e-05  6.17871847e-05
   9.89401669e-05  8.51132791e-05 -1.67909775e-06  5.97900471e-05
  -2.45827425e-04 -8.03047951e-05  1.48586360e-05  7.52025517e-05
   1.11805872e-04 -9.14624761e-05 -1.04590426e-05 -5.37276283e-05
  -9.81899648e-05  2.75565544e-04 -1.27676118e-04  7.63157150e-05
   1.49883475e-04  2.14372885e-05 -2.15674081e-04  2.47009320e-05
   1.84665605e-05 -9.38332014e-05  1.16950163e-04  7.44674180e-05
   1.44108599e-05  1.04648039e-04 -1.53215267e-04  5.92962306e-06
  -6.05722889e-05  3.87005057e-05  7.88465113e-05  5.35597865e-05
  -7.17199655e-05 -6.07735310e-05 -9.68783716e-05  2.82196816e-05
   5.48466996e-05 -3.68154288e-05  3.52830903e-05  8.83475586e-05
  -8.37420703e-06 -4.44001955e-04 -8.01996939e-05 -1.83862459e-04
  -3.19893625e-05 -9.95817682e-05 -1.95713565e-05  4.99077987e-06
  -1.63209741e-04 -2.94174833e-06  7.87392710e-05 -5.11074650e-05
   6.64162144e-05 -1.06283042e-04 -8.22636939e-05 -8.30195349e-05
   7.15045871e-06  1.98883383e-04  4.94978231e-05  1.06321459e-04
  -6.59335856e-05  1.04469014e-04  1.96646761e-05  2.96658800e-06
   1.83584489e-04 -3.44655527e-05  8.81202286e-05 -7.01122644e-06
   5.86383903e-05 -3.38098325e-05  7.28833984e-05  4.43847966e-06
   2.44113413e-04 -5.83123910e-05  8.31212164e-05 -6.51843147e-05
  -3.18561797e-05  1.78816881e-05 -1.01039870e-04 -3.42364510e-05
  -1.01808626e-04  9.75102084e-05 -5.19908208e-05 -6.13323282e-05
   7.01654380e-06 -4.63724027e-05 -8.56626357e-05 -1.39806449e-04
   3.14139506e-05 -5.05585922e-06 -5.92019533e-05  3.55377197e-05
  -2.25143413e-05  2.14777829e-05  5.03979281e-05 -5.37131091e-05
  -2.45775591e-04 -1.10064473e-04 -5.62552086e-05 -1.82046351e-05
   4.40877302e-05 -5.32245394e-05 -6.70156587e-05  2.54880138e-06
   1.55286893e-04 -2.86199611e-05 -6.53981260e-05  4.90560560e-05
   1.53391607e-04  3.07846421e-05  1.04832521e-04 -1.08843684e-04
   4.68619182e-05  1.62288750e-04 -1.22881931e-04  5.12432343e-05
   1.59396441e-05  9.81179983e-06 -2.29636382e-04 -1.53678586e-04
  -9.33877018e-05 -1.73802488e-04  8.64956164e-05  5.67565803e-05
  -8.37132320e-05 -5.48299358e-05 -8.92718435e-06  2.75741950e-05
  -1.01459977e-04 -2.05873599e-04 -1.37424708e-04 -1.47960265e-04
   2.47448217e-04  4.22366247e-05 -5.70473239e-05  5.96416521e-06
   1.16344105e-04 -5.12980405e-05 -8.88041977e-05 -7.48965540e-05
  -5.02005059e-05  9.86609812e-05  1.09186723e-04 -1.34710819e-04
  -1.83935437e-04  1.15643568e-04  8.34215025e-05 -8.69795986e-05
   1.43977479e-04 -9.65406871e-05 -6.14983219e-05  4.15986651e-05
   1.62240409e-04  7.88512552e-05 -1.03552986e-04  8.76041304e-05
  -1.16712363e-04 -1.02844126e-04 -6.65205444e-05  7.58506503e-05
   5.10004465e-05  9.08254588e-05 -7.73199718e-05  1.34209768e-04
   2.46600219e-04  5.10817190e-05  1.17724107e-04 -1.35493203e-04
  -3.08810449e-05 -2.32455161e-04 -6.39265272e-05  1.14230308e-04
   1.77306894e-04 -1.18150761e-04  1.71098654e-04 -1.76581583e-04
  -1.08959728e-04  6.53619500e-05  5.25121723e-05  2.24289077e-04
   8.19923589e-05 -3.33424141e-05  1.09457815e-05 -6.93510628e-07
   1.31914669e-04 -1.73760345e-04  2.65613653e-05 -2.58164109e-05
   2.24878691e-04  2.27740951e-04  1.43701051e-04  1.43594894e-04
  -1.03141865e-04  3.96291580e-06  6.57924538e-05 -5.29580138e-05
  -6.93778056e-05 -5.46996962e-05  8.24180534e-05  5.25033392e-05
  -8.45692048e-05  2.12551404e-05  5.79428597e-05 -5.10519749e-05
   1.84799486e-04 -2.33387749e-04  6.85089763e-05  2.21093228e-06
  -5.32786144e-05 -1.02802005e-04 -1.50946926e-05  9.08080983e-05
  -4.93205589e-05  3.12745651e-05 -9.05367779e-05  5.45650109e-05
   1.72353684e-04 -1.57025905e-04  2.26921547e-05 -2.65931849e-05
  -1.88837323e-04 -7.44162244e-05  7.18144875e-05  7.67691818e-05
  -1.92908556e-04 -7.10396635e-05  2.55911982e-05  8.71831071e-05
   1.20057703e-04  5.81388886e-05  9.96874660e-05 -1.94804197e-05
   2.34543957e-04 -1.54165289e-04  1.36356524e-04 -9.25204149e-05
   5.05733478e-05  1.66670419e-04 -3.96750183e-05  1.65278034e-05
   7.42914417e-05  3.71007918e-05  5.97415128e-05  1.76605943e-04
   4.66623387e-05  3.66725035e-05  6.63181854e-05  8.15928215e-05
  -1.35517315e-04  1.42433870e-04  1.27384061e-04 -3.10183459e-05
  -2.09666861e-04  4.46804406e-05  1.45650862e-04 -5.18697125e-05]]
--------------------------------------------------------------------------------

====================================================================================================
FILE: block0_W_mlp2.npz
====================================================================================================

KEY: key
--------------------------------------------------------------------------------
[2710168272 1022089061]
--------------------------------------------------------------------------------

KEY: outputs
--------------------------------------------------------------------------------
[[-9.3825065e-06 -2.6673921e-05 -6.8703339e-06 ... -3.2437388e-06
  -1.1615805e-05 -2.2052466e-06]
 [-3.9636329e-06 -1.5228451e-05 -3.9406273e-06 ... -2.8845091e-06
  -1.3704273e-05 -3.4367158e-06]
 [ 2.0954326e-06 -1.3706266e-05 -6.7099390e-06 ...  1.4783476e-06
  -1.3484199e-05 -1.0545900e-06]
 ...
 [-1.2301397e-06  4.1249751e-07 -2.4894725e-06 ... -1.1925182e-06
  -1.0230337e-06  1.1729453e-06]
 [-9.8974169e-07  7.5413641e-07 -2.6015173e-06 ... -1.1310578e-06
  -1.0700002e-06  1.0275528e-06]
 [-7.3048130e-07  7.9286900e-07 -2.3263813e-06 ... -1.1047198e-06
  -8.7574585e-07  8.1844479e-07]]
--------------------------------------------------------------------------------

KEY: weights
--------------------------------------------------------------------------------
[[ 2.06474327e-02 -8.95153638e-03  8.00254289e-03 ...  1.05677557e-03
  -2.11179093e-03  1.56400390e-02]
 [-9.90393106e-03 -1.61504094e-02 -1.29286479e-02 ...  6.66956301e-04
  -5.63497742e-05  7.97828753e-03]
 [ 1.23661226e-02 -1.46713518e-02 -9.21530556e-03 ...  3.47310328e-03
   1.82907307e-03 -7.23549165e-04]
 ...
 [-1.03342915e-02  7.81561993e-03 -4.06693667e-03 ...  4.55319503e-04
  -1.16049033e-02  1.35688288e-02]
 [ 8.87266546e-03  1.04192700e-02  9.13552754e-03 ...  1.09020993e-02
   9.82631277e-03  7.86937494e-03]
 [ 1.58990938e-02 -2.59660650e-03  1.53044320e-03 ... -1.64224822e-02
  -1.19941030e-02 -1.63235739e-02]]
--------------------------------------------------------------------------------

KEY: mask
--------------------------------------------------------------------------------
1.0
--------------------------------------------------------------------------------

KEY: biases
--------------------------------------------------------------------------------
[[-3.64365533e-08 -3.48123237e-08 -7.91153987e-09 -1.53913589e-07
  -7.29972394e-09 -6.46669491e-08 -2.47770693e-08  1.55807438e-08
  -2.23947243e-08  9.65114140e-08 -7.16651769e-08 -5.13308827e-08
   2.49651908e-08 -1.24109674e-08  5.05665820e-09 -8.82290152e-09
   1.90762570e-08 -4.02005185e-08 -4.09317330e-10  5.78644554e-09
   6.35879047e-08  7.05830701e-08 -5.60426834e-08  6.21152836e-08
  -4.26062456e-08  1.04146372e-08 -5.42190790e-08 -5.20944674e-08
   1.11549596e-07  1.55863162e-08  2.37942483e-08 -4.84126659e-08
  -6.62557076e-09  2.20683427e-09 -7.89644461e-10  5.17303285e-08
   9.18767213e-08  3.27679484e-09 -3.67928052e-08 -4.13573069e-08
  -1.35015313e-07 -4.41555876e-08  3.79571796e-09  9.72954766e-08
  -1.24003385e-08  5.74155337e-08  1.65048153e-08  4.69046455e-08
  -4.03886951e-08  2.51911825e-08 -3.00373344e-08 -2.51238230e-08
   3.50461917e-08 -5.01374906e-08 -6.55364119e-08 -2.64001923e-08
  -4.51717419e-08 -1.52082489e-08  5.76638826e-08 -6.02084498e-08
   3.01068646e-08  3.41975763e-08  1.64969407e-08  2.22378098e-08
   4.74315129e-08 -3.64019606e-08 -7.19795068e-08  2.36328361e-08
   7.43464241e-08 -9.96330911e-08 -1.20199601e-07 -5.08180733e-08
  -4.44851267e-09  1.90331448e-08 -2.37968933e-08  4.39048549e-08
  -1.55075224e-08 -5.67834419e-08  4.12395407e-09  1.28745965e-08
   6.66993003e-08 -2.28401280e-08  4.80799365e-08  8.68922854e-08
  -6.53143388e-08 -6.42328590e-09  5.55132083e-08  3.57135761e-08
   1.07639728e-07 -2.70842531e-08  6.53603252e-08  2.78047523e-08
  -3.18250315e-08 -1.86400317e-08 -2.33397515e-08 -1.63197633e-08]]
--------------------------------------------------------------------------------

KEY: dWeights
--------------------------------------------------------------------------------
[[-2.5878257e-09 -1.2149843e-09  2.1387212e-09 ...  1.3645026e-09
   7.4381123e-10 -4.1719344e-09]
 [-1.8660781e-10 -7.3506645e-10  9.5046604e-10 ...  4.3186546e-10
   1.1007085e-09  6.4879035e-10]
 [-1.9189896e-09 -7.5999562e-10  3.5634434e-10 ...  1.0897836e-09
  -3.4639351e-09 -2.9652905e-10]
 ...
 [ 6.7472439e-10 -1.1007066e-10 -4.4998888e-10 ...  5.6647104e-10
  -5.6266894e-11 -2.1110844e-10]
 [ 2.7810252e-09  1.9279418e-10 -1.2086908e-09 ... -2.8301506e-10
   1.3479590e-09  1.7001228e-09]
 [ 1.5265335e-10  4.0140738e-10  1.0964433e-09 ... -4.0138898e-10
   7.9797591e-10  2.5617353e-10]]
--------------------------------------------------------------------------------

KEY: dBiases
--------------------------------------------------------------------------------
[[ 1.10673587e-04  3.79596750e-05 -1.81447365e-04  1.04969236e-04
   1.30746426e-04  5.50289515e-05  3.77247634e-05  4.00412027e-05
   6.49081776e-05  2.47273601e-05  1.09262663e-04 -2.67494870e-05
   1.96948953e-04 -2.74501190e-06  6.98499498e-05 -3.05703397e-05
  -1.80019779e-04  1.39153941e-04 -7.74355431e-05 -4.03745289e-05
  -1.18755896e-04  1.79344061e-04  8.55064281e-05 -1.70078987e-04
   1.87169178e-04 -8.21185240e-05  3.29276299e-05  3.29920185e-05
   1.25559109e-06 -2.05363940e-05  5.49787146e-05 -1.29138163e-04
   2.31510185e-05 -5.08756057e-05 -5.08207158e-05 -6.31618313e-05
  -3.77745455e-05  5.95229631e-06 -1.04206818e-04  2.75215207e-05
   1.02716702e-04 -1.48801546e-05 -2.58561049e-05 -6.55586337e-05
  -6.16148318e-05 -1.43390760e-04  1.89396851e-05 -2.67681771e-05
  -2.49244003e-05  2.80328441e-05  6.39224454e-05 -2.85899623e-05
  -1.04236940e-04  7.29173335e-05  1.51002794e-04 -1.15455288e-04
  -2.28327524e-04  1.53965029e-05  3.65807573e-05  1.13457863e-04
   2.88708761e-05 -9.86382511e-05  3.05376079e-06 -8.27600525e-05
   7.62371110e-06  8.72001037e-05  1.21093137e-04 -8.36018007e-05
  -4.10522916e-05  5.26517251e-05 -5.50014229e-05  4.99246162e-05
  -1.78090500e-04  1.65354781e-04 -4.13127054e-05 -2.22405215e-04
  -1.98641006e-04  8.44458118e-05  2.56889325e-05  4.95656677e-05
   4.97974543e-05 -1.99731236e-04 -1.09586777e-04 -3.38646467e-04
  -8.27351760e-05  2.13198291e-05  6.39275968e-05  2.34876006e-05
  -2.27531636e-05  2.28473982e-05 -3.99829805e-05 -9.27831570e-05
   2.77176092e-04 -3.19079954e-05 -9.58507153e-05  1.27853418e-04]]
--------------------------------------------------------------------------------

====================================================================================================
FILE: block0_W_q.npz
====================================================================================================

KEY: key
--------------------------------------------------------------------------------
[3706932200 3539317770]
--------------------------------------------------------------------------------

KEY: outputs
--------------------------------------------------------------------------------
[[ 2.5258402e-03  4.1255108e-03 -2.3461960e-03 ... -3.6952537e-03
   9.3274247e-03  1.0736022e-02]
 [ 9.3766360e-04  2.5407949e-03 -4.8065563e-03 ...  3.9044993e-03
  -7.2273426e-05  3.8387103e-03]
 [ 1.5743767e-04  1.6257032e-03  4.7928328e-03 ... -9.0012010e-03
   5.7227095e-05  4.1494397e-03]
 ...
 [ 5.8049327e-03  2.3842601e-03  1.9292850e-03 ...  1.1996814e-04
   4.6660593e-03  7.0176125e-03]
 [-6.5548611e-03  5.1476248e-04  7.9485672e-03 ... -8.3688356e-04
   6.7900987e-03 -3.3203859e-03]
 [ 3.6116785e-03  6.1539258e-03 -9.6420146e-04 ... -4.7409339e-03
   1.4536307e-02 -5.8983508e-03]]
--------------------------------------------------------------------------------

KEY: weights
--------------------------------------------------------------------------------
[[-0.02801786  0.00041516  0.04021448 ... -0.01252691 -0.0020902
   0.00044878]
 [-0.00552407 -0.00158647  0.00998135 ...  0.01140139 -0.00690599
   0.03864008]
 [-0.02790398  0.01510279  0.01408999 ... -0.03022034 -0.01329377
   0.01446361]
 ...
 [-0.0147442   0.03174542 -0.01806767 ... -0.00092079 -0.00742595
  -0.0359403 ]
 [ 0.00877572 -0.01564066  0.02970414 ...  0.01588869 -0.0164279
  -0.01752768]
 [ 0.00014607 -0.01259742  0.01855798 ...  0.00157331  0.00316898
  -0.02036864]]
--------------------------------------------------------------------------------

KEY: mask
--------------------------------------------------------------------------------
1.0
--------------------------------------------------------------------------------

KEY: biases
--------------------------------------------------------------------------------
[[-1.82800051e-13 -7.03512660e-13  9.70972570e-14  8.39544471e-13
   5.74432483e-13  2.55833928e-13  9.02829244e-13 -5.31284652e-13
   1.38279427e-12 -7.80394195e-13 -3.43988482e-13  6.52624059e-13
  -4.37414238e-13  6.46618176e-13 -6.56677241e-13  2.42440920e-12
  -1.47904855e-13 -3.41835631e-12  1.13740332e-12  1.94617380e-13
   6.32700381e-13 -1.08507333e-12 -4.60554338e-13 -3.19505511e-12
  -3.02942025e-13 -2.00364288e-13  2.59757900e-13  8.56746043e-14
  -2.67202818e-13  5.30982159e-13 -4.76571419e-13 -4.52573769e-13
  -3.34532911e-13 -3.16104077e-13  1.24641657e-13  2.33132605e-13
   4.14104481e-14  5.06767751e-13  3.78432772e-13 -1.24338463e-12
   1.58003179e-12 -2.69053470e-13  1.63361523e-12 -1.24222030e-12
   2.74503212e-13  1.50989345e-12 -9.14893229e-14 -1.36495958e-12
   3.07025726e-13 -6.78595635e-13  2.17360052e-13  8.19380371e-13
  -1.42124878e-14  1.38906153e-13 -3.86153376e-14  1.20202744e-13
   1.56892796e-14 -3.57570771e-13 -7.92820833e-13 -3.88377210e-13
   1.06548765e-12  1.82034604e-13  4.15065199e-13  3.97888645e-14
   3.63550553e-13  6.87363469e-13  3.98567979e-13 -1.26722537e-12
   1.29248749e-12  1.27296692e-13  1.10465463e-13  5.67523459e-13
   2.73336194e-14  1.57276969e-12  5.68107410e-13  5.06094841e-13
  -1.27329896e-12 -6.13809405e-13  7.37794496e-16  2.44418797e-13
   4.77591220e-13  3.81917330e-14  1.04341068e-14  1.04324874e-13
   5.82968840e-13 -3.32224245e-14  1.24667095e-12 -1.41413845e-13
  -1.80308771e-13  4.62523737e-13 -1.09629591e-13  1.37862310e-13
   2.63358020e-13 -1.33913749e-14 -1.80046180e-12 -4.41025932e-13]]
--------------------------------------------------------------------------------

KEY: dWeights
--------------------------------------------------------------------------------
[[ 1.7407377e-12 -4.9751466e-12  1.8243436e-11 ... -1.2700884e-11
   1.9615278e-11  2.4969207e-11]
 [ 2.6977025e-12  1.0352825e-11 -1.4391271e-11 ... -4.6084031e-12
   3.9556153e-11  8.3329446e-12]
 [-4.3140078e-11 -2.1040610e-11  4.3541620e-12 ...  7.9521927e-12
   8.1784232e-11  1.4879450e-12]
 ...
 [ 1.2435689e-11  2.1376123e-11 -1.3673149e-11 ... -1.3408575e-11
   4.0248995e-11  2.8973176e-11]
 [-7.8834611e-13  1.5402549e-11  4.9262549e-11 ... -7.7287525e-12
  -4.4793960e-11 -4.2904583e-11]
 [-8.6787556e-12 -2.3104067e-11  4.3095276e-12 ... -1.1145144e-11
  -4.4953394e-15  1.3427424e-11]]
--------------------------------------------------------------------------------

KEY: dBiases
--------------------------------------------------------------------------------
[[ 2.0368798e-10  3.9449397e-10 -5.9816541e-11 -1.1708547e-10
  -2.3755550e-10 -8.0253360e-10 -1.0878942e-10 -4.0113912e-11
  -9.2471081e-10  5.8873700e-10  1.8694503e-10 -1.8308409e-10
   1.3546971e-09 -1.1279659e-09  1.1882656e-09 -1.9604913e-09
  -1.9526714e-10  2.8801470e-09 -8.2289131e-10  1.1851814e-10
  -3.6740849e-10  1.5254158e-09  1.9466112e-10  2.9197165e-09
   5.1881721e-11  2.6915081e-11 -2.8462621e-10 -2.4638652e-11
   3.8064035e-10 -4.2131904e-10 -1.3110979e-10 -1.8113358e-10
  -1.2984580e-10  1.0372879e-10 -4.9995430e-10  3.8201187e-10
  -9.9250053e-12 -4.9275412e-10 -1.2383336e-10  5.7453192e-10
  -1.4095167e-09  6.9608125e-10 -1.4001308e-09  9.3947494e-10
  -3.0698044e-10 -9.5881281e-10 -4.6955106e-10  1.4001297e-09
  -5.4952926e-10  2.3286686e-10 -6.3306249e-11 -5.4118521e-10
   7.6138207e-11 -2.2580077e-10  5.5002758e-10  3.3727154e-10
   4.2638476e-10 -1.5795129e-11 -1.5696769e-10  7.8207929e-10
   9.0959795e-11  2.3633204e-10 -1.4167743e-09 -1.4267479e-09
  -4.9754478e-10 -1.3820707e-09 -9.0327967e-10  5.8869254e-10
  -2.2600384e-09  2.2903510e-10  9.0909236e-10 -4.0189252e-10
  -4.9190102e-10 -2.7504083e-09  2.4622324e-10 -2.5514829e-10
   1.3319666e-09  3.4110467e-10 -4.1675247e-10  5.4734273e-12
  -3.2640696e-10 -5.0053472e-10  4.0354803e-10 -1.5991056e-10
  -2.7896258e-10  3.2969702e-10 -3.3350672e-10 -6.2187233e-10
  -2.1426799e-10  1.0073398e-10  1.4058546e-10 -2.5894192e-10
   5.1068094e-10 -7.1031170e-10  7.8067219e-10 -2.7133085e-10]]
--------------------------------------------------------------------------------

====================================================================================================
FILE: block0_W_v.npz
====================================================================================================

KEY: key
--------------------------------------------------------------------------------
[1927237891 2630107751]
--------------------------------------------------------------------------------

KEY: outputs
--------------------------------------------------------------------------------
[[-6.4886678e-03  1.2093309e-03  6.5138424e-03 ...  1.1225640e-02
   3.0150111e-03  5.3540221e-03]
 [-4.3687308e-03  1.6921416e-03  7.8741424e-03 ...  4.7042016e-03
   2.3012676e-03 -2.1183807e-03]
 [-4.0029134e-03  1.4783198e-02 -5.0516124e-03 ...  5.4635373e-03
  -1.1951107e-03 -1.7348630e-03]
 ...
 [ 3.6079481e-03  6.8409900e-05 -7.5240019e-03 ... -8.3967745e-03
  -7.6546757e-03 -3.1008571e-03]
 [-4.8201322e-03 -6.1273188e-03 -7.0253311e-04 ... -3.3613404e-03
  -4.8553990e-04  1.2193538e-03]
 [ 4.6849586e-03 -2.4653277e-03  5.6646887e-04 ... -5.4377184e-04
  -3.2471714e-04  1.0401408e-02]]
--------------------------------------------------------------------------------

KEY: weights
--------------------------------------------------------------------------------
[[ 0.01132413  0.03159692 -0.00731198 ...  0.00790688 -0.01502706
  -0.01975335]
 [-0.011713    0.00140014 -0.00214639 ... -0.00212613  0.00387479
   0.00314522]
 [ 0.00530088  0.01269248  0.00544173 ... -0.0085756  -0.03720383
  -0.05170007]
 ...
 [-0.02322941  0.02941689 -0.00949459 ... -0.01708278 -0.04550494
   0.01800936]
 [-0.00441041  0.01926131  0.02589135 ... -0.00774017  0.00921842
   0.01632644]
 [ 0.00012199  0.01076633  0.01122129 ... -0.03641907  0.0079875
   0.02736898]]
--------------------------------------------------------------------------------

KEY: mask
--------------------------------------------------------------------------------
1.0
--------------------------------------------------------------------------------

KEY: biases
--------------------------------------------------------------------------------
[[-1.2200443e-06 -9.1790145e-07  1.3843485e-06 -2.4402127e-06
   2.8579177e-07 -2.4084354e-06 -1.4736686e-06  8.9627429e-07
   3.1644286e-06  1.9141128e-06 -1.8299806e-06  4.6562045e-07
   9.1920765e-07  3.8603876e-06  2.1608815e-10 -1.8251292e-06
   8.4926040e-07 -1.9418401e-06 -3.2438265e-07 -2.2753632e-06
   4.7705214e-07  4.2341739e-07  5.3883076e-07 -3.4260364e-07
  -1.1520872e-06 -1.3637070e-06 -1.7676084e-06 -1.5086810e-07
   3.0333238e-06  1.1537472e-06 -8.2235721e-07 -1.2691470e-06
   3.0720169e-06  4.0159011e-07  2.0527639e-06  1.8396685e-06
  -3.3224100e-07  4.5539250e-07  2.5691984e-06 -1.9379788e-06
  -3.8920447e-07  2.7212170e-07 -9.5825499e-07 -5.8447154e-07
  -1.7625424e-06 -1.1082192e-06  8.3998776e-07 -1.4208214e-07
   1.4030073e-06  2.5314962e-06  6.5727193e-07 -1.2408964e-06
  -2.3641631e-07 -1.9488446e-06 -1.5884240e-07  2.7158183e-07
  -4.6682320e-07  2.8726785e-07  2.0209677e-06  2.0034320e-06
   6.1889546e-07  2.9752425e-06  1.5056643e-06 -1.1042968e-06
   1.3125546e-06 -9.2807863e-07  5.1736856e-07 -3.0111988e-08
  -1.1651624e-06 -1.4483662e-06 -2.1149140e-06  9.6290216e-07
  -8.3133392e-07  3.0933103e-07 -1.4159220e-06  2.8552420e-06
  -2.2115767e-06  1.3139831e-06 -1.6581829e-07  7.3626086e-07
  -1.2215072e-06 -1.8864874e-07  1.3593517e-06 -1.3494481e-06
  -1.6258689e-06 -1.1634230e-06 -1.5117201e-06  1.9093727e-06
   2.6036952e-07 -8.3606028e-07  2.6444450e-06 -8.0679797e-07
   2.7748711e-06  2.1729704e-07  1.4188026e-06  3.1497464e-07]]
--------------------------------------------------------------------------------

KEY: dWeights
--------------------------------------------------------------------------------
[[ 7.1368009e-07 -6.2791414e-06  2.8993029e-06 ... -6.6778462e-06
  -2.3014293e-06 -7.9477450e-06]
 [-9.7234397e-06  9.2208056e-06  1.5032411e-05 ...  1.1638294e-05
   8.7174449e-06  6.7482711e-06]
 [-5.3355061e-06  8.0968530e-06  4.1967642e-06 ...  8.5990341e-06
   5.7462580e-06  1.1561252e-05]
 ...
 [-3.4657123e-06  7.8840861e-07  2.8599391e-06 ...  1.1027117e-06
   2.6478517e-06  1.3019759e-06]
 [ 2.0368211e-06 -1.9372110e-06 -6.5574191e-06 ... -2.7956373e-06
  -2.6807461e-06 -1.5691638e-06]
 [ 3.0523924e-07 -1.0930444e-06 -1.7007445e-06 ...  1.1989820e-06
   1.2847210e-06 -1.3640819e-06]]
--------------------------------------------------------------------------------

KEY: dBiases
--------------------------------------------------------------------------------
[[ 7.6861773e-04  4.3361513e-05 -1.3831952e-03  1.4770068e-03
  -6.0682755e-04  1.6232303e-03  9.8143891e-04 -1.7213967e-04
  -1.6774901e-03 -1.1441299e-03  1.3169573e-03 -2.6271414e-04
  -4.2468141e-04 -2.7232741e-03  2.4691634e-04  1.3304771e-03
  -1.4186261e-03  9.5104281e-04 -8.9343353e-05  2.0538711e-03
  -6.5652351e-04 -2.9659801e-04 -6.0476246e-04  2.7163213e-04
   7.8813778e-04  9.2952332e-04  6.0029113e-04  1.5157950e-04
  -2.1081243e-03 -3.1800699e-04  9.9728256e-04  1.0292567e-03
  -2.4192412e-03 -5.0237612e-04 -1.8782335e-03 -1.8015759e-03
   4.1496183e-04  8.1191340e-04 -2.2635853e-03  1.2582261e-03
   1.1971239e-04  2.7104354e-04  9.5756934e-04  4.8383320e-04
   1.0565699e-03  7.5947540e-04 -6.0134445e-04 -1.1192898e-04
  -5.3958502e-04 -2.0019216e-03 -1.1908174e-04  5.8164622e-04
   8.1304781e-05  1.3120812e-03 -2.5689378e-04  1.5541444e-04
   9.5463748e-04 -1.9451523e-05 -1.7766349e-03 -1.1368630e-03
  -5.7179440e-04 -1.7626696e-03 -1.0062146e-03  1.2644110e-03
  -6.6816632e-04  1.2226275e-04 -4.2506732e-04 -6.6094002e-04
   2.9912661e-04  1.4783542e-03  1.1599874e-03 -3.6055021e-04
   4.7480571e-04 -1.5310563e-04  6.0218520e-04 -1.7859438e-03
   1.4221158e-03 -6.2857859e-04  4.2818818e-04  2.8463721e-04
   8.3127082e-04 -5.3573551e-04 -6.8725174e-04  9.7360852e-04
   7.5087458e-04  1.2435997e-03  6.2180031e-04 -2.0061601e-03
  -5.3610955e-04  6.3472253e-05 -1.8995211e-03  9.1126922e-04
  -1.1209660e-03 -4.3620032e-04 -8.8378461e-04 -4.6842865e-04]]
--------------------------------------------------------------------------------

====================================================================================================
FILE: block0_attn_block.npz
====================================================================================================

KEY: key
--------------------------------------------------------------------------------
[0 0]
--------------------------------------------------------------------------------

KEY: dq
--------------------------------------------------------------------------------
[[ 0.00000000e+00  0.00000000e+00  0.00000000e+00 ...  0.00000000e+00
   0.00000000e+00  0.00000000e+00]
 [-9.05200394e-13  1.95470810e-12  7.39664406e-12 ... -2.77083911e-13
  -3.23040553e-12 -1.08920858e-12]
 [ 6.86191381e-12 -4.02624913e-11 -1.44312513e-12 ...  1.49254025e-12
  -8.00575838e-12 -3.51763323e-13]
 ...
 [ 1.02449906e-12 -2.28028881e-11 -5.61639797e-12 ...  1.42340514e-11
  -2.89921056e-11  5.71261788e-12]
 [-1.93646813e-12 -4.40492217e-12  4.42248994e-13 ...  8.02241953e-12
  -2.23605735e-11  5.53433601e-12]
 [ 1.17991489e-12  3.71939935e-12  8.82839808e-13 ...  4.47174719e-12
  -1.47204835e-11 -5.97183110e-13]]
--------------------------------------------------------------------------------

KEY: dk
--------------------------------------------------------------------------------
[[ 0.0000000e+00  0.0000000e+00  0.0000000e+00 ...  0.0000000e+00
   0.0000000e+00  0.0000000e+00]
 [ 1.9857163e-12  1.9797532e-12  3.0769658e-12 ... -2.0595192e-12
   2.5485031e-12  1.8687656e-12]
 [ 9.5857376e-12  1.0319547e-11 -4.5110859e-11 ... -3.8297707e-13
   6.8027042e-12  4.9020245e-12]
 ...
 [-1.8089568e-11 -4.1460443e-11  1.8636110e-12 ... -1.4562358e-11
  -6.2949364e-12 -3.1172333e-12]
 [ 5.0759012e-13 -1.4259922e-12 -3.6915414e-12 ... -8.2335718e-12
  -6.0531649e-12  6.7124680e-13]
 [ 5.4824586e-13  2.7578135e-12  2.0352966e-13 ... -5.7906418e-12
  -6.6919192e-12 -7.3988661e-13]]
--------------------------------------------------------------------------------

KEY: dv
--------------------------------------------------------------------------------
[[ 2.5639509e-05  2.7327860e-06 -4.2491214e-05 ... -2.6510468e-05
  -1.0602333e-05  1.9982049e-06]
 [ 1.7361799e-05  5.4504694e-06 -2.4639621e-05 ... -1.2942968e-05
  -6.7466572e-06  2.5406912e-06]
 [ 1.2876795e-05  5.5077267e-06 -1.7193233e-05 ... -7.6642200e-06
  -4.3811015e-06  2.4176488e-06]
 ...
 [ 2.4694998e-08  7.0306456e-08  4.3434675e-08 ... -7.3659141e-09
  -3.3256541e-08  1.2078651e-08]
 [ 1.6583726e-08  4.6738705e-08  2.8481395e-08 ... -4.5401123e-09
  -2.1765572e-08  8.0004838e-09]
 [ 7.9526217e-09  2.3224857e-08  1.3606041e-08 ... -2.1809683e-09
  -1.0681106e-08  3.7071004e-09]]
--------------------------------------------------------------------------------

KEY: dtarget_q
--------------------------------------------------------------------------------
[[-0.00000000e+00 -0.00000000e+00 -0.00000000e+00 ... -0.00000000e+00
  -0.00000000e+00 -0.00000000e+00]
 [ 9.05200394e-13 -1.95470810e-12 -7.39664406e-12 ...  2.77083911e-13
   3.23040553e-12  1.08920858e-12]
 [-6.86191381e-12  4.02624913e-11  1.44312513e-12 ... -1.49254025e-12
   8.00575838e-12  3.51763323e-13]
 ...
 [-1.02449906e-12  2.28028881e-11  5.61639797e-12 ... -1.42340514e-11
   2.89921056e-11 -5.71261788e-12]
 [ 1.93646813e-12  4.40492217e-12 -4.42248994e-13 ... -8.02241953e-12
   2.23605735e-11 -5.53433601e-12]
 [-1.17991489e-12 -3.71939935e-12 -8.82839808e-13 ... -4.47174719e-12
   1.47204835e-11  5.97183110e-13]]
--------------------------------------------------------------------------------

KEY: dtarget_k
--------------------------------------------------------------------------------
[[-0.0000000e+00 -0.0000000e+00 -0.0000000e+00 ... -0.0000000e+00
  -0.0000000e+00 -0.0000000e+00]
 [-1.9857163e-12 -1.9797532e-12 -3.0769658e-12 ...  2.0595192e-12
  -2.5485031e-12 -1.8687656e-12]
 [-9.5857376e-12 -1.0319547e-11  4.5110859e-11 ...  3.8297707e-13
  -6.8027042e-12 -4.9020245e-12]
 ...
 [ 1.8089568e-11  4.1460443e-11 -1.8636110e-12 ...  1.4562358e-11
   6.2949364e-12  3.1172333e-12]
 [-5.0759012e-13  1.4259922e-12  3.6915414e-12 ...  8.2335718e-12
   6.0531649e-12 -6.7124680e-13]
 [-5.4824586e-13 -2.7578135e-12 -2.0352966e-13 ...  5.7906418e-12
   6.6919192e-12  7.3988661e-13]]
--------------------------------------------------------------------------------

KEY: dtarget_v
--------------------------------------------------------------------------------
[[-2.5639509e-05 -2.7327860e-06  4.2491214e-05 ...  2.6510468e-05
   1.0602333e-05 -1.9982049e-06]
 [-1.7361799e-05 -5.4504694e-06  2.4639621e-05 ...  1.2942968e-05
   6.7466572e-06 -2.5406912e-06]
 [-1.2876795e-05 -5.5077267e-06  1.7193233e-05 ...  7.6642200e-06
   4.3811015e-06 -2.4176488e-06]
 ...
 [-2.4694998e-08 -7.0306456e-08 -4.3434675e-08 ...  7.3659141e-09
   3.3256541e-08 -1.2078651e-08]
 [-1.6583726e-08 -4.6738705e-08 -2.8481395e-08 ...  4.5401123e-09
   2.1765572e-08 -8.0004838e-09]
 [-7.9526217e-09 -2.3224857e-08 -1.3606041e-08 ...  2.1809683e-09
   1.0681106e-08 -3.7071004e-09]]
--------------------------------------------------------------------------------

KEY: outputs
--------------------------------------------------------------------------------
[[[-6.48880005e-03  1.20925903e-03  6.51550293e-03 ...  1.12228394e-02
    3.01551819e-03  5.35583496e-03]
  [-5.42831421e-03  1.45053864e-03  7.19451904e-03 ...  7.96318054e-03
    2.65884399e-03  1.61838531e-03]
  [-4.95153945e-03  5.89417526e-03  3.11203301e-03 ...  7.12792855e-03
    1.37390918e-03  5.00556780e-04]
  ...
  [-1.28035463e-05 -1.59976445e-03 -2.95109494e-04 ... -7.90927385e-04
   -1.56557377e-04 -5.84069232e-04]
  [-4.43487370e-05 -1.67797564e-03 -3.11838259e-04 ... -8.85718735e-04
   -2.20386864e-04 -5.48266689e-04]
  [ 4.74094413e-05 -1.91942789e-03 -3.41373030e-04 ... -8.67633149e-04
   -2.13921070e-04 -3.49335372e-04]]

 [[ 6.26087189e-04  1.13964081e-03  8.62884521e-03 ...  1.40457153e-02
   -3.64112854e-03  5.29861450e-03]
  [ 2.18701363e-03 -2.56204605e-03  6.58035278e-03 ...  7.03935325e-03
   -2.90203094e-03 -3.08799744e-03]
  [-1.23788486e-04  2.95280828e-03  4.61815251e-03 ...  4.88419225e-03
   -3.39870108e-03 -3.98538541e-03]
  ...
  [-1.25837803e-04 -1.15545280e-03  4.63073084e-04 ... -2.14452259e-04
    5.67167939e-04 -3.67873436e-04]
  [-7.33874622e-05 -1.23118446e-03  4.50294639e-04 ... -1.71321852e-04
    4.29104432e-04 -2.02626165e-04]
  [-5.91304852e-05 -1.30278268e-03  5.58046391e-04 ... -1.88355625e-04
    2.21873634e-04  2.25780532e-05]]

 [[-4.07028198e-03 -5.80596924e-03  1.01280212e-03 ...  3.77655029e-03
   -4.54664230e-04  4.19998169e-03]
  [ 8.14437866e-04 -1.00803375e-03  2.92301178e-03 ...  3.89099121e-03
   -9.85026360e-04 -1.07955933e-03]
  [ 8.51105433e-04 -1.45876547e-04  3.85825988e-04 ...  2.47370382e-03
   -1.35571428e-03 -3.70698050e-03]
  ...
  [ 5.62584901e-04 -1.64239598e-03 -4.14940732e-04 ...  1.38592426e-04
    4.16285271e-04 -1.03618740e-03]
  [ 5.31985890e-04 -1.76259922e-03 -4.43710887e-04 ...  1.34142494e-04
    3.57287063e-04 -1.09277060e-03]
  [ 6.01585547e-04 -1.92359462e-03 -2.96575250e-04 ...  1.12826470e-04
    2.61727720e-04 -9.19675454e-04]]

 ...

 [[-1.36947632e-03 -1.09252930e-02 -1.08261108e-02 ... -1.16443634e-03
    1.61266327e-03  2.70366669e-04]
  [-1.58452988e-03 -3.47709656e-03 -3.49235535e-03 ... -1.40094757e-03
    4.73976135e-04 -5.65767288e-04]
  [-7.47021404e-04 -1.79088092e-03 -3.88749875e-03 ... -1.05283770e-03
   -3.82647850e-04 -3.36453598e-03]
  ...
  [ 4.07639163e-04 -1.29871164e-03 -1.32163672e-03 ... -3.64686537e-04
    8.48559284e-06 -1.21819414e-03]
  [ 3.73327173e-04 -1.31111906e-03 -1.38561532e-03 ... -5.00112190e-04
    1.04540755e-04 -1.14124385e-03]
  [ 4.21883538e-04 -1.50862429e-03 -1.30642205e-03 ... -5.03981486e-04
   -1.93762826e-05 -1.01806689e-03]]

 [[-5.59997559e-03  1.98173523e-03 -3.95536423e-04 ...  7.87353516e-03
    2.96211243e-03  8.01086426e-03]
  [-3.74746323e-03  1.31392479e-03  5.60820103e-03 ...  6.37626648e-03
   -9.71794128e-04  5.51223755e-04]
  [-3.48546426e-03  5.83108887e-03  2.31026812e-03 ...  2.96520302e-03
    2.16176966e-03  3.34721524e-03]
  ...
  [ 2.23058683e-04 -1.47649634e-03 -1.29737577e-03 ...  2.83190340e-04
    8.03180563e-04 -1.06789987e-03]
  [ 1.69438063e-04 -1.33972906e-03 -1.26683153e-03 ...  3.47041350e-04
    7.94689637e-04 -9.03259031e-04]
  [ 1.59920892e-04 -1.39421970e-03 -1.25553005e-03 ...  3.39722261e-04
    6.99911267e-04 -6.30440190e-04]]

 [[ 1.79672241e-03  6.79779053e-03 -3.54194641e-03 ...  5.04302979e-03
    1.01864338e-04  2.35748291e-03]
  [ 2.35462189e-03  1.64031982e-04 -1.09910965e-03 ...  1.76143646e-03
   -1.75151229e-03 -2.61878967e-03]
  [-1.52487075e-03  1.75306108e-03 -4.19546012e-03 ... -4.58287541e-04
   -5.40575478e-03 -9.53441486e-04]
  ...
  [-3.56378965e-04 -1.13373389e-03 -6.65750646e-04 ...  2.37088505e-04
    6.66556647e-04 -1.72678920e-04]
  [-4.27164836e-04 -1.21272053e-03 -6.66189415e-04 ...  1.79943163e-04
    6.48129266e-04 -1.50545384e-04]
  [-3.47398571e-04 -1.23259798e-03 -6.47089095e-04 ...  1.68681145e-04
    6.33084215e-04  1.42529607e-05]]]
--------------------------------------------------------------------------------

====================================================================================================
FILE: block0_e_attn.npz
====================================================================================================

KEY: key
--------------------------------------------------------------------------------
[        0 193142633]
--------------------------------------------------------------------------------

KEY: L
--------------------------------------------------------------------------------
-5.375675e-08
--------------------------------------------------------------------------------

KEY: dmu
--------------------------------------------------------------------------------
[[-6.4288033e-06  2.7215065e-06  8.6623477e-06 ... -7.5466232e-06
  -1.4259713e-06 -9.4410498e-06]
 [-4.5283814e-06  6.5908534e-07  5.1675597e-06 ... -5.3253607e-06
   3.1743548e-07 -9.0391259e-06]
 [-1.7606490e-06 -1.8810097e-06  1.1723459e-06 ... -5.3052790e-06
  -1.2605742e-06 -7.7573350e-06]
 ...
 [-2.1613778e-07 -6.5682980e-07  2.4381006e-07 ...  2.0342213e-07
   5.8042497e-07 -2.0871084e-07]
 [-1.3151021e-07 -6.0598541e-07  1.8585706e-07 ...  2.1689630e-07
   6.9726229e-07 -1.5660771e-07]
 [-1.0055555e-07 -6.7664951e-07  1.6096965e-07 ...  2.4403562e-07
   7.0233727e-07 -1.0988151e-07]]
--------------------------------------------------------------------------------

KEY: Sigma
--------------------------------------------------------------------------------
[[1.]]
--------------------------------------------------------------------------------

KEY: dSigma
--------------------------------------------------------------------------------
[[1.]]
--------------------------------------------------------------------------------

KEY: dtarget
--------------------------------------------------------------------------------
[[ 6.4288033e-06 -2.7215065e-06 -8.6623477e-06 ...  7.5466232e-06
   1.4259713e-06  9.4410498e-06]
 [ 4.5283814e-06 -6.5908534e-07 -5.1675597e-06 ...  5.3253607e-06
  -3.1743548e-07  9.0391259e-06]
 [ 1.7606490e-06  1.8810097e-06 -1.1723459e-06 ...  5.3052790e-06
   1.2605742e-06  7.7573350e-06]
 ...
 [ 2.1613778e-07  6.5682980e-07 -2.4381006e-07 ... -2.0342213e-07
  -5.8042497e-07  2.0871084e-07]
 [ 1.3151021e-07  6.0598541e-07 -1.8585706e-07 ... -2.1689630e-07
  -6.9726229e-07  1.5660771e-07]
 [ 1.0055555e-07  6.7664951e-07 -1.6096965e-07 ... -2.4403562e-07
  -7.0233727e-07  1.0988151e-07]]
--------------------------------------------------------------------------------

KEY: modulator
--------------------------------------------------------------------------------
[[1. 1. 1. ... 1. 1. 1.]
 [1. 1. 1. ... 1. 1. 1.]
 [1. 1. 1. ... 1. 1. 1.]
 ...
 [1. 1. 1. ... 1. 1. 1.]
 [1. 1. 1. ... 1. 1. 1.]
 [1. 1. 1. ... 1. 1. 1.]]
--------------------------------------------------------------------------------

KEY: mask
--------------------------------------------------------------------------------
[[1. 1. 1. ... 1. 1. 1.]
 [1. 1. 1. ... 1. 1. 1.]
 [1. 1. 1. ... 1. 1. 1.]
 ...
 [1. 1. 1. ... 1. 1. 1.]
 [1. 1. 1. ... 1. 1. 1.]
 [1. 1. 1. ... 1. 1. 1.]]
--------------------------------------------------------------------------------

====================================================================================================
FILE: block0_e_mlp.npz
====================================================================================================

KEY: key
--------------------------------------------------------------------------------
[        0 373625786]
--------------------------------------------------------------------------------

KEY: L
--------------------------------------------------------------------------------
-2.6549035e-08
--------------------------------------------------------------------------------

KEY: dmu
--------------------------------------------------------------------------------
[[-1.1352777e-06  8.4451494e-07  1.8405444e-08 ... -1.6800232e-07
   4.0093619e-07 -8.1991425e-07]
 [-1.1385582e-06  8.9626792e-07 -3.0750198e-07 ...  4.1021167e-08
   1.6093509e-07 -5.7649595e-07]
 [-1.0874581e-06  4.1401836e-07 -7.9423899e-08 ...  4.5254922e-07
  -3.4126242e-07 -3.9416580e-07]
 ...
 [-2.5512236e-08  3.3253400e-09  2.4298743e-08 ... -7.0234705e-08
  -6.7349333e-08  1.1761915e-07]
 [-6.8977215e-09 -1.2642204e-08  1.6527792e-09 ... -9.1687866e-08
  -7.0582928e-08  1.2514533e-07]
 [-6.1208425e-09 -1.4962893e-08 -1.3055796e-09 ... -9.5079145e-08
  -8.1660573e-08  1.3940036e-07]]
--------------------------------------------------------------------------------

KEY: Sigma
--------------------------------------------------------------------------------
[[1.]]
--------------------------------------------------------------------------------

KEY: dSigma
--------------------------------------------------------------------------------
[[1.]]
--------------------------------------------------------------------------------

KEY: dtarget
--------------------------------------------------------------------------------
[[ 1.1352777e-06 -8.4451494e-07 -1.8405444e-08 ...  1.6800232e-07
  -4.0093619e-07  8.1991425e-07]
 [ 1.1385582e-06 -8.9626792e-07  3.0750198e-07 ... -4.1021167e-08
  -1.6093509e-07  5.7649595e-07]
 [ 1.0874581e-06 -4.1401836e-07  7.9423899e-08 ... -4.5254922e-07
   3.4126242e-07  3.9416580e-07]
 ...
 [ 2.5512236e-08 -3.3253400e-09 -2.4298743e-08 ...  7.0234705e-08
   6.7349333e-08 -1.1761915e-07]
 [ 6.8977215e-09  1.2642204e-08 -1.6527792e-09 ...  9.1687866e-08
   7.0582928e-08 -1.2514533e-07]
 [ 6.1208425e-09  1.4962893e-08  1.3055796e-09 ...  9.5079145e-08
   8.1660573e-08 -1.3940036e-07]]
--------------------------------------------------------------------------------

KEY: modulator
--------------------------------------------------------------------------------
[[1. 1. 1. ... 1. 1. 1.]
 [1. 1. 1. ... 1. 1. 1.]
 [1. 1. 1. ... 1. 1. 1.]
 ...
 [1. 1. 1. ... 1. 1. 1.]
 [1. 1. 1. ... 1. 1. 1.]
 [1. 1. 1. ... 1. 1. 1.]]
--------------------------------------------------------------------------------

KEY: mask
--------------------------------------------------------------------------------
[[1. 1. 1. ... 1. 1. 1.]
 [1. 1. 1. ... 1. 1. 1.]
 [1. 1. 1. ... 1. 1. 1.]
 ...
 [1. 1. 1. ... 1. 1. 1.]
 [1. 1. 1. ... 1. 1. 1.]
 [1. 1. 1. ... 1. 1. 1.]]
--------------------------------------------------------------------------------

====================================================================================================
FILE: block0_e_mlp1.npz
====================================================================================================

KEY: key
--------------------------------------------------------------------------------
[        0 375084597]
--------------------------------------------------------------------------------

KEY: L
--------------------------------------------------------------------------------
-1.557665e-08
--------------------------------------------------------------------------------

KEY: dmu
--------------------------------------------------------------------------------
[[-6.27103873e-07 -4.76764399e-07  1.74512024e-07 ...  5.77165338e-07
  -3.93501978e-08  1.32273999e-06]
 [-4.74938133e-07 -2.40703230e-07  6.24600943e-07 ... -2.52053724e-07
  -1.09786015e-07  6.28813723e-07]
 [-4.48313585e-07  1.87608748e-07  3.61218554e-07 ... -5.74145815e-07
   4.78197762e-07  9.94150469e-07]
 ...
 [ 2.26991688e-08  9.00527084e-08  2.76175456e-08 ...  1.30529770e-07
  -4.32601155e-09  2.18849891e-07]
 [ 2.37012046e-08  7.85753400e-08  3.79268386e-08 ...  1.48444087e-07
   5.75278136e-09  2.08578058e-07]
 [ 6.82649670e-09  8.89422154e-08  5.48097887e-08 ...  1.67583494e-07
   1.89429556e-08  2.14658940e-07]]
--------------------------------------------------------------------------------

KEY: Sigma
--------------------------------------------------------------------------------
[[1.]]
--------------------------------------------------------------------------------

KEY: dSigma
--------------------------------------------------------------------------------
[[1.]]
--------------------------------------------------------------------------------

KEY: dtarget
--------------------------------------------------------------------------------
[[ 6.27103873e-07  4.76764399e-07 -1.74512024e-07 ... -5.77165338e-07
   3.93501978e-08 -1.32273999e-06]
 [ 4.74938133e-07  2.40703230e-07 -6.24600943e-07 ...  2.52053724e-07
   1.09786015e-07 -6.28813723e-07]
 [ 4.48313585e-07 -1.87608748e-07 -3.61218554e-07 ...  5.74145815e-07
  -4.78197762e-07 -9.94150469e-07]
 ...
 [-2.26991688e-08 -9.00527084e-08 -2.76175456e-08 ... -1.30529770e-07
   4.32601155e-09 -2.18849891e-07]
 [-2.37012046e-08 -7.85753400e-08 -3.79268386e-08 ... -1.48444087e-07
  -5.75278136e-09 -2.08578058e-07]
 [-6.82649670e-09 -8.89422154e-08 -5.48097887e-08 ... -1.67583494e-07
  -1.89429556e-08 -2.14658940e-07]]
--------------------------------------------------------------------------------

KEY: modulator
--------------------------------------------------------------------------------
[[1. 1. 1. ... 1. 1. 1.]
 [1. 1. 1. ... 1. 1. 1.]
 [1. 1. 1. ... 1. 1. 1.]
 ...
 [1. 1. 1. ... 1. 1. 1.]
 [1. 1. 1. ... 1. 1. 1.]
 [1. 1. 1. ... 1. 1. 1.]]
--------------------------------------------------------------------------------

KEY: mask
--------------------------------------------------------------------------------
[[1. 1. 1. ... 1. 1. 1.]
 [1. 1. 1. ... 1. 1. 1.]
 [1. 1. 1. ... 1. 1. 1.]
 ...
 [1. 1. 1. ... 1. 1. 1.]
 [1. 1. 1. ... 1. 1. 1.]
 [1. 1. 1. ... 1. 1. 1.]]
--------------------------------------------------------------------------------

====================================================================================================
FILE: block0_e_qkv.npz
====================================================================================================

KEY: key
--------------------------------------------------------------------------------
[        0 191949557]
--------------------------------------------------------------------------------

KEY: L
--------------------------------------------------------------------------------
-2.031706e-07
--------------------------------------------------------------------------------

KEY: dmu
--------------------------------------------------------------------------------
[[ 9.24384221e-06 -1.64378434e-06 -1.91801228e-05 ... -9.36165452e-06
  -3.06731090e-06 -4.26732004e-06]
 [ 5.75091690e-06 -2.84984708e-07 -1.34622678e-05 ... -7.27549195e-06
  -4.52972017e-06 -7.77188689e-07]
 [ 5.38304448e-06 -1.73319131e-06 -1.02608465e-05 ... -5.96232712e-06
  -4.10364009e-06 -1.86380930e-07]
 ...
 [ 2.67667929e-07  1.01956539e-06  8.27072654e-07 ...  1.55414455e-08
  -5.54719009e-07  3.34024662e-07]
 [ 2.96276994e-07  1.03248749e-06  8.32136720e-07 ...  3.38040991e-08
  -5.36616426e-07  3.26603185e-07]
 [ 2.73663318e-07  1.03330240e-06  7.80855771e-07 ...  3.78931873e-08
  -5.25149517e-07  3.03183697e-07]]
--------------------------------------------------------------------------------

KEY: Sigma
--------------------------------------------------------------------------------
[[1.]]
--------------------------------------------------------------------------------

KEY: dSigma
--------------------------------------------------------------------------------
[[1.]]
--------------------------------------------------------------------------------

KEY: dtarget
--------------------------------------------------------------------------------
[[-9.24384221e-06  1.64378434e-06  1.91801228e-05 ...  9.36165452e-06
   3.06731090e-06  4.26732004e-06]
 [-5.75091690e-06  2.84984708e-07  1.34622678e-05 ...  7.27549195e-06
   4.52972017e-06  7.77188689e-07]
 [-5.38304448e-06  1.73319131e-06  1.02608465e-05 ...  5.96232712e-06
   4.10364009e-06  1.86380930e-07]
 ...
 [-2.67667929e-07 -1.01956539e-06 -8.27072654e-07 ... -1.55414455e-08
   5.54719009e-07 -3.34024662e-07]
 [-2.96276994e-07 -1.03248749e-06 -8.32136720e-07 ... -3.38040991e-08
   5.36616426e-07 -3.26603185e-07]
 [-2.73663318e-07 -1.03330240e-06 -7.80855771e-07 ... -3.78931873e-08
   5.25149517e-07 -3.03183697e-07]]
--------------------------------------------------------------------------------

KEY: modulator
--------------------------------------------------------------------------------
[[1. 1. 1. ... 1. 1. 1.]
 [1. 1. 1. ... 1. 1. 1.]
 [1. 1. 1. ... 1. 1. 1.]
 ...
 [1. 1. 1. ... 1. 1. 1.]
 [1. 1. 1. ... 1. 1. 1.]
 [1. 1. 1. ... 1. 1. 1.]]
--------------------------------------------------------------------------------

KEY: mask
--------------------------------------------------------------------------------
[[1. 1. 1. ... 1. 1. 1.]
 [1. 1. 1. ... 1. 1. 1.]
 [1. 1. 1. ... 1. 1. 1.]
 ...
 [1. 1. 1. ... 1. 1. 1.]
 [1. 1. 1. ... 1. 1. 1.]
 [1. 1. 1. ... 1. 1. 1.]]
--------------------------------------------------------------------------------

====================================================================================================
FILE: block0_reshape_2d_to_3d_k.npz
====================================================================================================

KEY: key
--------------------------------------------------------------------------------
[        0 399773099]
--------------------------------------------------------------------------------

KEY: outputs
--------------------------------------------------------------------------------
[[[ 1.71217334e-03  7.51200132e-04  2.65399553e-03 ...  4.48137149e-03
   -3.26055894e-03 -1.98832573e-03]
  [ 2.43577291e-03 -8.12108163e-04 -3.26247583e-03 ...  5.50602004e-03
    8.65904521e-03  2.03204411e-03]
  [ 7.67796591e-04  7.37828016e-03  5.27092488e-04 ... -9.69036482e-05
    6.95198355e-03 -4.42143064e-03]
  ...
  [-1.68352504e-03  4.09334106e-03  3.35975667e-03 ... -3.84068489e-03
    8.95911548e-03 -1.69978617e-03]
  [-8.85726884e-04  5.32941660e-04  3.69541068e-03 ... -2.83972314e-03
   -6.46299508e-04  3.07448208e-03]
  [ 3.15690995e-03 -1.25114166e-03  3.45140742e-03 ... -1.18263671e-03
    5.32693230e-05 -7.17082620e-03]]

 [[-8.21576733e-03 -9.51843616e-03 -6.74435170e-03 ... -2.35546217e-03
    4.51243715e-03 -6.86061452e-04]
  [ 1.20034616e-03 -1.79571542e-03 -7.17399083e-03 ... -2.39525386e-03
    5.38306544e-03  3.68120405e-03]
  [-1.05903088e-03  9.90147237e-03 -9.19862185e-03 ... -6.93701766e-03
    1.19073605e-02  1.02390554e-02]
  ...
  [ 5.50685497e-03  4.02068533e-03  2.83107883e-03 ... -7.11554987e-03
    4.52619419e-03 -8.47904012e-03]
  [ 4.44174930e-03 -4.95244795e-03 -9.14101896e-04 ... -3.97236552e-03
   -2.54378282e-03  9.18925460e-03]
  [-2.95421481e-03 -3.74277914e-03  1.53331459e-03 ... -3.68302641e-03
    5.90148102e-03 -5.25491452e-03]]

 [[-4.08332702e-03 -1.16882734e-02 -6.47956040e-03 ...  6.77954464e-04
    9.56145860e-03  1.65681343e-03]
  [-1.00127351e-03 -9.06650629e-03 -2.61172326e-03 ...  1.24174159e-03
    4.27090377e-03  5.96089894e-03]
  [ 1.73350039e-03  6.97531318e-03 -9.46321432e-03 ... -3.92386084e-03
    1.39523414e-03  7.34245358e-03]
  ...
  [ 1.58921839e-03 -4.97977203e-03 -3.76194320e-03 ... -7.64258951e-03
    8.54646880e-03 -6.69039972e-03]
  [-1.65471912e-03  5.13769127e-03 -3.62457102e-03 ... -4.77669993e-03
   -1.89951225e-03  7.59640755e-03]
  [ 6.37087459e-03 -7.21029611e-03  3.77388718e-03 ...  6.10770308e-04
    4.87131765e-03 -3.66471405e-03]]

 ...

 [[-3.00033158e-03  7.69083342e-03 -1.21541750e-02 ...  3.10292467e-03
    3.11451429e-03 -8.25580792e-04]
  [-5.11584454e-04 -4.62480634e-03 -7.29543110e-03 ... -2.92147207e-03
    1.13804620e-02 -2.13482929e-03]
  [ 1.73420424e-03  6.97661145e-03 -9.46388394e-03 ... -3.92272184e-03
    1.39335019e-03  7.34218676e-03]
  ...
  [ 1.52865751e-02  5.41692181e-03  2.40869983e-03 ... -3.15210153e-03
   -3.60042672e-04 -3.10142961e-04]
  [ 6.57224504e-04 -3.78829078e-03  1.31448498e-03 ... -3.51311266e-03
    2.17653438e-03  8.93610995e-04]
  [-2.07731733e-03 -1.09115532e-02 -1.65021897e-03 ... -4.57852939e-03
    7.89729878e-03 -7.45469844e-03]]

 [[-3.48945311e-03 -4.67390800e-03 -4.21757856e-03 ...  6.05277391e-03
    5.80162136e-03  5.60827507e-03]
  [ 4.69773961e-03 -1.42072449e-02 -1.77039718e-03 ...  5.01521537e-03
    5.38601447e-03  4.18324815e-03]
  [ 2.49273633e-03  1.24973687e-03 -9.21420287e-03 ... -5.38222585e-03
    2.57720961e-03  1.07423565e-03]
  ...
  [ 9.27682780e-03  5.35644218e-03 -2.36363290e-03 ... -2.97716877e-04
    2.34873989e-03 -6.89628208e-03]
  [-1.71947083e-03 -1.90215011e-03  2.64487718e-03 ...  1.31329696e-03
   -2.20364123e-03  1.93963968e-03]
  [-7.60830124e-04  4.94343578e-04  6.76989835e-03 ... -8.35810881e-03
    4.28555813e-03 -9.13251005e-03]]

 [[-3.17769614e-03  2.31583370e-03  1.59717654e-03 ...  1.11765554e-03
    1.01098856e-02  1.72743236e-03]
  [-5.07365214e-03 -9.64885950e-03 -1.65341632e-03 ... -4.31516732e-04
    6.76632626e-03  7.02259969e-03]
  [ 8.89034383e-03 -5.79488929e-04 -1.71705440e-03 ... -1.04213378e-03
   -1.05849537e-03  9.37238988e-03]
  ...
  [ 1.05897132e-02  2.22073961e-03  1.27945130e-03 ... -5.76849468e-03
    4.09808895e-03  3.38912895e-03]
  [-2.20731623e-03 -4.54581622e-03  5.46339853e-03 ...  2.16265442e-03
   -2.31275894e-03  8.73087719e-03]
  [-2.49135448e-03  1.77757745e-03  3.84558481e-03 ... -1.47777202e-03
    3.33768228e-04 -5.98936062e-03]]]
--------------------------------------------------------------------------------

====================================================================================================
FILE: block0_reshape_2d_to_3d_q.npz
====================================================================================================

KEY: key
--------------------------------------------------------------------------------
[        0 398885985]
--------------------------------------------------------------------------------

KEY: outputs
--------------------------------------------------------------------------------
[[[ 2.5258402e-03  4.1255108e-03 -2.3461960e-03 ... -3.6952537e-03
    9.3274247e-03  1.0736022e-02]
  [ 9.3766360e-04  2.5407949e-03 -4.8065563e-03 ...  3.9044993e-03
   -7.2273426e-05  3.8387103e-03]
  [ 1.5743767e-04  1.6257032e-03  4.7928328e-03 ... -9.0012010e-03
    5.7227095e-05  4.1494397e-03]
  ...
  [ 9.2752324e-03  4.7311297e-04  4.3703872e-03 ... -5.8533940e-03
   -2.0427734e-03  2.2757379e-03]
  [-7.2764237e-03  3.8256573e-03  3.1929233e-03 ... -2.1245617e-03
   -2.6612421e-03 -5.2991603e-03]
  [ 3.0745426e-03  1.2490287e-02  3.3201375e-03 ... -7.7054990e-03
    1.0862871e-02  4.8293377e-04]]

 [[ 1.1602400e-02  1.2858945e-03 -9.6857344e-04 ...  6.0780817e-03
    1.9768381e-03  3.3700601e-03]
  [ 6.0135027e-04  8.5741859e-03  2.6137847e-03 ...  3.0261632e-03
    3.7947714e-03  4.2515080e-03]
  [-1.3526772e-03  3.7306806e-03  2.4638947e-03 ... -7.5736623e-03
   -1.2686027e-02 -6.1009885e-03]
  ...
  [ 1.1437531e-02 -1.3434765e-04  8.4756706e-03 ...  3.3568358e-03
   -7.1526621e-04  2.0125844e-03]
  [ 5.0625587e-03  1.3503449e-05 -1.4822865e-03 ...  3.9946600e-03
    3.5682996e-03 -5.1555485e-03]
  [ 1.9531350e-03 -9.7078976e-04  7.0916414e-03 ...  6.5858092e-04
    1.4221496e-02 -7.3131891e-03]]

 [[ 4.6310006e-03  1.9388365e-03 -1.4603748e-03 ...  3.5636299e-03
    1.3884762e-02  2.1312360e-03]
  [-2.4443674e-03  3.0731594e-03  2.4062123e-03 ...  6.8349354e-03
   -4.2895443e-04  7.6197775e-04]
  [ 7.4437470e-04  3.0959556e-03  3.0171282e-03 ... -7.6164855e-03
   -4.8401556e-03  1.4471512e-03]
  ...
  [ 5.1842923e-03 -2.9261890e-03 -7.5628236e-04 ...  3.7971535e-03
    7.0297727e-03  1.1201345e-03]
  [-3.7880344e-03  5.0670332e-03  4.5414614e-03 ... -1.8071082e-03
    2.7438803e-03 -1.9090358e-03]
  [ 5.5972426e-03  6.6488902e-03  3.2060547e-05 ... -2.5289608e-03
    1.3121847e-02 -6.7601231e-04]]

 ...

 [[-7.1270269e-04  6.3177701e-03  6.7823445e-03 ...  4.4135275e-05
    8.2432935e-03  5.6541855e-03]
  [ 1.7045287e-03  6.4167841e-03  5.1881010e-03 ...  1.1419295e-02
    3.4376271e-03  3.3110285e-03]
  [ 7.4319047e-04  3.0930908e-03  3.0161093e-03 ... -7.6146303e-03
   -4.8419498e-03  1.4482341e-03]
  ...
  [ 3.4538652e-03 -6.0670129e-03  2.5547105e-03 ... -4.1685891e-03
   -4.7255582e-03 -4.2957650e-03]
  [-9.5811635e-03  4.2948741e-03  8.2132604e-04 ... -7.5087795e-04
    6.2004304e-03 -3.7244752e-03]
  [ 2.8390249e-03  4.6074041e-04  7.1858789e-04 ... -2.3729305e-03
    1.5904400e-02 -6.3131233e-03]]

 [[ 8.6276914e-04  2.3985649e-03 -3.9380426e-03 ...  1.6202980e-03
   -2.1301662e-03  2.5434117e-03]
  [ 3.9010739e-03  8.7341201e-03 -4.7703590e-03 ...  9.1553684e-03
    1.1589166e-02  2.3325738e-03]
  [ 1.5724280e-03 -3.3121407e-03  6.1550154e-03 ... -5.2759321e-03
   -1.1041651e-02 -7.1266647e-03]
  ...
  [ 2.9813906e-03 -6.4208609e-04 -1.8271708e-03 ... -3.1525316e-04
    2.6504949e-03  1.7184305e-03]
  [-6.0451259e-03 -3.2382300e-03 -3.2405609e-03 ...  4.0504668e-04
   -2.4890248e-03 -5.5972552e-03]
  [ 9.0511525e-03  3.7647316e-03  2.8017301e-03 ...  1.2276671e-03
    9.9705234e-03  1.5260662e-03]]

 [[ 2.0934232e-03  8.8912584e-03 -6.7990706e-03 ... -1.6873945e-03
    6.5363874e-03 -3.4559527e-03]
  [ 6.2768310e-03  7.7293799e-03 -5.9609241e-03 ...  5.1068682e-03
    4.1065095e-03  3.8522461e-03]
  [ 4.4008396e-03  2.3653032e-03  5.5984920e-04 ...  2.1072617e-03
   -6.7602410e-03  3.5162186e-03]
  ...
  [ 5.8049327e-03  2.3842601e-03  1.9292850e-03 ...  1.1996814e-04
    4.6660593e-03  7.0176125e-03]
  [-6.5548611e-03  5.1476248e-04  7.9485672e-03 ... -8.3688356e-04
    6.7900987e-03 -3.3203859e-03]
  [ 3.6116785e-03  6.1539258e-03 -9.6420146e-04 ... -4.7409339e-03
    1.4536307e-02 -5.8983508e-03]]]
--------------------------------------------------------------------------------

====================================================================================================
FILE: block0_reshape_2d_to_3d_v.npz
====================================================================================================

KEY: key
--------------------------------------------------------------------------------
[        0 400608596]
--------------------------------------------------------------------------------

KEY: outputs
--------------------------------------------------------------------------------
[[[-6.4886678e-03  1.2093309e-03  6.5138424e-03 ...  1.1225640e-02
    3.0150111e-03  5.3540221e-03]
  [-4.3687308e-03  1.6921416e-03  7.8741424e-03 ...  4.7042016e-03
    2.3012676e-03 -2.1183807e-03]
  [-4.0029134e-03  1.4783198e-02 -5.0516124e-03 ...  5.4635373e-03
   -1.1951107e-03 -1.7348630e-03]
  ...
  [ 1.4494958e-03  1.2219095e-04 -8.8558830e-03 ... -1.1736329e-03
   -2.4049971e-03 -1.5189934e-04]
  [-2.0001398e-03 -6.5482864e-03 -1.3536917e-03 ... -6.7749564e-03
   -4.1821967e-03  1.6638975e-03]
  [ 5.8301794e-03 -1.7100122e-02 -2.1980908e-03 ...  2.8527662e-04
    1.9682285e-04  1.2194221e-02]]

 [[ 6.2592904e-04  1.1393387e-03  8.6279195e-03 ...  1.4046897e-02
   -3.6411663e-03  5.2979519e-03]
  [ 3.7487547e-03 -6.2631313e-03  4.5332815e-03 ...  3.2984310e-05
   -2.1619799e-03 -1.1472981e-02]
  [-4.7459952e-03  1.3987532e-02  6.9719646e-04 ...  5.7748955e-04
   -4.3927175e-03 -5.7827476e-03]
  ...
  [-4.3642803e-04  2.8922998e-03 -2.3007200e-03 ... -1.9520080e-03
   -7.3849885e-03 -1.0047855e-02]
  [ 3.1773553e-03 -5.9429323e-03 -3.3590008e-04 ...  2.5003329e-03
   -8.1240227e-03  1.0041884e-02]
  [ 8.4034121e-04 -5.7939421e-03  7.3408983e-03 ... -1.2590196e-03
   -1.2843837e-02  1.4217237e-02]]

 [[-4.0712864e-03 -5.8042035e-03  1.0126987e-03 ...  3.7762707e-03
   -4.5462494e-04  4.2002308e-03]
  [ 5.6997943e-03  3.7907944e-03  4.8331320e-03 ...  4.0057693e-03
   -1.5149933e-03 -6.3604284e-03]
  [ 9.2513557e-04  1.5784294e-03 -4.6878797e-03 ... -3.5903460e-04
   -2.0978856e-03 -8.9639043e-03]
  ...
  [ 2.1089371e-03  7.5889989e-03 -4.8869010e-03 ... -5.9464974e-03
   -9.3175601e-03  4.4031418e-03]
  [-1.3580052e-03 -9.2393663e-03 -2.2331690e-03 ... -1.3998385e-04
   -3.2960752e-03 -4.6174601e-03]
  [ 4.9792677e-03 -1.2040744e-02  8.9768860e-03 ... -1.2324193e-03
   -5.7649952e-03  1.0001916e-02]]

 ...

 [[-1.3695029e-03 -1.0927872e-02 -1.0825290e-02 ... -1.1642894e-03
    1.6127120e-03  2.7032482e-04]
  [-1.8000596e-03  3.9710370e-03  3.8417585e-03 ... -1.6374353e-03
   -6.6447310e-04 -1.4014295e-03]
  [ 9.2722313e-04  1.5803422e-03 -4.6801176e-03 ... -3.5736989e-04
   -2.0959531e-03 -8.9655127e-03]
  ...
  [ 2.8085958e-03  5.3163609e-03 -1.6196510e-03 ... -5.0093946e-03
   -4.7996454e-03 -7.4273720e-03]
  [-1.7494748e-03 -2.0976812e-03 -5.3718612e-03 ... -8.9061279e-03
    6.0602804e-03  3.6147933e-03]
  [ 3.4751347e-03 -1.3931046e-02  3.7048182e-03 ... -7.4016157e-04
   -7.8242989e-03  6.7601358e-03]]

 [[-5.5996827e-03  1.9811981e-03 -3.9542658e-04 ...  7.8753103e-03
    2.9625220e-03  8.0096172e-03]
  [-1.8949534e-03  6.4629666e-04  1.1615428e-02 ...  4.8772916e-03
   -4.9071792e-03 -6.9089658e-03]
  [-2.9637725e-03  1.4870249e-02 -4.2831702e-03 ... -3.8539458e-03
    8.4320251e-03  8.9400588e-03]
  ...
  [ 6.9060642e-03 -7.2433278e-03  3.2792932e-03 ...  2.4083499e-03
    1.8057611e-03 -7.9298317e-03]
  [-3.1524948e-03  7.1217148e-03  6.0994865e-04 ...  4.3097059e-03
    2.7903408e-04  9.2932936e-03]
  [-4.4223366e-04 -4.8052180e-03 -5.2387192e-04 ... -1.2667528e-04
   -5.2817678e-03  1.6571097e-02]]

 [[ 1.7965548e-03  6.7975866e-03 -3.5418798e-03 ...  5.0411304e-03
    1.0183840e-04  2.3579712e-03]
  [ 2.9119512e-03 -6.4678267e-03  1.3438951e-03 ... -1.5205548e-03
   -3.6043245e-03 -7.5943754e-03]
  [-9.2837978e-03  4.9310126e-03 -1.0393360e-02 ... -4.8997975e-03
   -1.2715709e-02  2.3773294e-03]
  ...
  [ 3.6079481e-03  6.8409900e-05 -7.5240019e-03 ... -8.3967745e-03
   -7.6546757e-03 -3.1008571e-03]
  [-4.8201322e-03 -6.1273188e-03 -7.0253311e-04 ... -3.3613404e-03
   -4.8553990e-04  1.2193538e-03]
  [ 4.6849586e-03 -2.4653277e-03  5.6646887e-04 ... -5.4377184e-04
   -3.2471714e-04  1.0401408e-02]]]
--------------------------------------------------------------------------------

====================================================================================================
FILE: block0_reshape_3d_to_2d.npz
====================================================================================================

KEY: key
--------------------------------------------------------------------------------
[        0 402274450]
--------------------------------------------------------------------------------

KEY: outputs
--------------------------------------------------------------------------------
[[-6.4888000e-03  1.2092590e-03  6.5155029e-03 ...  1.1222839e-02
   3.0155182e-03  5.3558350e-03]
 [-5.4283142e-03  1.4505386e-03  7.1945190e-03 ...  7.9631805e-03
   2.6588440e-03  1.6183853e-03]
 [-4.9515394e-03  5.8941753e-03  3.1120330e-03 ...  7.1279285e-03
   1.3739092e-03  5.0055678e-04]
 ...
 [-3.5637897e-04 -1.1337339e-03 -6.6575065e-04 ...  2.3708850e-04
   6.6655665e-04 -1.7267892e-04]
 [-4.2716484e-04 -1.2127205e-03 -6.6618941e-04 ...  1.7994316e-04
   6.4812927e-04 -1.5054538e-04]
 [-3.4739857e-04 -1.2325980e-03 -6.4708909e-04 ...  1.6868114e-04
   6.3308422e-04  1.4252961e-05]]
--------------------------------------------------------------------------------

====================================================================================================
FILE: block0_reshape_3d_to_2d_attnout.npz
====================================================================================================

KEY: key
--------------------------------------------------------------------------------
[        0 401428844]
--------------------------------------------------------------------------------

KEY: inputs
--------------------------------------------------------------------------------
[[[0. 0. 0. ... 0. 0. 0.]
  [0. 0. 0. ... 0. 0. 0.]
  [0. 0. 0. ... 0. 0. 0.]
  ...
  [0. 0. 0. ... 0. 0. 0.]
  [0. 0. 0. ... 0. 0. 0.]
  [0. 0. 0. ... 0. 0. 0.]]

 [[0. 0. 0. ... 0. 0. 0.]
  [0. 0. 0. ... 0. 0. 0.]
  [0. 0. 0. ... 0. 0. 0.]
  ...
  [0. 0. 0. ... 0. 0. 0.]
  [0. 0. 0. ... 0. 0. 0.]
  [0. 0. 0. ... 0. 0. 0.]]

 [[0. 0. 0. ... 0. 0. 0.]
  [0. 0. 0. ... 0. 0. 0.]
  [0. 0. 0. ... 0. 0. 0.]
  ...
  [0. 0. 0. ... 0. 0. 0.]
  [0. 0. 0. ... 0. 0. 0.]
  [0. 0. 0. ... 0. 0. 0.]]

 ...

 [[0. 0. 0. ... 0. 0. 0.]
  [0. 0. 0. ... 0. 0. 0.]
  [0. 0. 0. ... 0. 0. 0.]
  ...
  [0. 0. 0. ... 0. 0. 0.]
  [0. 0. 0. ... 0. 0. 0.]
  [0. 0. 0. ... 0. 0. 0.]]

 [[0. 0. 0. ... 0. 0. 0.]
  [0. 0. 0. ... 0. 0. 0.]
  [0. 0. 0. ... 0. 0. 0.]
  ...
  [0. 0. 0. ... 0. 0. 0.]
  [0. 0. 0. ... 0. 0. 0.]
  [0. 0. 0. ... 0. 0. 0.]]

 [[0. 0. 0. ... 0. 0. 0.]
  [0. 0. 0. ... 0. 0. 0.]
  [0. 0. 0. ... 0. 0. 0.]
  ...
  [0. 0. 0. ... 0. 0. 0.]
  [0. 0. 0. ... 0. 0. 0.]
  [0. 0. 0. ... 0. 0. 0.]]]
--------------------------------------------------------------------------------

KEY: outputs
--------------------------------------------------------------------------------
[[0. 0. 0. ... 0. 0. 0.]
 [0. 0. 0. ... 0. 0. 0.]
 [0. 0. 0. ... 0. 0. 0.]
 ...
 [0. 0. 0. ... 0. 0. 0.]
 [0. 0. 0. ... 0. 0. 0.]
 [0. 0. 0. ... 0. 0. 0.]]
--------------------------------------------------------------------------------

====================================================================================================
FILE: block0_z_attn.npz
====================================================================================================

KEY: key
--------------------------------------------------------------------------------
[       0 68870616]
--------------------------------------------------------------------------------

KEY: zF
--------------------------------------------------------------------------------
[[-6.4828042e-03  1.2082940e-03  6.5031806e-03 ...  1.1216270e-02
   3.0130630e-03  5.3530755e-03]
 [-5.4246094e-03  1.4505823e-03  7.1858168e-03 ...  7.9581020e-03
   2.6555127e-03  1.6179323e-03]
 [-4.9480773e-03  5.8931480e-03  3.1055021e-03 ...  7.1237679e-03
   1.3709062e-03  5.0044758e-04]
 ...
 [-3.5621203e-04 -1.1330466e-03 -6.6520955e-04 ...  2.3706767e-04
   6.6615565e-04 -1.7244685e-04]
 [-4.2697985e-04 -1.2120222e-03 -6.6564331e-04 ...  1.7993596e-04
   6.4773852e-04 -1.5031852e-04]
 [-3.4722933e-04 -1.2318975e-03 -6.4658123e-04 ...  1.6867825e-04
   6.3270365e-04  1.4465675e-05]]
--------------------------------------------------------------------------------

KEY: z
--------------------------------------------------------------------------------
[[-6.4828042e-03  1.2082940e-03  6.5031806e-03 ...  1.1216270e-02
   3.0130630e-03  5.3530755e-03]
 [-5.4246094e-03  1.4505823e-03  7.1858168e-03 ...  7.9581020e-03
   2.6555127e-03  1.6179323e-03]
 [-4.9480773e-03  5.8931480e-03  3.1055021e-03 ...  7.1237679e-03
   1.3709062e-03  5.0044758e-04]
 ...
 [-3.5621203e-04 -1.1330466e-03 -6.6520955e-04 ...  2.3706767e-04
   6.6615565e-04 -1.7244685e-04]
 [-4.2697985e-04 -1.2120222e-03 -6.6564331e-04 ...  1.7993596e-04
   6.4773852e-04 -1.5031852e-04]
 [-3.4722933e-04 -1.2318975e-03 -6.4658123e-04 ...  1.6867825e-04
   6.3270365e-04  1.4465675e-05]]
--------------------------------------------------------------------------------

====================================================================================================
FILE: block0_z_mlp.npz
====================================================================================================

KEY: key
--------------------------------------------------------------------------------
[        0 206140311]
--------------------------------------------------------------------------------

KEY: zF
--------------------------------------------------------------------------------
[[ 6.6910300e-04 -1.0578919e-04 -1.1820458e-03 ...  1.0697350e-03
   5.5379438e-04  8.7350322e-04]
 [ 4.3777126e-04  1.8748824e-04 -6.1610679e-04 ...  7.7787990e-04
   3.0181126e-04  8.3815015e-04]
 [ 2.7160208e-05  4.6986621e-04 -1.5401418e-04 ...  7.8307098e-04
   4.7903712e-04  7.7965669e-04]
 ...
 [ 2.9152146e-05  1.4882197e-04 -4.1401865e-05 ... -1.0972220e-05
  -3.1697811e-05  6.6639484e-05]
 [ 8.0316304e-06  1.4078971e-04 -3.5254299e-05 ... -1.5778885e-05
  -5.0372357e-05  6.2512110e-05]
 [ 7.2531875e-06  1.4969450e-04 -3.0786432e-05 ... -1.7523218e-05
  -5.4834203e-05  5.5853685e-05]]
--------------------------------------------------------------------------------

KEY: z
--------------------------------------------------------------------------------
[[ 6.6910300e-04 -1.0578919e-04 -1.1820458e-03 ...  1.0697350e-03
   5.5379438e-04  8.7350322e-04]
 [ 4.3777126e-04  1.8748824e-04 -6.1610679e-04 ...  7.7787990e-04
   3.0181126e-04  8.3815015e-04]
 [ 2.7160208e-05  4.6986621e-04 -1.5401418e-04 ...  7.8307098e-04
   4.7903712e-04  7.7965669e-04]
 ...
 [ 2.9152146e-05  1.4882197e-04 -4.1401865e-05 ... -1.0972220e-05
  -3.1697811e-05  6.6639484e-05]
 [ 8.0316304e-06  1.4078971e-04 -3.5254299e-05 ... -1.5778885e-05
  -5.0372357e-05  6.2512110e-05]
 [ 7.2531875e-06  1.4969450e-04 -3.0786432e-05 ... -1.7523218e-05
  -5.4834203e-05  5.5853685e-05]]
--------------------------------------------------------------------------------

====================================================================================================
FILE: block0_z_mlp2.npz
====================================================================================================

KEY: key
--------------------------------------------------------------------------------
[        0 206832986]
--------------------------------------------------------------------------------

KEY: zF
--------------------------------------------------------------------------------
[[ 2.63244019e-05  2.43591003e-05  9.18316346e-06 ... -4.74856206e-05
   8.65138554e-06 -6.44533866e-05]
 [ 1.68705683e-05  6.75208503e-06 -1.82607928e-05 ...  1.16111287e-05
   6.40066446e-06 -2.62818685e-05]
 [ 1.47147057e-05 -1.25761435e-05 -7.77628793e-06 ...  3.59703627e-05
  -3.47049463e-05 -4.48490318e-05]
 ...
 [-9.32348371e-07 -4.12428062e-06 -3.76141259e-07 ... -7.04981676e-06
  -7.53819165e-07 -1.25321003e-05]
 [-1.11368911e-06 -3.60751960e-06 -1.02169236e-06 ... -7.97424400e-06
  -9.46877947e-07 -1.20543500e-05]
 [-2.56970253e-07 -3.87454202e-06 -2.07457151e-06 ... -9.27111614e-06
  -1.57873455e-06 -1.22308238e-05]]
--------------------------------------------------------------------------------

KEY: z
--------------------------------------------------------------------------------
[[ 5.2646443e-05  4.8716178e-05  1.8366040e-05 ... -9.4978917e-05
   1.7302515e-05 -1.2892092e-04]
 [ 3.3740169e-05  1.3504015e-05 -3.6522721e-05 ...  2.3221797e-05
   1.2801190e-05 -5.2566087e-05]
 [ 2.9428675e-05 -2.5152827e-05 -1.5552781e-05 ...  7.1936316e-05
  -6.9413996e-05 -8.9704910e-05]
 ...
 [-1.8646998e-06 -8.2486195e-06 -7.5228303e-07 ... -1.4099802e-05
  -1.5076403e-06 -2.5064735e-05]
 [-2.2273825e-06 -7.2150838e-06 -2.0433883e-06 ... -1.5948704e-05
  -1.8937591e-06 -2.4109195e-05]
 [-5.1394073e-07 -7.7491359e-06 -4.1491580e-06 ... -1.8542523e-05
  -3.1574773e-06 -2.4462155e-05]]
--------------------------------------------------------------------------------

====================================================================================================
FILE: block0_z_qkv.npz
====================================================================================================

KEY: key
--------------------------------------------------------------------------------
[       0 67940670]
--------------------------------------------------------------------------------

KEY: zF
--------------------------------------------------------------------------------
[[ 0.00125266 -0.00086488 -0.03921134 ... -0.03031613 -0.02668388
  -0.03634667]
 [-0.00897235  0.01560643 -0.01025489 ... -0.02176178  0.04251621
  -0.00821435]
 [-0.00668166 -0.00016052 -0.01260344 ...  0.00208247 -0.03236733
   0.02639694]
 ...
 [ 0.01145139 -0.03837948  0.08256631 ... -0.01052156 -0.01005278
  -0.03097616]
 [ 0.0144035  -0.02100038  0.02743964 ...  0.03574162 -0.01999285
   0.01758926]
 [ 0.00078683 -0.00387245  0.01497066 ...  0.01300928 -0.02312928
   0.01673274]]
--------------------------------------------------------------------------------

KEY: z
--------------------------------------------------------------------------------
[[ 0.00125266 -0.00086488 -0.03921134 ... -0.03031613 -0.02668388
  -0.03634667]
 [-0.00897235  0.01560643 -0.01025489 ... -0.02176178  0.04251621
  -0.00821435]
 [-0.00668166 -0.00016052 -0.01260344 ...  0.00208247 -0.03236733
   0.02639694]
 ...
 [ 0.01145139 -0.03837948  0.08256631 ... -0.01052156 -0.01005278
  -0.03097616]
 [ 0.0144035  -0.02100038  0.02743964 ...  0.03574162 -0.01999285
   0.01758926]
 [ 0.00078683 -0.00387245  0.01497066 ...  0.01300928 -0.02312928
   0.01673274]]
--------------------------------------------------------------------------------

====================================================================================================
FILE: block1_E_attn.npz
====================================================================================================

KEY: key
--------------------------------------------------------------------------------
[2841221639 2440852759]
--------------------------------------------------------------------------------

KEY: outputs
--------------------------------------------------------------------------------
[[ 1.00119884e-07 -1.34768618e-06  1.08704262e-06 ...  7.36370964e-07
   1.47294679e-06 -1.28603983e-06]
 [ 9.40584596e-06 -8.14828169e-08  6.04054458e-06 ...  2.76791320e-06
  -1.12855032e-05 -1.11966174e-05]
 [-5.41679128e-07 -1.30586602e-06  1.37985660e-06 ...  8.75289174e-07
   7.58690675e-08  2.19165202e-08]
 ...
 [-1.99101169e-06 -4.31525223e-06  2.17271463e-06 ...  7.07584149e-06
  -7.24601659e-06 -6.80172434e-06]
 [ 7.48912498e-07 -6.86413728e-07  1.65666097e-06 ... -1.08108543e-06
  -3.45492310e-08 -2.21158615e-07]
 [-3.28118513e-05  4.45367732e-05 -1.50115202e-05 ...  7.84496024e-08
  -1.08082413e-05 -7.49743049e-06]]
--------------------------------------------------------------------------------

KEY: weights
--------------------------------------------------------------------------------
[[-0.00336351  0.01503233 -0.00531835 ...  0.00516651 -0.00557565
   0.00505282]
 [-0.00124723  0.00530394  0.02105813 ... -0.00948272  0.00290035
  -0.00892519]
 [-0.00132569 -0.0035892  -0.00167013 ...  0.01026438  0.00424412
  -0.01164435]
 ...
 [-0.00404596  0.00335242 -0.00466288 ... -0.01460541 -0.00890249
  -0.01556742]
 [ 0.01030807  0.00481718 -0.00251527 ... -0.00335039 -0.0148606
   0.00925649]
 [ 0.00673685  0.00057973  0.0120006  ...  0.01767464  0.00719592
   0.00306582]]
--------------------------------------------------------------------------------

KEY: mask
--------------------------------------------------------------------------------
1.0
--------------------------------------------------------------------------------

KEY: biases
--------------------------------------------------------------------------------
0.0
--------------------------------------------------------------------------------

====================================================================================================
FILE: block1_E_k.npz
====================================================================================================

KEY: key
--------------------------------------------------------------------------------
[2659551126  643662756]
--------------------------------------------------------------------------------

KEY: outputs
--------------------------------------------------------------------------------
[[ 0.0000000e+00  0.0000000e+00  0.0000000e+00 ...  0.0000000e+00
   0.0000000e+00  0.0000000e+00]
 [ 4.1493634e-19  8.5577387e-19 -4.7214280e-19 ...  9.7311895e-19
   2.6977366e-19 -5.2406369e-19]
 [ 9.0295701e-20  4.2155735e-20  1.5364112e-20 ...  8.0649935e-20
   1.3975841e-19 -3.5874195e-19]
 ...
 [ 2.8691503e-20  7.4399655e-20 -5.9899391e-21 ...  1.8625627e-20
  -1.8207489e-20  2.9818061e-20]
 [ 2.7416785e-20  7.2993720e-20 -4.3827729e-21 ...  2.3862233e-20
  -1.7886126e-20  3.3434986e-20]
 [ 3.5757031e-20  7.6574171e-20 -1.2624307e-20 ...  2.2763135e-20
  -1.8749294e-20  3.9544222e-20]]
--------------------------------------------------------------------------------

KEY: weights
--------------------------------------------------------------------------------
[[-0.00806068  0.00262902  0.0142982  ...  0.0110619   0.00261435
  -0.01921774]
 [-0.01582098  0.01740601 -0.00286864 ... -0.00450696  0.01342236
  -0.0136824 ]
 [ 0.04165212 -0.00384856  0.01149511 ... -0.02593024  0.00364887
  -0.0166596 ]
 ...
 [ 0.02345153 -0.02086967 -0.01728845 ... -0.00221623 -0.00783416
  -0.01396828]
 [-0.00478664 -0.01918601 -0.02406462 ... -0.0171818   0.00791398
   0.04862157]
 [-0.02816436 -0.03890974 -0.00447587 ... -0.01370265  0.01410583
   0.02193296]]
--------------------------------------------------------------------------------

KEY: mask
--------------------------------------------------------------------------------
1.0
--------------------------------------------------------------------------------

KEY: biases
--------------------------------------------------------------------------------
0.0
--------------------------------------------------------------------------------

====================================================================================================
FILE: block1_E_mlp.npz
====================================================================================================

KEY: key
--------------------------------------------------------------------------------
[1535258569 1469895949]
--------------------------------------------------------------------------------

KEY: outputs
--------------------------------------------------------------------------------
[[ 2.5751935e-05 -3.4462566e-05  8.2155093e-06 ...  4.0303523e-05
  -1.1425070e-05 -4.2537384e-05]
 [-2.1365362e-05  1.0011563e-04  4.1652008e-04 ...  4.0798564e-04
   7.7200148e-06 -3.1887823e-05]
 [ 1.6247486e-05 -1.5062257e-05 -2.6858164e-05 ... -2.2901186e-05
  -1.4667975e-06 -1.5201299e-05]
 ...
 [ 8.1100239e-05  1.5256883e-04  7.5994300e-05 ... -1.0743205e-04
   4.6136996e-05  5.1711471e-05]
 [ 6.3460873e-05 -8.6235596e-05 -1.0711834e-04 ...  3.8153471e-06
   1.6787988e-05 -3.9353170e-05]
 [ 2.8872225e-04  1.0043887e-03  8.1948092e-04 ...  6.9646671e-04
   1.3816291e-03 -1.5488119e-03]]
--------------------------------------------------------------------------------

KEY: weights
--------------------------------------------------------------------------------
[[-1.30943293e-02 -1.29928309e-02 -1.50236934e-02 ...  1.12402753e-03
   5.18706627e-03  6.40357565e-03]
 [-5.93096265e-05  4.90779465e-04 -3.61247477e-03 ... -6.57018600e-03
  -1.54612698e-02 -6.37123408e-03]
 [-1.58282218e-03  4.66079311e-03 -1.57545004e-02 ... -8.30845907e-03
  -1.57136191e-02  2.30010673e-02]
 ...
 [-9.27685015e-03  3.09966691e-03  5.57790557e-03 ... -9.39306989e-03
  -6.42239070e-03 -7.19036208e-04]
 [-1.05216261e-02 -2.36530812e-03 -7.88606890e-03 ... -9.67574213e-03
  -4.71438747e-03 -5.18961390e-03]
 [-4.29986604e-03 -6.90994272e-03  1.21347588e-02 ...  3.20132822e-03
  -1.66515391e-02  1.25720855e-02]]
--------------------------------------------------------------------------------

KEY: mask
--------------------------------------------------------------------------------
1.0
--------------------------------------------------------------------------------

KEY: biases
--------------------------------------------------------------------------------
0.0
--------------------------------------------------------------------------------

====================================================================================================
FILE: block1_E_mlp1.npz
====================================================================================================

KEY: key
--------------------------------------------------------------------------------
[1535258569 1469895949]
--------------------------------------------------------------------------------

KEY: outputs
--------------------------------------------------------------------------------
[[-1.99970532e-06 -1.23819473e-05 -4.02170144e-06 ...  1.46430057e-05
   3.39940220e-06  2.08868896e-05]
 [-1.61967946e-05  1.00723220e-04 -3.42017374e-05 ...  2.60437573e-05
   3.45994999e-06  1.38040603e-04]
 [-2.25009398e-06 -1.04423443e-05 -8.42459599e-07 ... -5.55389443e-06
  -5.00620263e-06  2.02494102e-05]
 ...
 [-6.04400520e-06 -3.05232061e-05 -9.34020045e-06 ...  1.88148406e-05
   3.76174357e-05  5.25773430e-07]
 [ 1.41313767e-05 -3.18738130e-05 -4.82780479e-06 ... -9.85250881e-06
  -1.94702352e-05 -1.08909380e-05]
 [-2.46585423e-05  1.87059806e-04 -1.22883575e-04 ...  4.33910085e-04
  -1.10574496e-04 -6.92795875e-05]]
--------------------------------------------------------------------------------

KEY: weights
--------------------------------------------------------------------------------
[[ 0.00520226  0.00286802 -0.02283552 ...  0.04934686 -0.00084422
   0.01788201]
 [ 0.00610924  0.01544302 -0.00024295 ...  0.01339671  0.02412872
   0.00108966]
 [-0.0198379  -0.01113847 -0.00325018 ... -0.00785241 -0.00102814
  -0.01694118]
 ...
 [-0.02957541  0.03355905 -0.02835315 ...  0.02217409  0.00445816
   0.00269613]
 [ 0.02446338  0.00974372  0.00313805 ...  0.0035573  -0.02287467
   0.0035557 ]
 [ 0.01356482  0.05202428 -0.02063543 ...  0.01174212 -0.02479203
  -0.0235258 ]]
--------------------------------------------------------------------------------

KEY: mask
--------------------------------------------------------------------------------
1.0
--------------------------------------------------------------------------------

KEY: biases
--------------------------------------------------------------------------------
0.0
--------------------------------------------------------------------------------

====================================================================================================
FILE: block1_E_q.npz
====================================================================================================

KEY: key
--------------------------------------------------------------------------------
[3112304829 3621023239]
--------------------------------------------------------------------------------

KEY: outputs
--------------------------------------------------------------------------------
[[ 0.0000000e+00  0.0000000e+00  0.0000000e+00 ...  0.0000000e+00
   0.0000000e+00  0.0000000e+00]
 [-1.1402625e-18 -7.4645368e-19 -2.3522494e-19 ...  2.2610795e-20
  -1.0984303e-19  1.3744350e-18]
 [-1.0607467e-20 -2.9929841e-20  8.3001552e-20 ... -1.2695912e-19
   9.8200239e-20  5.1458730e-19]
 ...
 [-1.7788737e-20 -2.6021131e-20 -4.0734609e-20 ... -3.1172686e-20
   3.0616003e-20 -6.6585321e-21]
 [-1.8769318e-20 -2.1725871e-20 -3.6221250e-20 ... -2.9627509e-20
   2.7105203e-20 -1.7612382e-21]
 [-2.9836715e-20 -2.9588428e-20 -2.8071130e-20 ... -1.4207255e-20
   3.2553874e-20  2.4117461e-21]]
--------------------------------------------------------------------------------

KEY: weights
--------------------------------------------------------------------------------
[[ 0.0020593  -0.0039001   0.00445984 ...  0.00115464  0.02837907
   0.0113262 ]
 [-0.01183404 -0.00891543 -0.01178259 ... -0.00179472  0.01664124
   0.00135254]
 [-0.00835803  0.03274713 -0.03448195 ... -0.00089588 -0.00811987
  -0.00113116]
 ...
 [ 0.00516858 -0.01546592  0.02159825 ... -0.01548871 -0.01250858
   0.00495172]
 [ 0.01386899  0.01840701 -0.02429508 ... -0.00395457  0.03826974
  -0.01245711]
 [ 0.00465583  0.01086801  0.00098175 ...  0.02258421  0.00195752
  -0.00162421]]
--------------------------------------------------------------------------------

KEY: mask
--------------------------------------------------------------------------------
1.0
--------------------------------------------------------------------------------

KEY: biases
--------------------------------------------------------------------------------
0.0
--------------------------------------------------------------------------------

====================================================================================================
FILE: block1_E_v.npz
====================================================================================================

KEY: key
--------------------------------------------------------------------------------
[3328261161  738122373]
--------------------------------------------------------------------------------

KEY: outputs
--------------------------------------------------------------------------------
[[-1.4339020e-06  4.7116632e-07 -3.1852102e-07 ... -3.0833687e-07
   5.0205784e-08 -9.2501324e-07]
 [-1.3269956e-06  7.3568054e-07 -5.6374256e-07 ... -7.2621987e-08
  -2.1178420e-07 -6.8808362e-07]
 [-1.1615484e-06  2.4371812e-07 -3.4698346e-07 ...  4.7048064e-07
  -7.2696952e-07 -4.5672903e-07]
 ...
 [-4.0161613e-08  1.9905123e-08 -2.0555877e-08 ... -9.5533665e-08
  -8.9748447e-08  1.5226355e-07]
 [-1.5263110e-08  7.5103213e-09 -4.6165720e-08 ... -1.1747353e-07
  -9.3703555e-08  1.5816674e-07]
 [-1.0235040e-08  4.4241282e-09 -4.4355943e-08 ... -1.1925536e-07
  -1.0043401e-07  1.6919746e-07]]
--------------------------------------------------------------------------------

KEY: weights
--------------------------------------------------------------------------------
[[ 0.00076452  0.01158999 -0.00552016 ...  0.00023917 -0.00895871
  -0.01405572]
 [-0.01657216  0.01952147 -0.02787071 ...  0.0264258  -0.01741114
  -0.0166095 ]
 [ 0.03408557 -0.0309331  -0.03081855 ...  0.00906977  0.04349771
   0.02088215]
 ...
 [ 0.00447274 -0.04035134  0.010333   ... -0.02225469 -0.01489308
  -0.01331855]
 [-0.0062141   0.00453123 -0.01560038 ... -0.01900785  0.00907445
  -0.02167608]
 [ 0.02295742  0.002931   -0.00429545 ... -0.03537066  0.02359666
  -0.00792291]]
--------------------------------------------------------------------------------

KEY: mask
--------------------------------------------------------------------------------
1.0
--------------------------------------------------------------------------------

KEY: biases
--------------------------------------------------------------------------------
0.0
--------------------------------------------------------------------------------

====================================================================================================
FILE: block1_W_attn_out.npz
====================================================================================================

KEY: key
--------------------------------------------------------------------------------
[2640028233 3264236155]
--------------------------------------------------------------------------------

KEY: outputs
--------------------------------------------------------------------------------
[[-2.2524205e-07 -7.1318294e-07  4.5206372e-07 ... -1.6761675e-08
  -1.3597520e-06  3.1232194e-06]
 [ 4.3366737e-07  8.5606246e-07  7.8355868e-08 ...  8.0501553e-07
  -1.1549180e-06  3.3349152e-06]
 [-1.6054825e-07 -5.0852185e-07  4.5804211e-07 ... -2.2072355e-07
  -1.2267764e-06  3.0663437e-06]
 ...
 [-6.6664541e-07 -2.4720640e-07  7.8462881e-07 ...  5.9467013e-08
  -2.4526469e-07  2.1438516e-06]
 [-1.7956049e-07 -9.2566927e-07  4.7009934e-07 ... -4.9841287e-08
  -1.3789438e-06  2.6621383e-06]
 [ 4.3607383e-06  1.4698087e-06 -2.0373104e-06 ...  2.1571409e-06
  -2.4799165e-06  1.8278740e-06]]
--------------------------------------------------------------------------------

KEY: weights
--------------------------------------------------------------------------------
[[-0.00336351 -0.00124723 -0.00132569 ... -0.00404596  0.01030807
   0.00673685]
 [ 0.01503233  0.00530394 -0.0035892  ...  0.00335242  0.00481718
   0.00057973]
 [-0.00531835  0.02105813 -0.00167013 ... -0.00466288 -0.00251527
   0.0120006 ]
 ...
 [ 0.00516651 -0.00948272  0.01026438 ... -0.01460541 -0.00335039
   0.01767464]
 [-0.00557565  0.00290035  0.00424412 ... -0.00890249 -0.0148606
   0.00719592]
 [ 0.00505282 -0.00892519 -0.01164435 ... -0.01556742  0.00925649
   0.00306582]]
--------------------------------------------------------------------------------

KEY: mask
--------------------------------------------------------------------------------
1.0
--------------------------------------------------------------------------------

KEY: biases
--------------------------------------------------------------------------------
[[-6.0889143e-08 -3.7150110e-07  5.8774606e-07 -6.0377912e-09
  -3.1740618e-07 -1.4798758e-06  1.5937122e-06  1.3493514e-06
  -7.1937421e-08 -1.2275582e-06  6.9455194e-07  1.8050679e-06
  -8.3573406e-07  6.8854297e-07  2.9559014e-06 -1.4864945e-06
   6.5882494e-07 -2.2690506e-06  7.8050817e-07  2.4436183e-06
  -2.5819970e-06 -4.9413029e-07  6.4267988e-07  9.2065028e-07
   1.8844275e-06  1.6696860e-06 -6.1740445e-07 -1.5202996e-06
   1.1097651e-06 -5.5232562e-07 -5.7811184e-07 -2.0335385e-06
   6.4514637e-07 -1.9466707e-07 -7.9828334e-07 -1.2689328e-06
  -1.4862235e-06  9.6946124e-08  1.5912940e-06 -1.4602653e-06
   1.4718846e-06  1.1873463e-07  1.6686701e-07 -6.8964886e-07
  -6.9298437e-07  9.8409009e-07 -2.2711115e-06 -1.3141243e-06
   1.1277102e-06 -1.1405850e-06 -1.3261191e-06 -7.0047781e-07
  -1.5973585e-06 -2.7504618e-06 -7.4377914e-07 -3.9655637e-07
  -8.3381735e-07  1.2144800e-06 -8.9641645e-07 -3.1091241e-07
   1.0650789e-06 -2.4843789e-06  1.3860586e-06  7.9370750e-08
   2.6886530e-06 -2.8374834e-07 -4.2389965e-07  2.3078992e-06
  -5.1602973e-07 -1.2256939e-06 -9.6761516e-07  2.5770544e-06
  -1.2072632e-06 -7.3735845e-07 -4.2667921e-07 -8.8683231e-07
   7.1174026e-07 -2.3040943e-07  2.2717570e-06  2.5374700e-07
   8.0517418e-07  8.1161846e-07  9.3925837e-07 -2.6057418e-07
  -9.9602602e-08 -5.1031128e-07 -3.8489748e-07 -7.7379588e-07
   2.2590884e-06 -1.5853149e-06  2.4449605e-08  3.0934805e-06
   1.6519891e-06 -1.0624588e-07 -1.0727757e-06  2.7947017e-06]]
--------------------------------------------------------------------------------

KEY: dWeights
--------------------------------------------------------------------------------
[[-6.4576582e-08  7.4411062e-08  7.6194162e-08 ...  3.0990802e-07
   5.0019757e-08 -1.0631295e-08]
 [-7.1842173e-08 -2.2662371e-07 -4.9849039e-08 ... -9.6927941e-08
  -1.1112333e-07 -3.3008357e-07]
 [ 1.7363647e-07 -6.1020430e-08  1.1748438e-07 ...  4.9248808e-08
   2.8594732e-07 -3.4160269e-08]
 ...
 [ 3.9064876e-08 -5.1702006e-08 -2.2894085e-07 ... -1.4220863e-07
  -1.4646244e-07 -2.2561463e-07]
 [-3.2422037e-07  3.0994659e-08 -1.3541909e-07 ... -1.8504589e-07
   3.4390675e-07 -9.7440946e-08]
 [ 9.4594562e-08  5.5717670e-08  9.2560043e-08 ...  4.3066610e-08
   1.3104119e-07 -1.4303983e-08]]
--------------------------------------------------------------------------------

KEY: dBiases
--------------------------------------------------------------------------------
[[ 4.12401045e-03  5.74865751e-03  5.18593844e-03  2.09346763e-06
   2.71930406e-03  7.75067462e-03 -8.03598389e-03 -4.47966810e-03
   4.02164506e-03  6.77865651e-03 -5.63160807e-04 -3.69329751e-03
   2.12377170e-04  1.45583972e-03 -1.19371200e-03  1.81236106e-03
   1.30442576e-03  5.01720468e-03  5.45986462e-04 -8.78035498e-04
   2.05402379e-04  2.13388493e-03  1.64006231e-03 -6.95064897e-04
  -2.86711543e-03 -3.97469057e-03  4.70327260e-03 -1.53194158e-03
   4.33683582e-03  7.65192974e-03 -1.27883418e-03  3.30388453e-03
  -1.64899183e-03  3.10926023e-03  4.64648474e-03  6.77742017e-03
   5.00347652e-03 -9.47384723e-03 -4.60926956e-03 -5.78587363e-03
  -7.48411007e-03 -7.60575756e-03  2.08175799e-04  3.70427966e-03
  -1.25352456e-03  2.09064502e-03 -3.37597914e-04 -8.65005422e-04
  -2.98474496e-03  1.59349991e-04  3.04103771e-04  5.43919578e-03
  -3.01119382e-03  2.16297084e-03 -2.48855958e-03 -1.19195960e-04
  -1.97825232e-03 -7.23534613e-05  6.07744441e-05  4.76236269e-03
  -4.91080713e-03  1.10381073e-03 -4.69372049e-03  4.50430764e-03
  -4.66114958e-04  3.96815874e-03  9.40473191e-03  4.59048524e-03
  -3.78674408e-03  4.36243089e-03 -8.94854427e-04 -5.26303612e-03
  -3.01640388e-03  1.07735489e-03 -5.63026499e-03 -5.87957678e-04
   1.26139878e-03 -2.76684947e-03 -3.81871895e-03 -5.39945252e-03
  -6.20970782e-03 -1.72368519e-03 -1.08154304e-02  5.55532705e-03
   1.82203029e-03  5.42757614e-03  1.15110795e-03 -1.95781700e-03
   1.55980838e-03  9.04630776e-03  4.56334045e-03  3.33351735e-03
  -5.99883380e-04  2.37498549e-03 -2.51208944e-03 -1.32307075e-02]]
--------------------------------------------------------------------------------

====================================================================================================
FILE: block1_W_k.npz
====================================================================================================

KEY: key
--------------------------------------------------------------------------------
[1273777920 2350374794]
--------------------------------------------------------------------------------

KEY: outputs
--------------------------------------------------------------------------------
[[-1.04022001e-06 -1.79148105e-06  1.29589694e-06 ...  2.76316655e-06
   4.82242558e-06  3.22940673e-06]
 [-4.04477191e-07 -1.53553276e-06  2.01452099e-06 ...  2.59321337e-06
   3.59363617e-06  1.10610574e-06]
 [-1.08213499e-06 -6.43775707e-07  1.48414756e-06 ...  3.40189814e-07
   1.89176205e-06 -1.40527490e-07]
 ...
 [-4.77868518e-08 -9.54358441e-08  9.79062307e-08 ...  1.88232576e-07
   2.00044013e-07 -1.61617741e-09]
 [-1.02740515e-07 -5.48575727e-08  1.21282071e-07 ...  1.18627568e-07
   1.34095899e-07 -5.91397438e-08]
 [-1.19488817e-07 -2.79286496e-08  1.53418085e-07 ...  4.56433078e-08
   8.97592329e-08 -9.63658167e-08]]
--------------------------------------------------------------------------------

KEY: weights
--------------------------------------------------------------------------------
[[-0.00806068 -0.01582098  0.04165212 ...  0.02345153 -0.00478664
  -0.02816436]
 [ 0.00262902  0.01740601 -0.00384856 ... -0.02086967 -0.01918601
  -0.03890974]
 [ 0.0142982  -0.00286864  0.01149511 ... -0.01728845 -0.02406462
  -0.00447587]
 ...
 [ 0.0110619  -0.00450696 -0.02593024 ... -0.00221623 -0.0171818
  -0.01370265]
 [ 0.00261435  0.01342236  0.00364887 ... -0.00783416  0.00791398
   0.01410583]
 [-0.01921774 -0.0136824  -0.0166596  ... -0.01396828  0.04862157
   0.02193296]]
--------------------------------------------------------------------------------

KEY: mask
--------------------------------------------------------------------------------
1.0
--------------------------------------------------------------------------------

KEY: biases
--------------------------------------------------------------------------------
[[ 6.68910427e-21 -9.84903147e-20  1.47793148e-19  9.52484904e-21
   2.19877816e-19  3.84544247e-20  2.23990791e-19  1.12501242e-19
  -1.98907340e-19  3.69942751e-19 -7.14776299e-21  1.61421337e-19
  -8.31327437e-20  2.22926442e-19 -1.28925637e-19 -4.09751219e-20
  -6.64649833e-20  6.78703437e-20  4.95333264e-20  5.80215501e-20
  -7.36599166e-20 -3.03607564e-20  3.44317161e-20  2.72116831e-19
   1.02541173e-19  3.37632844e-19  5.79327897e-20  1.27630686e-19
   9.89927299e-20  3.75897140e-20 -6.78531329e-21 -1.34514431e-19
   3.33673124e-20 -1.31869909e-19 -8.49830821e-20 -3.19484527e-19
  -1.93062921e-20 -1.56327856e-19 -8.03174991e-20 -6.13293557e-21
   2.36340655e-20  1.43765451e-19  1.68405119e-19 -1.81856084e-19
   3.23049055e-20  6.87686813e-20  3.44676597e-20  1.62258935e-19
  -2.13857208e-19  8.56927514e-20 -2.58266031e-20  3.84140298e-19
   1.93977576e-19 -5.60240575e-20  2.76643809e-19 -3.81826467e-19
   1.05021965e-19 -9.83869817e-20 -2.64271927e-19  1.93345364e-19
  -1.58101641e-19  9.63606025e-20  6.48863220e-20 -2.93452559e-19
  -5.16846842e-20 -2.03203690e-19 -1.75885585e-19 -3.86649447e-19
   5.93614276e-20 -3.98001545e-19 -7.69952703e-20  1.31298236e-19
  -3.80109912e-20 -1.58944590e-19 -1.87570135e-20 -2.00766648e-19
  -2.75811588e-19  7.49521989e-20  4.23158330e-20  3.69963056e-20
  -8.40131401e-21 -1.59280154e-19  2.46711245e-19  5.55377400e-20
   1.02040800e-19  2.73221427e-19  1.04906186e-19 -2.66608428e-19
   1.12411842e-19  6.61888471e-20 -3.08337674e-19 -1.13487668e-19
  -5.48370081e-20 -9.42719714e-20 -1.30131162e-19 -6.55465801e-20]]
--------------------------------------------------------------------------------

KEY: dWeights
--------------------------------------------------------------------------------
[[-1.1275894e-21 -2.9178445e-22 -8.3554794e-22 ... -2.5959042e-22
  -1.8256018e-23 -3.9971431e-22]
 [ 7.2745956e-22  2.6925087e-22  1.3194303e-22 ... -9.3537093e-22
   2.6299209e-22 -2.3428528e-22]
 [ 1.1345081e-21 -1.2696718e-22  9.2540760e-22 ...  2.6422150e-22
  -7.2858663e-22  3.3893890e-22]
 ...
 [-8.1330565e-22 -4.0682627e-22 -5.1665325e-22 ... -8.7281368e-22
  -1.8784213e-22 -3.5936482e-22]
 [-8.2502396e-22  2.8783405e-23 -9.6998054e-22 ... -3.5352328e-22
   3.5702562e-22 -5.1810663e-22]
 [-4.8698305e-22 -6.4537178e-23 -2.8097895e-22 ...  4.6159556e-22
   2.8106079e-22  2.0890863e-22]]
--------------------------------------------------------------------------------

KEY: dBiases
--------------------------------------------------------------------------------
[[-3.27183258e-16 -5.10274088e-17 -2.18546809e-16  1.95510927e-16
  -5.32340302e-16  2.00976209e-16 -3.49296906e-16 -1.12568839e-16
  -1.04934862e-16 -1.98895327e-16 -4.23620698e-17 -4.19864570e-16
   6.11875108e-16  1.15895018e-16  5.88494669e-17  1.24580944e-16
  -2.93393578e-16 -5.35842572e-16  4.96986821e-17  5.45039662e-17
  -1.89454959e-16  1.65336676e-16  5.87253964e-17 -3.42598146e-16
  -2.38427360e-16 -6.86760761e-16 -2.79934728e-16 -6.50661911e-16
   1.78867789e-16  3.40421906e-16 -1.75079116e-16  6.09890390e-17
  -1.66545034e-16  2.62187349e-16  4.42187409e-16  6.32139947e-16
   1.00961298e-16  4.28047518e-16 -1.31048160e-16  3.78367182e-16
  -1.57666501e-16 -3.34772567e-16 -4.56945105e-16  9.31007000e-17
   4.95586470e-17 -5.45503313e-17  1.40885190e-16 -3.08946321e-16
   1.08487874e-16 -3.37482702e-16  1.10216708e-16 -1.49664184e-16
  -5.16995526e-17 -7.30334968e-17 -1.71095639e-16  1.00568063e-16
  -2.50555681e-16  1.65384060e-17  1.20487624e-18 -2.62804889e-16
  -1.16150862e-16 -3.45309075e-16 -2.39446526e-16 -3.83230157e-16
   1.39603259e-16  2.95009466e-17  2.27044535e-16 -3.20417794e-16
  -2.24389566e-17  3.64818215e-17  2.35438201e-17  3.86386718e-17
  -1.67499839e-16  4.32668400e-16  4.22694428e-16 -1.24829138e-16
  -9.92574979e-17  5.08553711e-16 -4.06007667e-16  8.14254956e-17
   2.00904568e-16  6.56990187e-17 -6.76058619e-17  6.43609382e-17
  -2.31446432e-16 -3.64213182e-16  1.98338826e-16 -1.78052228e-16
  -2.37267296e-17  9.24224615e-18  1.23721179e-16  3.38635567e-16
   3.06740065e-16  3.29560985e-16  2.10253364e-17  1.95303381e-17]]
--------------------------------------------------------------------------------

====================================================================================================
FILE: block1_W_mlp1.npz
====================================================================================================

KEY: key
--------------------------------------------------------------------------------
[1535258569 1469895949]
--------------------------------------------------------------------------------

KEY: outputs
--------------------------------------------------------------------------------
[[ 6.6340340e-07 -3.2087755e-06  6.1296196e-06 ...  2.3986702e-06
  -4.8996653e-06 -6.4763071e-08]
 [ 4.3266746e-06 -7.7670529e-06  8.9073783e-06 ...  8.6081227e-06
   2.2306118e-05 -1.6741021e-06]
 [ 5.3535200e-07 -1.0163463e-06  8.2171141e-07 ...  1.4491714e-06
  -2.6384541e-06 -1.1943605e-06]
 ...
 [ 6.1424380e-06  8.6527934e-06 -1.8292352e-06 ...  2.4876772e-07
   1.1073451e-05 -8.7079279e-06]
 [ 1.5779571e-06 -6.1153337e-06  1.4401634e-06 ...  1.6890641e-06
   3.7883353e-07 -2.3866778e-06]
 [ 8.7614884e-05 -2.0421008e-05  5.1114865e-05 ...  1.0744929e-04
   8.9332381e-05 -3.9039463e-05]]
--------------------------------------------------------------------------------

KEY: weights
--------------------------------------------------------------------------------
[[ 0.00520226  0.00610924 -0.0198379  ... -0.02957541  0.02446338
   0.01356482]
 [ 0.00286802  0.01544302 -0.01113847 ...  0.03355905  0.00974372
   0.05202428]
 [-0.02283552 -0.00024295 -0.00325018 ... -0.02835315  0.00313805
  -0.02063543]
 ...
 [ 0.04934686  0.01339671 -0.00785241 ...  0.02217409  0.0035573
   0.01174212]
 [-0.00084422  0.02412872 -0.00102814 ...  0.00445816 -0.02287467
  -0.02479203]
 [ 0.01788201  0.00108966 -0.01694118 ...  0.00269613  0.0035557
  -0.0235258 ]]
--------------------------------------------------------------------------------

KEY: mask
--------------------------------------------------------------------------------
1.0
--------------------------------------------------------------------------------

KEY: biases
--------------------------------------------------------------------------------
[[ 7.87776514e-07 -2.10522285e-06  1.15361274e-06  1.38734606e-06
  -1.49775065e-06 -1.14213503e-06 -2.46881928e-06  2.36607457e-06
  -7.70621966e-07  1.16149079e-06  3.21381503e-06  1.79159508e-06
  -3.86468287e-07  7.03125920e-07 -3.96748163e-07 -6.05004047e-08
  -1.15164357e-06  5.47876255e-07 -9.19496074e-07 -8.74617001e-07
   1.84702458e-06  1.21288593e-07 -1.53908582e-06  3.22947244e-07
  -1.45971569e-06  5.44454792e-07  1.00750844e-06  1.15754608e-06
   9.16009128e-07 -4.89994591e-07 -5.51432265e-07  2.99223711e-06
  -9.18669798e-07 -1.02276090e-06  9.75534590e-07  8.73716942e-07
   4.76051383e-07 -1.75290847e-06  2.73036017e-06  2.00292175e-06
  -1.95139336e-08  2.66628558e-06 -2.85112748e-07  1.06411755e-06
   1.03923742e-06 -2.90749699e-06  5.29479394e-07 -1.47301591e-06
   1.62668459e-06 -8.21332094e-07  1.80300685e-06  3.74641263e-06
  -2.48339848e-06  1.82895775e-07 -1.07233132e-06 -1.11035024e-06
  -1.07356072e-06  1.10785061e-06  3.55762040e-06 -1.88841500e-06
  -4.84486229e-09 -7.29238039e-08 -9.92504283e-07 -6.46235094e-07
  -6.29440322e-09 -2.57103466e-06  1.21664243e-06  1.20594635e-07
  -4.64149963e-08 -2.13733983e-06  1.58677778e-06 -2.19367905e-07
  -4.78032234e-07 -9.46263867e-07  1.09926816e-07  5.70828490e-07
   3.01906243e-06 -1.60167747e-06  2.06348773e-06 -1.48883476e-06
  -2.52488485e-06 -1.69574292e-07 -2.11441375e-06  7.11739915e-07
   2.10945274e-07  1.63757170e-06 -6.60987780e-07 -2.05334049e-06
  -9.42598433e-07 -1.75230653e-07  3.34220630e-07  2.79949717e-07
   3.34486344e-07 -3.22759388e-06  1.85025942e-06  7.70676323e-09
   2.07405969e-06 -7.80645621e-07  1.38464952e-06  3.53781502e-07
  -1.19337074e-07  8.82949848e-07  6.27496718e-07 -9.43855525e-07
  -3.71005683e-07  1.20662253e-06  3.48899789e-06 -2.32410048e-06
   6.90591889e-07  2.86571731e-06  7.16319960e-07 -9.71088753e-07
  -1.46698551e-06 -9.31141642e-07  1.02067065e-06  1.20000311e-06
   3.39898008e-07 -5.64500795e-07  1.12045791e-06 -2.08216716e-06
  -1.56099247e-06  2.07078074e-06  2.40600730e-06  2.53775261e-06
  -1.12348641e-06  9.82104666e-07 -1.03049842e-06 -1.06531536e-06
  -7.51084826e-07  2.08243159e-06 -3.17122704e-06 -2.60730644e-07
   3.46002435e-06 -1.37712823e-06 -2.92068489e-06  4.21348147e-07
   2.42219198e-06  1.82254189e-06  2.14981856e-06  2.79432766e-06
   2.36756659e-06  1.17337640e-06 -1.16730848e-06 -1.52255507e-06
   1.09510108e-06  2.62638810e-06 -1.16073579e-06  7.93450454e-07
  -6.70274346e-07  2.93980656e-06  2.46320224e-06 -1.40196641e-06
  -9.06521564e-07 -1.94249628e-06 -1.73481169e-07  2.07452717e-06
   1.13099156e-06 -8.36564425e-07  2.38030361e-06  4.63718806e-07
   4.65043115e-07 -2.55609598e-06 -1.56206590e-06  1.81323435e-06
  -1.13362717e-06  6.01094996e-07  8.54682412e-07 -1.98871294e-06
  -1.05084780e-06  3.43924796e-07 -1.60606305e-06 -1.72952002e-06
   1.12214639e-06  6.97774681e-07 -1.42387034e-06  1.19184801e-06
  -3.27697656e-08  1.68884935e-06  9.50813842e-07  6.94262098e-07
   9.95041546e-07  1.13680528e-06 -1.50150538e-06 -4.58798354e-07
   1.19180504e-06  1.75450418e-06  8.42053907e-07  1.41495684e-06
   1.40447423e-06 -1.31219520e-06  3.66306551e-07 -8.81193728e-07
  -3.27285807e-06  1.03218731e-08 -9.99819804e-07  1.57017439e-06
  -7.49929541e-07  1.28296207e-07  3.93742084e-06  7.92394985e-08
  -3.05732374e-06  3.34096597e-07  1.31836123e-06 -8.01606689e-07
   1.88282911e-06  4.31714966e-07  2.36481341e-07  2.50121161e-07
  -2.46169952e-06  4.39358928e-06 -7.12602116e-07  4.92576476e-07
  -2.58032696e-06  7.29057433e-07  2.76599394e-06  2.10917256e-06
  -1.82913072e-06 -2.61327114e-06  1.84981013e-06  6.63815172e-08
  -6.90749857e-07 -2.71095189e-07  8.21116487e-07  7.67103984e-07
   1.18884577e-06 -1.38883172e-06  2.51001097e-06  7.23898665e-07
   9.60655484e-07 -1.73327669e-06 -6.27468467e-07 -4.46708015e-07
   1.27234091e-06 -1.38160215e-06 -9.40855500e-08 -8.76819570e-07
  -1.31796526e-07  1.28534066e-06  2.12851887e-06 -1.59892966e-06
   1.64943822e-06 -2.21767593e-07  9.92867513e-07  2.50594553e-06
  -1.61776313e-06  1.53568601e-06  8.38526773e-07  9.31658292e-07
  -8.71822806e-07  4.64592745e-07 -1.05497247e-06 -1.03538878e-06
  -7.21512208e-07 -4.40632988e-07  1.82936026e-06  3.52187442e-07
  -1.97462214e-06 -1.40173529e-06 -2.02747469e-06 -1.37891948e-06
  -8.31353333e-08  1.09977248e-06 -1.78536720e-06 -1.00219449e-06
   3.26450890e-06 -1.48713616e-06 -1.70166049e-06 -9.08775917e-07
   2.47969183e-06 -9.50831520e-08  3.87301924e-09 -1.18970036e-06
  -4.00914314e-06  1.72112732e-06  1.49922823e-06  2.96357356e-08
   2.28253498e-06  1.53645783e-06  3.09079553e-07  2.22662698e-06
   6.32926685e-07  1.12604982e-06  1.94566255e-07  1.82554658e-07
  -2.17512957e-06 -6.29274666e-07 -8.25038057e-07  2.21137952e-06
   2.79372011e-06  2.10762710e-06  2.68152206e-07 -1.19609513e-06
   1.62917650e-06  1.95128632e-06 -1.45856723e-06 -9.47773401e-07
   2.24322048e-06 -8.14811415e-07  5.34656749e-07 -8.38372102e-07
   1.39683536e-07 -9.34952141e-07 -2.07154898e-08 -8.81727146e-07
  -7.03345961e-07 -2.41314024e-06 -1.45618094e-06 -2.09907603e-06
   1.82332371e-08 -2.28963745e-06 -3.01544446e-06 -1.34184870e-06
   3.67284315e-06  1.51582731e-06 -6.52211440e-07 -2.51438593e-07
  -5.72735743e-08  2.17351356e-07  1.37042957e-06  1.62292690e-06
  -4.73983661e-08  5.69376482e-07 -2.40321219e-06  1.51251663e-06
   2.26836778e-06  8.17819569e-07  2.47554794e-06 -1.16573835e-06
   8.93205879e-07 -7.11172277e-07  3.87528416e-07 -2.55484406e-06
  -9.40469988e-07  5.01796194e-07 -1.55387841e-06 -7.21347021e-07
  -3.65728397e-07  1.46363254e-06 -3.19669266e-06 -1.40619562e-07
   1.30693354e-06  1.96353017e-06 -1.80344989e-06 -2.89502452e-07
   1.98820203e-07 -3.04373702e-06 -1.43718887e-06 -2.34962528e-07
  -1.25200745e-06  7.94413268e-07 -2.53574831e-06 -8.83333541e-07
   4.38271400e-07 -5.85686735e-07 -3.20414898e-07 -1.02548569e-07
   5.59159446e-07  6.20070395e-08 -2.09736800e-06  4.77194476e-07
  -1.33105493e-06  2.08612801e-06  2.30159685e-06  3.26427721e-06
   9.60277021e-07 -1.41276234e-06  2.93604467e-06  2.24494602e-06
   1.16831654e-06 -2.00463319e-06  9.80982122e-07  1.69726684e-06
  -4.39012751e-07 -1.00353532e-06 -2.23065558e-06  3.67571658e-07
  -1.83383960e-07 -2.40638201e-06 -2.62453841e-06 -1.73935609e-06
   1.24822833e-07  1.64276480e-06 -1.19233800e-06  8.01217084e-07]]
--------------------------------------------------------------------------------

KEY: dWeights
--------------------------------------------------------------------------------
[[-1.4560241e-06 -1.1659553e-05  8.4451140e-06 ...  8.6539703e-06
  -1.0310063e-06 -1.1560295e-06]
 [ 1.0956148e-06 -5.7453008e-06  1.7546438e-06 ...  3.1410090e-07
  -5.2307846e-06  2.5788627e-06]
 [ 7.1991747e-07 -4.4323474e-06  3.4376592e-07 ...  2.0547786e-06
   1.3930766e-06  2.6551874e-08]
 ...
 [-1.1862769e-06 -5.7937709e-06 -5.1766671e-07 ...  1.7244681e-06
  -3.1445779e-06  2.4722631e-06]
 [ 6.2901936e-06  1.0006121e-06 -6.3849603e-07 ...  9.8244050e-07
   7.1995664e-06  6.6049752e-06]
 [ 1.0848114e-06  1.6582919e-06  1.0328312e-05 ... -3.8702983e-06
  -1.3006943e-06  3.5780133e-06]]
--------------------------------------------------------------------------------

KEY: dBiases
--------------------------------------------------------------------------------
[[ 5.48077328e-03  2.32753977e-02  1.50122680e-03 -6.47662068e-03
  -6.84616202e-03  7.31281471e-03 -5.09979483e-03 -1.51321013e-02
   1.49572012e-03 -1.18662491e-02 -1.50935100e-02 -1.17485384e-02
   9.62269027e-04 -1.30497841e-02  7.58595206e-03  2.22983770e-03
  -1.48899155e-03 -3.36747896e-03 -7.00195134e-03 -1.75602846e-02
  -1.20137390e-02  9.54736024e-03  7.87449535e-03  1.72176864e-03
  -2.73097819e-03 -3.14570940e-03  1.80339348e-02  1.50843915e-02
   7.02987053e-03  1.15401496e-03  5.61567210e-03 -3.02065210e-03
   2.40536127e-03  8.22517462e-03  1.00391097e-02 -1.17860315e-03
   5.37986029e-03  2.10305750e-02 -6.75910735e-04  1.69859733e-03
  -4.04679077e-03 -2.55030971e-02 -2.01733243e-02 -2.27769557e-03
  -6.17403910e-03  5.63589763e-03 -1.23053426e-02  8.75121634e-03
  -8.33842251e-03 -4.75100987e-03 -1.35983219e-02 -1.18981311e-02
  -7.11535290e-03 -1.77112203e-02 -7.46825943e-03 -8.80389754e-03
   1.41440553e-03 -6.68515731e-03 -2.26865597e-02 -3.56501248e-03
   3.39861028e-03  8.03163089e-03 -1.40513573e-02 -4.55201836e-03
   5.11129154e-04  1.62574500e-02  6.67958241e-03  1.71709852e-03
   1.32803433e-03  1.11575406e-02  1.08524226e-02 -1.33362319e-03
  -8.02817848e-03 -1.32263661e-03  1.04711065e-02 -3.77993658e-03
  -2.12606378e-02 -1.23283011e-04  8.47506803e-03  9.56100971e-03
   3.19806347e-03 -1.62975788e-02 -2.81176716e-03  7.30291475e-03
   1.09007871e-02 -1.34538468e-02  1.35021610e-02  1.27321994e-02
   6.93646679e-03  5.66723850e-03 -1.88162662e-02  3.96424066e-03
   3.63108399e-03  5.28833084e-03  1.86893845e-03  1.15902480e-02
  -1.07961465e-02 -6.12071715e-03  2.63659917e-02 -9.87609290e-03
  -2.54435111e-02  1.74871683e-02 -9.25795175e-03  2.22964538e-03
   2.16147639e-02  1.14106657e-02  6.93919137e-05  1.55616198e-02
  -3.47602181e-05 -6.96289865e-03 -1.64830964e-02  1.55069912e-02
   1.83938947e-02 -1.92455272e-03 -2.29487754e-03 -6.60109520e-03
   4.01811721e-03 -7.03378394e-03 -5.42787090e-03  4.56722640e-03
   1.34932529e-02 -4.28786781e-03 -1.70140062e-03 -2.32773088e-03
  -8.48582759e-03 -1.33954147e-02  1.41332699e-02  9.99085046e-03
  -8.33303947e-03 -8.14806856e-03  9.26160626e-03 -1.92991123e-02
  -2.33462341e-02  8.42578057e-03  9.09973588e-03  7.73845194e-03
   3.58320680e-03  3.10858339e-03 -1.15388250e-02 -5.81237674e-03
  -3.56456847e-03  1.24987904e-02 -4.96408902e-04  7.33803213e-03
  -5.01813367e-03  2.03086250e-03 -1.27764773e-02 -1.49730016e-02
  -3.22517566e-03 -7.43561424e-03  1.04733817e-02  2.16821581e-03
   9.17790178e-03  3.69572896e-03 -3.91777232e-03  2.22534500e-03
   9.60022956e-03 -1.02600046e-02 -3.65748955e-03  1.50241954e-02
   1.42636821e-02 -8.29105079e-03  2.02671848e-02 -2.15263180e-02
  -1.09241735e-02  2.63612019e-04  1.31212184e-02  1.04704564e-02
  -9.25587304e-03  7.73644121e-03  2.09856629e-02  4.54643695e-03
  -7.49075506e-03  5.64262969e-03 -2.24383222e-03 -3.84019245e-03
   5.53769758e-03 -7.40370946e-03  7.39766750e-03  1.63694620e-02
   2.45089224e-03 -7.57430680e-03  3.20147835e-02 -7.43557001e-03
  -8.46991129e-03 -6.90058433e-03 -1.41231269e-02  1.49023288e-03
   2.83184834e-03  1.32449502e-02 -5.27263153e-03  6.07684255e-03
   2.41091312e-03  7.42114801e-03  1.50476955e-02 -8.90176743e-03
  -9.14089009e-03  8.61887541e-03  3.26719345e-03  1.02355191e-03
  -1.66506711e-02 -5.18755894e-03 -1.02705006e-02  1.71743482e-02
   5.81737235e-03 -5.88075072e-03 -2.30007805e-04 -1.32805724e-02
  -1.21455174e-04 -2.49643587e-02 -5.15394378e-03  4.95198322e-03
   2.15155934e-03 -2.24893400e-03 -2.15480886e-02 -4.25827550e-03
   1.86103792e-03  1.59006827e-02  5.83902095e-03 -1.59752872e-02
  -7.63940532e-03  1.48074832e-02  5.55399247e-03 -1.28079969e-02
  -1.08948275e-02  3.95451440e-03  3.42956930e-03  8.28151871e-03
   1.10502727e-03 -4.80215298e-03  4.93708625e-03  1.19352480e-03
   3.82555882e-04 -1.83725264e-02 -3.81002296e-03 -9.79047455e-03
   2.25924677e-03 -7.86096789e-04  1.24108689e-02 -6.06120331e-03
  -6.76838262e-03 -3.59243108e-03 -9.36587900e-03 -1.85103696e-02
   9.56607051e-04  1.21696526e-03 -7.69585092e-03  1.17317811e-02
   8.90719704e-03  1.91194545e-02 -3.08308564e-03  1.05379587e-02
  -1.30913015e-02 -4.64647450e-03  8.21715221e-05 -9.71691124e-03
   9.90399858e-04 -1.32978987e-03 -7.36406399e-03 -2.43711025e-02
  -3.10345646e-03  5.81602566e-03 -1.05894925e-02 -3.38945026e-03
  -1.55655453e-02  9.64240171e-03 -2.76736962e-03 -2.84357835e-03
   7.63250049e-04  4.26350161e-03 -6.20311871e-03  1.34033980e-02
   4.55797277e-03 -2.23040134e-02  7.41746463e-03  1.46586252e-02
  -1.14030978e-02  9.81005840e-03 -2.69916886e-03 -1.62637327e-02
   3.91867617e-03 -6.58371439e-03  3.34561151e-03  9.34421271e-03
  -3.82561237e-04 -5.64133935e-03  1.44060585e-03  1.10845175e-02
   1.32245310e-02 -5.94065478e-03  1.99336354e-02  4.76316689e-03
   1.17665308e-03 -1.41868331e-02  3.97750991e-04  1.28380698e-03
   1.23966085e-02 -1.69397835e-02  7.87501037e-03 -4.53766854e-03
  -8.65108683e-04 -4.88475151e-03  4.38337401e-03  1.29163191e-02
   1.80651546e-02  1.45063745e-02 -4.61653806e-04 -2.33103298e-02
   7.09960470e-03  1.59616172e-02  2.12317519e-02 -7.05840066e-05
  -1.79581754e-02 -1.10447835e-02  5.22164349e-03 -1.32695744e-02
   1.20704006e-02 -7.59300776e-04 -1.04610575e-02 -3.19289863e-02
   3.14935856e-03  2.62857811e-03  1.49272401e-02 -1.31779527e-02
  -5.44814719e-03  1.24582397e-02  5.53447148e-03  1.02886697e-04
  -4.54912940e-03  3.29778204e-03  2.16306541e-02  1.90189318e-03
   1.99586004e-02  4.98041511e-04  1.25941942e-02  4.77454439e-03
   4.66450024e-03  1.08483750e-02  5.85124269e-03  2.51428224e-03
  -1.11841913e-02 -1.19884089e-02  1.38039654e-03  4.47561592e-03
   6.41232263e-03 -4.91963420e-03 -1.15563814e-02  5.26817422e-03
  -8.26032646e-03  1.19198691e-02  5.35081048e-03  1.08596031e-02
  -1.00651095e-02 -4.79313731e-03 -2.15841108e-03  7.50215258e-03
  -1.35724675e-02 -4.70750092e-04  8.94586556e-03 -8.90198350e-03
  -1.07518230e-02 -1.17138438e-02 -1.74063761e-02 -1.59210656e-02
   8.00275616e-03  1.49156796e-02 -2.78049260e-02 -1.33065656e-02
  -3.17634246e-03  3.32455849e-03 -3.53822019e-03 -1.29004195e-03
   5.37241716e-03 -1.09887635e-02  9.97495744e-03 -1.31383655e-04
  -3.23762232e-03  1.53933764e-02  1.62526183e-02  5.21829352e-03
   1.61745530e-02 -7.26007717e-03  1.59009323e-02 -4.39144298e-03]]
--------------------------------------------------------------------------------

====================================================================================================
FILE: block1_W_mlp2.npz
====================================================================================================

KEY: key
--------------------------------------------------------------------------------
[ 715132239 1040496496]
--------------------------------------------------------------------------------

KEY: outputs
--------------------------------------------------------------------------------
[[ 4.9226906e-06  2.0555137e-06 -1.0538000e-05 ... -2.9988219e-05
  -1.4475008e-06  9.4561010e-06]
 [ 2.8486926e-05 -1.0359769e-05  1.4981807e-05 ... -1.9348387e-05
  -1.8727837e-05  3.3933684e-05]
 [ 5.8086300e-09  3.6966280e-06  7.4443860e-06 ... -2.6215930e-05
  -1.1063486e-05  1.0992734e-05]
 ...
 [ 1.9335301e-05  2.9948435e-05  1.6519039e-07 ... -2.7425674e-05
  -1.8953378e-05  1.9595200e-05]
 [ 8.1641965e-06 -8.4372768e-06  2.1966192e-05 ... -2.0755226e-05
  -1.2819027e-05  1.7677890e-05]
 [ 1.6014605e-04 -4.9095470e-05 -3.6062225e-04 ... -1.3402420e-05
   1.7726183e-05 -2.0935257e-04]]
--------------------------------------------------------------------------------

KEY: weights
--------------------------------------------------------------------------------
[[-1.30943293e-02 -5.93096265e-05 -1.58282218e-03 ... -9.27685015e-03
  -1.05216261e-02 -4.29986604e-03]
 [-1.29928309e-02  4.90779465e-04  4.66079311e-03 ...  3.09966691e-03
  -2.36530812e-03 -6.90994272e-03]
 [-1.50236934e-02 -3.61247477e-03 -1.57545004e-02 ...  5.57790557e-03
  -7.88606890e-03  1.21347588e-02]
 ...
 [ 1.12402753e-03 -6.57018600e-03 -8.30845907e-03 ... -9.39306989e-03
  -9.67574213e-03  3.20132822e-03]
 [ 5.18706627e-03 -1.54612698e-02 -1.57136191e-02 ... -6.42239070e-03
  -4.71438747e-03 -1.66515391e-02]
 [ 6.40357565e-03 -6.37123408e-03  2.30010673e-02 ... -7.19036208e-04
  -5.18961390e-03  1.25720855e-02]]
--------------------------------------------------------------------------------

KEY: mask
--------------------------------------------------------------------------------
1.0
--------------------------------------------------------------------------------

KEY: biases
--------------------------------------------------------------------------------
[[-3.69061553e-07  4.57355100e-06 -2.12574651e-06 -1.32962361e-06
  -9.56596978e-06  1.12984753e-05 -1.13958004e-05  3.13836499e-05
   4.70049508e-06  5.73592672e-07  8.72990677e-06  1.03141920e-05
  -7.02120133e-06 -8.30003955e-07  8.55829239e-06  2.47004277e-06
  -3.03709226e-06  3.17092008e-06 -1.40056773e-06  2.98424197e-06
  -5.30628222e-06  2.87629973e-08 -3.17102240e-06 -3.94795194e-07
  -4.47269667e-06 -1.29314858e-05 -6.52930657e-06 -1.07136111e-05
   7.09933420e-06 -7.76626530e-06 -2.34223398e-06  6.00448539e-06
  -4.46052036e-06 -3.60948434e-07 -1.83454285e-05  3.04556352e-07
  -3.37008987e-06 -3.86322654e-06  3.33247135e-06  9.87570274e-06
   1.01442029e-05  4.87718353e-06  1.11876420e-06 -1.52156763e-05
  -1.60704185e-05  6.17585647e-06 -2.05215565e-06 -7.21014658e-06
  -4.66569236e-06 -1.21921084e-05  5.74384967e-06  9.04138051e-06
  -8.32612841e-06  6.58578347e-06 -2.37786981e-06  8.15746262e-06
   5.72516456e-06  2.70667698e-07 -3.30875332e-06  1.77619813e-06
   7.12878091e-06  6.86190197e-06  1.48305680e-05  7.26502958e-06
   1.58669027e-05  5.59168575e-06 -9.92599325e-06  4.47803359e-06
  -7.90976719e-06  1.68489732e-05  8.36917661e-06  9.42514544e-06
  -1.60025411e-06 -8.74616308e-06  4.83984149e-06 -2.89655031e-06
  -1.26094546e-05  1.38721794e-06 -4.40186341e-06 -7.63220385e-08
  -3.14503245e-06 -2.26167776e-06 -5.23883045e-06 -1.07544020e-06
  -2.99606472e-06  9.09573373e-07 -4.13845282e-06  5.31111368e-07
   6.51024948e-06  1.18255275e-05 -2.16443391e-06  1.92536518e-05
  -9.74894010e-06 -1.96641649e-05 -1.08512641e-05  7.37960681e-06]]
--------------------------------------------------------------------------------

KEY: dWeights
--------------------------------------------------------------------------------
[[ 2.93101803e-05 -6.33909294e-05  1.00335514e-04 ...  5.95028359e-05
   1.20298784e-04 -4.64419682e-05]
 [ 1.13864822e-04 -8.83942048e-05 -9.68668519e-06 ...  3.77537026e-06
  -3.15341204e-05  9.03890614e-05]
 [ 9.27185683e-05  5.87172872e-05  3.92659422e-05 ... -6.93533293e-05
   3.94091912e-05 -9.26321736e-05]
 ...
 [ 4.57163806e-05 -2.48897754e-06  4.89713057e-05 ...  7.65915393e-05
   4.07032239e-05  1.75586283e-05]
 [-1.50483611e-04 -3.86606662e-05  1.52258217e-04 ...  7.06711289e-05
  -9.91462548e-06  8.04635347e-05]
 [ 4.17228148e-05 -1.42451136e-05 -1.18955089e-04 ... -1.22048623e-05
   1.29872769e-05  2.32691345e-05]]
--------------------------------------------------------------------------------

KEY: dBiases
--------------------------------------------------------------------------------
[[-0.06830071  0.1627009  -0.17253819  0.09521271  0.21826228 -0.0142203
   0.02641214 -0.06680311  0.05784877 -0.20435467 -0.08176965 -0.11947605
   0.12618054  0.05033665 -0.20862322 -0.01570417  0.23012659 -0.0762981
   0.01621753  0.19773956  0.08531459 -0.04230999  0.14825253 -0.09358478
   0.0461101  -0.13959962  0.02593057  0.15772314  0.02445244  0.18266216
   0.12438487  0.12395183  0.08623789  0.1292448  -0.1011278   0.27245665
   0.01996044 -0.13162684  0.02505296 -0.19522749  0.02096386  0.0514961
  -0.12029782  0.02582568  0.08777042 -0.03171506  0.01784289  0.07942834
   0.04589232 -0.1292097   0.00839351  0.01028494  0.03748561 -0.12515686
  -0.18659247 -0.03796308  0.16436158 -0.0470715  -0.01056038  0.25765288
  -0.17140028 -0.0316795  -0.09717309 -0.10850586 -0.16253828 -0.02496226
  -0.09332657  0.10291755  0.17712015 -0.04925239  0.05712745 -0.00457549
  -0.03348407 -0.03253426 -0.0315447   0.06252822 -0.0472168   0.03387777
  -0.14434148 -0.07302321  0.09583747  0.11477612 -0.02814641  0.11485861
  -0.18659642  0.00809692  0.06022454  0.07859031 -0.07274085  0.12430163
   0.04863893 -0.06010672  0.05867604 -0.09728769 -0.06639686 -0.0677775 ]]
--------------------------------------------------------------------------------

====================================================================================================
FILE: block1_W_q.npz
====================================================================================================

KEY: key
--------------------------------------------------------------------------------
[3491671601 2652117608]
--------------------------------------------------------------------------------

KEY: outputs
--------------------------------------------------------------------------------
[[ 1.35047662e-06  1.51918459e-06  2.02374031e-06 ... -9.73785973e-07
  -3.04061541e-06 -3.17467516e-06]
 [ 6.42284192e-07  1.08979168e-06  1.14042507e-06 ...  4.30741835e-07
  -3.15935176e-06 -1.72376281e-06]
 [-1.57217596e-06  6.11984888e-07 -5.04773993e-07 ...  6.18357603e-07
  -2.17301863e-06 -6.44427814e-07]
 ...
 [-5.90291016e-08 -5.66906344e-08 -2.90418740e-07 ...  5.48684937e-08
  -3.53854205e-07 -3.71208500e-07]
 [-3.00173504e-08 -2.87095130e-08 -3.14176390e-07 ...  4.12379855e-08
  -3.01946955e-07 -2.78996140e-07]
 [-1.73785413e-08 -4.53916229e-08 -3.51519191e-07 ...  1.48662735e-08
  -2.82266399e-07 -2.02911465e-07]]
--------------------------------------------------------------------------------

KEY: weights
--------------------------------------------------------------------------------
[[ 0.0020593  -0.01183404 -0.00835803 ...  0.00516858  0.01386899
   0.00465583]
 [-0.0039001  -0.00891543  0.03274713 ... -0.01546592  0.01840701
   0.01086801]
 [ 0.00445984 -0.01178259 -0.03448195 ...  0.02159825 -0.02429508
   0.00098175]
 ...
 [ 0.00115464 -0.00179472 -0.00089588 ... -0.01548871 -0.00395457
   0.02258421]
 [ 0.02837907  0.01664124 -0.00811987 ... -0.01250858  0.03826974
   0.00195752]
 [ 0.0113262   0.00135254 -0.00113116 ...  0.00495172 -0.01245711
  -0.00162421]]
--------------------------------------------------------------------------------

KEY: mask
--------------------------------------------------------------------------------
1.0
--------------------------------------------------------------------------------

KEY: biases
--------------------------------------------------------------------------------
[[-4.6645787e-20 -1.2709161e-19  2.3932398e-20  1.7252933e-19
   6.3660115e-21  7.5450142e-20 -6.2857558e-22 -3.5398803e-20
  -2.2487533e-19 -1.6038030e-19  6.0013846e-19  1.8212459e-19
  -7.7678980e-20 -9.4317615e-20  8.3364580e-20 -4.4534892e-19
   3.5250896e-20  2.7179465e-20  2.4313501e-19  2.4753439e-19
   9.1154198e-20 -1.2414354e-19 -1.8584428e-19  9.2139067e-20
   7.5513932e-20 -1.7282374e-19 -9.6959837e-20 -1.7543725e-19
   1.6803563e-19 -1.8817160e-20 -1.0280966e-19 -1.2098345e-19
   3.9088659e-20 -4.1320066e-20  1.2800878e-19  2.4039633e-20
   2.2776703e-19  1.9436084e-19 -2.8152068e-20 -2.3720182e-19
  -1.4957333e-19  6.1792088e-22  3.0256037e-20  1.1828307e-19
   3.5384043e-20  4.3114763e-20 -1.4117832e-20 -2.1941118e-19
  -2.8579119e-19  6.4081831e-20  1.7445231e-19  8.2237075e-20
   2.6911349e-19  1.5786865e-19 -1.6857996e-19 -2.7313486e-19
   8.4017743e-20 -2.6574638e-20 -1.5378503e-19  2.2611398e-19
  -2.0084291e-20 -1.8984001e-19  8.6424884e-20 -2.2559834e-19
  -3.2440444e-19 -1.8532529e-19 -3.8643633e-20 -1.2548247e-19
  -8.6450059e-21 -1.8523925e-19  2.3912044e-19  3.6986538e-19
   9.0591179e-20  1.6449037e-19  3.0474699e-19 -1.4523324e-19
   1.3688231e-19  7.0120055e-20 -9.3361362e-20 -9.7882148e-21
   4.2188034e-19 -1.2128527e-20  2.7768246e-20  2.7002292e-20
   1.2887108e-19  1.4413286e-19 -1.2801646e-19 -1.4111836e-19
  -1.9087960e-19 -1.6399675e-20 -4.2617945e-20 -1.8121130e-19
   1.1904773e-19  5.3230846e-20  6.1790469e-20 -4.6584890e-21]]
--------------------------------------------------------------------------------

KEY: dWeights
--------------------------------------------------------------------------------
[[ 6.1462518e-22 -1.9997027e-22 -4.6471299e-22 ...  3.4369751e-23
   1.0885254e-22 -1.4453650e-22]
 [-2.0724907e-22  1.6528203e-23  5.6251947e-22 ... -6.0750645e-22
   4.7241050e-22  3.1523924e-22]
 [-6.7050950e-22 -2.7421603e-23  2.0778143e-22 ...  1.9406797e-22
   6.5939791e-23 -5.6690513e-22]
 ...
 [ 3.8132751e-22 -8.9476681e-23  4.1308569e-23 ... -3.6233570e-22
   3.9620411e-22 -1.5728652e-22]
 [ 3.9889904e-22  7.1606025e-24 -5.6354168e-22 ... -1.0943049e-22
  -1.6931168e-22  3.6067511e-22]
 [ 1.4666999e-22 -7.3593787e-23 -5.3733454e-22 ...  7.0854174e-23
  -2.1791446e-22 -2.4854907e-22]]
--------------------------------------------------------------------------------

KEY: dBiases
--------------------------------------------------------------------------------
[[ 1.8038430e-16 -1.9122804e-17 -2.8616934e-16 -1.7622544e-16
  -2.7795121e-16  8.6833801e-17  1.6334216e-16 -7.1917683e-17
   1.2212860e-16  3.9429384e-16 -6.5603813e-16 -2.3745870e-16
   2.8857576e-16  6.2021425e-16  2.6600810e-16 -1.3152266e-16
  -2.5558409e-16  3.0541222e-17  2.5318561e-16  2.8338064e-16
   1.0518593e-16  2.2279031e-16 -1.5308082e-17 -2.6241009e-16
  -1.2405705e-16  1.4206572e-16 -2.5664053e-16  7.5934227e-17
   6.6041650e-16 -1.0107615e-16 -1.1377275e-16 -3.0199769e-17
   1.1967427e-16 -2.9089785e-16 -6.1907118e-16 -1.6866982e-16
  -1.6136271e-16 -3.2969251e-16  7.5492414e-17  3.9994630e-16
   5.1672686e-17 -1.0610333e-16  1.4099542e-19 -3.8918504e-17
  -8.2378097e-17 -1.4833972e-16  2.2390641e-16  9.2426329e-17
  -1.4311359e-16 -1.7192188e-18 -8.2565291e-17  2.9956945e-17
  -8.1774571e-18 -2.5440654e-17 -2.7199816e-17  3.5434310e-16
   9.2840509e-17  1.0380128e-16 -1.4728687e-17 -1.3065732e-16
   1.1765789e-16 -1.2294240e-16 -1.5470711e-16 -2.7474096e-16
  -3.1237011e-16  8.0657210e-17 -3.0492045e-16 -7.5229933e-17
   5.6786164e-18 -4.1924915e-17 -6.0917643e-17  4.2483626e-16
   3.8167334e-16  9.0238973e-17  1.9559449e-16 -2.0802568e-16
   1.4103961e-16  6.5498689e-17  2.7887390e-16 -3.3653021e-16
   4.6775510e-16 -1.7927971e-16  1.2493604e-16 -3.3716964e-16
  -5.6317643e-16  1.7571180e-16  7.5522417e-17  1.6319106e-16
   3.6475743e-17 -3.9256953e-17  2.6054024e-16  2.5579839e-16
   1.7131151e-16  2.4566213e-16 -1.1675841e-16 -9.3634787e-17]]
--------------------------------------------------------------------------------

====================================================================================================
FILE: block1_W_v.npz
====================================================================================================

KEY: key
--------------------------------------------------------------------------------
[1418739732  610813889]
--------------------------------------------------------------------------------

KEY: outputs
--------------------------------------------------------------------------------
[[ 1.2278322e-06  1.1722022e-06 -3.2306675e-06 ...  2.2582087e-06
  -3.8308840e-06 -6.6751579e-07]
 [ 1.5661329e-06  2.0456719e-06 -2.3158893e-06 ...  5.5226860e-07
  -1.7535481e-06 -4.3209013e-07]
 [ 8.3839318e-08  2.3059038e-06 -1.3504888e-06 ...  3.7697416e-07
  -1.8646708e-07 -9.2385096e-07]
 ...
 [-1.9522270e-07  2.0551414e-07 -4.4212476e-07 ... -1.6548398e-08
  -3.6706263e-07 -3.3512575e-07]
 [-2.3769113e-07  2.3665046e-07 -4.1405201e-07 ... -1.8679373e-08
  -3.1273836e-07 -3.2435742e-07]
 [-2.9521325e-07  2.2223790e-07 -3.7831336e-07 ... -1.8436594e-09
  -3.1091798e-07 -3.1567728e-07]]
--------------------------------------------------------------------------------

KEY: weights
--------------------------------------------------------------------------------
[[ 0.00076452 -0.01657216  0.03408557 ...  0.00447274 -0.0062141
   0.02295742]
 [ 0.01158999  0.01952147 -0.0309331  ... -0.04035134  0.00453123
   0.002931  ]
 [-0.00552016 -0.02787071 -0.03081855 ...  0.010333   -0.01560038
  -0.00429545]
 ...
 [ 0.00023917  0.0264258   0.00906977 ... -0.02225469 -0.01900785
  -0.03537066]
 [-0.00895871 -0.01741114  0.04349771 ... -0.01489308  0.00907445
   0.02359666]
 [-0.01405572 -0.0166095   0.02088215 ... -0.01331855 -0.02167608
  -0.00792291]]
--------------------------------------------------------------------------------

KEY: mask
--------------------------------------------------------------------------------
1.0
--------------------------------------------------------------------------------

KEY: biases
--------------------------------------------------------------------------------
[[-6.28454515e-08  1.51699027e-07 -1.86779289e-07  6.42936442e-08
   3.27637281e-07 -2.36593095e-07 -6.42044355e-08  1.28078881e-08
  -1.48389915e-07  1.30805120e-07 -1.43314978e-07  2.74689398e-07
   1.69642590e-07  8.89403680e-08 -1.70365254e-07  7.62482344e-08
  -8.99558259e-08  1.70030717e-07  1.87727352e-07  1.57038983e-07
   6.61295516e-08 -2.62725965e-08 -1.34906443e-07 -1.15716610e-07
  -4.17290039e-07 -1.39394807e-08  2.99799950e-07 -2.52173834e-07
  -1.80943658e-07  4.22306982e-07  1.09483821e-07 -2.85436030e-08
   1.23081065e-07 -3.99821943e-07  1.77654314e-07  4.57189397e-10
  -3.08915702e-07 -2.09418886e-07  6.96407270e-08  1.90208624e-07
   1.03908874e-07  1.90828160e-07  1.64363371e-07 -1.19969442e-07
   2.19042420e-07  5.38713749e-08 -1.54135606e-07 -7.98305209e-08
   2.92897141e-07 -3.98784934e-08  4.53675035e-08 -3.04513691e-07
  -2.78573111e-08  1.82870679e-07  1.49986235e-07  3.66347912e-08
  -4.80241397e-07 -2.45062438e-07  1.74705175e-08  1.98384512e-07
  -4.23849720e-08  4.45079245e-08  9.42193594e-08 -2.05607776e-07
   2.95075523e-07  4.34773142e-08  4.35799365e-07  1.38836356e-08
   2.06052064e-08 -1.63024012e-07 -5.90479097e-08  1.62462044e-07
   4.61954279e-08  5.69701939e-08  4.99587998e-08  1.73585590e-07
  -3.18503552e-08  2.24529728e-07 -1.57729573e-07  4.20525339e-08
  -2.01415162e-07  2.62693703e-07  8.06812892e-08  3.09663790e-07
  -3.22449665e-07  3.80097362e-07  1.42154803e-08  1.24861288e-07
   4.77777391e-08 -8.23403496e-08  1.32652147e-07 -5.41515943e-09
  -1.23565627e-07 -3.49148564e-07 -2.06615294e-08 -1.50545901e-07]]
--------------------------------------------------------------------------------

KEY: dWeights
--------------------------------------------------------------------------------
[[ 1.4981622e-11 -2.5840672e-09  1.7062106e-09 ...  8.4848772e-10
  -8.5105978e-10 -1.1672965e-09]
 [ 9.5270802e-10 -6.2033517e-10 -3.5395378e-11 ... -1.0686946e-09
  -1.3630205e-10 -1.4119054e-09]
 [-2.9306102e-09  3.0078715e-09 -1.3509150e-09 ...  2.7963458e-09
   7.6463907e-10  2.2062687e-09]
 ...
 [ 6.2412253e-10 -1.1838679e-09  4.0818977e-11 ... -8.5208879e-10
  -2.4463945e-10 -8.9364932e-10]
 [-5.1209376e-10 -2.3763444e-10 -2.7094854e-10 ... -1.1070856e-09
   8.3856433e-10  2.8455896e-10]
 [-8.9450769e-10 -6.4115430e-10  9.0540292e-10 ...  1.2521300e-09
   1.0994977e-09  1.0054313e-09]]
--------------------------------------------------------------------------------

KEY: dBiases
--------------------------------------------------------------------------------
[[ 2.5181097e-04 -8.2620548e-04  5.2091730e-04  7.2578329e-04
   2.4204676e-04  1.0177817e-03 -1.4276005e-04 -7.2453392e-04
  -2.4401357e-04 -8.5795677e-05 -2.6271149e-04  4.0947355e-04
   1.6964017e-04  5.4463395e-04 -2.1427701e-04 -1.5992798e-04
  -1.5172867e-04 -3.3916807e-04 -1.5167505e-04  1.8139949e-04
   7.8745990e-04  2.9816513e-04  4.5366710e-04 -4.2558991e-04
   3.1494048e-05 -2.1871214e-04 -7.1885937e-04 -2.3608567e-04
   2.5968175e-04 -9.1317773e-04  2.4123001e-04  8.3449838e-04
  -7.3880196e-04 -7.2265032e-04 -5.6167471e-04  4.7468278e-04
   8.9863880e-04 -2.7210763e-04  5.3417833e-05 -1.6207501e-04
   1.2244099e-04  6.0481101e-04 -6.0596457e-04 -1.0363357e-05
   4.4220313e-05  4.0708570e-04 -4.9770845e-04 -3.4353125e-04
  -1.0979841e-03 -4.4525450e-04 -4.7919311e-04  3.1439500e-04
   6.2684296e-04 -8.7890791e-04 -5.2661977e-05 -2.3488641e-04
   4.6843049e-04 -1.4702792e-04 -3.8403232e-07 -6.3786475e-04
   4.8009926e-04 -5.3047191e-04  2.2012350e-04  2.2554970e-05
  -3.6993733e-04 -9.1814314e-04  1.6349723e-04 -7.0388115e-04
  -3.3803587e-04  3.2702452e-04  6.0141314e-04 -8.7164261e-04
   4.8653921e-04 -2.3784164e-06 -1.3502601e-04  8.1432727e-04
  -5.3396807e-06  1.6841716e-04 -2.3091893e-04 -3.3006794e-04
   5.6847523e-04 -9.4928907e-04 -5.7563651e-04 -4.8126190e-04
   6.2711217e-05 -1.3388816e-04 -2.0366477e-05  6.5776985e-05
  -5.6115666e-04  3.3280754e-04  1.6517949e-04  8.3136256e-04
   3.9944885e-04  3.1816593e-04 -8.7456231e-04 -4.7017547e-04]]
--------------------------------------------------------------------------------

====================================================================================================
FILE: block1_attn_block.npz
====================================================================================================

KEY: key
--------------------------------------------------------------------------------
[0 0]
--------------------------------------------------------------------------------

KEY: dq
--------------------------------------------------------------------------------
[[ 0.00000000e+00  0.00000000e+00  0.00000000e+00 ...  0.00000000e+00
   0.00000000e+00  0.00000000e+00]
 [ 6.77356102e-20  2.72827430e-20  7.66893105e-20 ... -4.23939990e-19
  -3.07938828e-18 -5.31089658e-18]
 [-1.12997886e-19 -1.07872494e-19 -1.40515600e-19 ...  1.90985912e-18
   7.92247121e-19 -1.40815505e-19]
 ...
 [ 3.17542783e-21  6.04557875e-21  1.05454833e-19 ...  7.59971606e-20
   9.91496810e-20 -5.23976202e-20]
 [-2.73743226e-21  6.37114541e-21  1.30461388e-19 ...  7.61406377e-20
   1.00524261e-19 -5.10637818e-20]
 [ 2.24113601e-21  7.93880260e-20 -5.31874549e-21 ...  6.37572075e-20
   8.47526412e-20 -4.11020101e-20]]
--------------------------------------------------------------------------------

KEY: dk
--------------------------------------------------------------------------------
[[ 0.0000000e+00  0.0000000e+00  0.0000000e+00 ...  0.0000000e+00
   0.0000000e+00  0.0000000e+00]
 [-7.5449186e-20 -4.5735798e-20 -9.3951846e-20 ...  3.5138103e-18
  -2.9815560e-19  3.6267833e-18]
 [ 2.8467731e-19  1.2635021e-19  2.9504669e-19 ...  6.6201208e-19
  -9.5041729e-19 -1.0747971e-19]
 ...
 [-2.0526987e-19 -1.9345375e-19 -1.4732500e-19 ...  2.9060283e-20
  -2.4076694e-20  6.2437557e-20]
 [-2.1401090e-19 -2.0016353e-19 -1.5488225e-19 ...  2.5886049e-20
  -2.3894519e-20  5.5739824e-20]
 [-1.6136965e-19 -1.1262058e-19 -1.1504186e-19 ...  2.2912596e-20
  -1.6358915e-20  3.9681463e-20]]
--------------------------------------------------------------------------------

KEY: dv
--------------------------------------------------------------------------------
[[-3.3200404e-06 -3.6478264e-06  1.9198158e-06 ...  3.3320309e-06
  -8.3171699e-06 -3.1527588e-06]
 [-3.3222741e-06 -2.2843706e-06  4.5112102e-07 ...  2.4929091e-06
  -9.8249811e-06 -1.8610158e-06]
 [-7.8447747e-06 -2.2014249e-06 -2.6837108e-06 ...  1.0763675e-06
  -4.3711593e-06  3.5965325e-06]
 ...
 [-5.1462797e-07  5.9084482e-07 -1.4923182e-07 ...  1.0141463e-07
  -2.8579046e-07 -2.2122947e-07]
 [-4.8317429e-07  6.6042151e-07 -1.8852643e-07 ... -1.2323426e-08
  -1.7133141e-07 -1.1446110e-07]
 [-4.9406663e-07  6.7241490e-07 -2.1932647e-07 ...  9.6315489e-10
  -1.6915146e-07 -1.1024531e-07]]
--------------------------------------------------------------------------------

KEY: dtarget_q
--------------------------------------------------------------------------------
[[-0.00000000e+00 -0.00000000e+00 -0.00000000e+00 ... -0.00000000e+00
  -0.00000000e+00 -0.00000000e+00]
 [-6.77356102e-20 -2.72827430e-20 -7.66893105e-20 ...  4.23939990e-19
   3.07938828e-18  5.31089658e-18]
 [ 1.12997886e-19  1.07872494e-19  1.40515600e-19 ... -1.90985912e-18
  -7.92247121e-19  1.40815505e-19]
 ...
 [-3.17542783e-21 -6.04557875e-21 -1.05454833e-19 ... -7.59971606e-20
  -9.91496810e-20  5.23976202e-20]
 [ 2.73743226e-21 -6.37114541e-21 -1.30461388e-19 ... -7.61406377e-20
  -1.00524261e-19  5.10637818e-20]
 [-2.24113601e-21 -7.93880260e-20  5.31874549e-21 ... -6.37572075e-20
  -8.47526412e-20  4.11020101e-20]]
--------------------------------------------------------------------------------

KEY: dtarget_k
--------------------------------------------------------------------------------
[[-0.0000000e+00 -0.0000000e+00 -0.0000000e+00 ... -0.0000000e+00
  -0.0000000e+00 -0.0000000e+00]
 [ 7.5449186e-20  4.5735798e-20  9.3951846e-20 ... -3.5138103e-18
   2.9815560e-19 -3.6267833e-18]
 [-2.8467731e-19 -1.2635021e-19 -2.9504669e-19 ... -6.6201208e-19
   9.5041729e-19  1.0747971e-19]
 ...
 [ 2.0526987e-19  1.9345375e-19  1.4732500e-19 ... -2.9060283e-20
   2.4076694e-20 -6.2437557e-20]
 [ 2.1401090e-19  2.0016353e-19  1.5488225e-19 ... -2.5886049e-20
   2.3894519e-20 -5.5739824e-20]
 [ 1.6136965e-19  1.1262058e-19  1.1504186e-19 ... -2.2912596e-20
   1.6358915e-20 -3.9681463e-20]]
--------------------------------------------------------------------------------

KEY: dtarget_v
--------------------------------------------------------------------------------
[[ 3.3200404e-06  3.6478264e-06 -1.9198158e-06 ... -3.3320309e-06
   8.3171699e-06  3.1527588e-06]
 [ 3.3222741e-06  2.2843706e-06 -4.5112102e-07 ... -2.4929091e-06
   9.8249811e-06  1.8610158e-06]
 [ 7.8447747e-06  2.2014249e-06  2.6837108e-06 ... -1.0763675e-06
   4.3711593e-06 -3.5965325e-06]
 ...
 [ 5.1462797e-07 -5.9084482e-07  1.4923182e-07 ... -1.0141463e-07
   2.8579046e-07  2.2122947e-07]
 [ 4.8317429e-07 -6.6042151e-07  1.8852643e-07 ...  1.2323426e-08
   1.7133141e-07  1.1446110e-07]
 [ 4.9406663e-07 -6.7241490e-07  2.1932647e-07 ... -9.6315489e-10
   1.6915146e-07  1.1024531e-07]]
--------------------------------------------------------------------------------

KEY: outputs
--------------------------------------------------------------------------------
[[[ 1.2274832e-06  1.1725351e-06 -3.2298267e-06 ...  2.2575259e-06
   -3.8295984e-06 -6.6729262e-07]
  [ 1.3969839e-06  1.6088597e-06 -2.7725473e-06 ...  1.4049001e-06
   -2.7916394e-06 -5.4971315e-07]
  [ 9.5902806e-07  1.8407752e-06 -2.2979430e-06 ...  1.0619916e-06
   -1.9227891e-06 -6.7426811e-07]
  ...
  [-3.7478003e-07  4.6804209e-07 -1.3788083e-07 ... -2.7531144e-07
   -2.5805150e-07  2.4589960e-07]
  [-3.7310869e-07  4.6437216e-07 -1.4624521e-07 ... -2.7563510e-07
   -2.5454932e-07  2.3955792e-07]
  [-3.7232348e-07  4.6106970e-07 -1.5445085e-07 ... -2.7541819e-07
   -2.5119982e-07  2.3340226e-07]]

 [[-9.6764416e-07  4.1127205e-06  3.2559037e-06 ... -2.2724271e-06
    1.0458753e-06  3.7252903e-07]
  [-8.0582686e-07  3.4775585e-06  2.5313348e-06 ... -1.6647391e-06
    8.6938962e-07 -1.9278377e-07]
  [-5.3666633e-07  3.1737932e-06  2.0657899e-06 ... -1.4188339e-06
    7.7218829e-07 -3.6033384e-07]
  ...
  [-3.8690860e-07  5.4710222e-07  6.4636305e-07 ... -4.5665109e-07
    1.6119546e-07 -3.3064285e-07]
  [-3.8546355e-07  5.4459207e-07  6.3641232e-07 ... -4.5141121e-07
    1.5933639e-07 -3.3319517e-07]
  [-3.8435002e-07  5.4160887e-07  6.2593529e-07 ... -4.4631270e-07
    1.5724277e-07 -3.3520317e-07]]

 [[ 1.8812716e-06  9.8720193e-07  2.5257468e-06 ...  3.3602118e-06
   -2.5238842e-06 -5.1571988e-08]
  [ 1.8849969e-06  1.4668331e-06  1.4021061e-06 ...  1.5622354e-06
   -1.5746336e-06 -1.6734703e-09]
  [ 1.5324275e-06  1.3398460e-06  1.1454023e-06 ...  9.8626253e-07
   -1.0657354e-06 -1.8547222e-07]
  ...
  [-8.2421970e-08  5.2502594e-07  4.2509933e-07 ... -2.8631084e-07
   -1.8469841e-07  7.4154016e-10]
  [-8.3115594e-08  5.2184004e-07  4.1916951e-07 ... -2.8669419e-07
   -1.8005602e-07 -1.8438335e-09]
  [-8.4381668e-08  5.1829738e-07  4.1366661e-07 ... -2.8675822e-07
   -1.7582440e-07 -3.9709676e-09]]

 ...

 [[-2.6207417e-06  1.0766089e-06  5.2824616e-06 ...  1.0877848e-06
    6.0200691e-06 -7.1339309e-07]
  [-4.4517219e-07  2.9262155e-06  3.8146973e-06 ...  5.7867146e-07
    4.1322783e-06 -1.3150275e-06]
  [ 6.9521775e-08  3.0248179e-06  3.1917943e-06 ...  3.2920033e-07
    3.3795652e-06 -1.5518253e-06]
  ...
  [ 2.2851420e-07  4.0536966e-07  6.7433461e-07 ... -3.3192774e-07
    3.9520302e-07 -2.4561780e-07]
  [ 2.2648328e-07  4.0130550e-07  6.6548284e-07 ... -3.2714968e-07
    3.9114542e-07 -2.4251415e-07]
  [ 2.2413489e-07  3.9686790e-07  6.5697748e-07 ... -3.2252410e-07
    3.8658845e-07 -2.3882686e-07]]

 [[ 5.0030649e-06  1.3001263e-06 -3.1888485e-06 ...  1.1175871e-06
    4.2170286e-06 -1.0170043e-06]
  [ 3.6526471e-06  1.2144446e-06 -1.9115396e-06 ...  4.4365879e-07
    2.1280575e-06  1.5040860e-07]
  [ 2.7948374e-06  1.3944702e-06 -1.3711152e-06 ...  2.3482997e-07
    1.7833479e-06  2.0142693e-07]
  ...
  [ 4.7228400e-07  1.9743817e-07  2.0226756e-07 ... -3.3397572e-07
   -2.6863930e-07  2.1146424e-07]
  [ 4.6565751e-07  1.9595042e-07  1.9332811e-07 ... -3.3203520e-07
   -2.6793788e-07  2.0853668e-07]
  [ 4.5843200e-07  1.9397444e-07  1.8499873e-07 ... -3.3004835e-07
   -2.6730277e-07  2.0606785e-07]]

 [[ 2.7678907e-06  1.1771917e-06 -7.1537215e-08 ...  1.1185184e-06
   -2.6472844e-07 -1.0095537e-06]
  [ 2.0000152e-06  1.8281862e-06 -1.1812954e-06 ...  5.5691999e-07
   -5.3748954e-07 -6.8964437e-07]
  [ 1.4870366e-06  1.8454307e-06 -9.7045336e-07 ...  7.7000846e-07
   -2.8949302e-07 -5.9225414e-07]
  ...
  [-2.0272864e-07  3.6059731e-07 -8.0026552e-08 ... -7.9562980e-08
   -3.1414306e-08 -2.4026488e-07]
  [-2.0324062e-07  3.5855385e-07 -8.5308827e-08 ... -7.8579873e-08
   -3.5871182e-08 -2.4154761e-07]
  [-2.0472680e-07  3.5651010e-07 -8.9908099e-08 ... -7.7399761e-08
   -4.0176019e-08 -2.4276460e-07]]]
--------------------------------------------------------------------------------

====================================================================================================
FILE: block1_e_attn.npz
====================================================================================================

KEY: key
--------------------------------------------------------------------------------
[        0 422283024]
--------------------------------------------------------------------------------

KEY: L
--------------------------------------------------------------------------------
-0.00099887
--------------------------------------------------------------------------------

KEY: dmu
--------------------------------------------------------------------------------
[[-2.53443295e-06 -1.32228488e-05 -4.53780103e-06 ...  1.57396589e-05
   2.73725936e-06  2.40919089e-05]
 [-1.68322586e-05  9.92660352e-05 -3.46717534e-05 ...  2.71542813e-05
   2.72588341e-06  1.40373886e-04]
 [-2.79929168e-06 -1.13204633e-05 -1.39168060e-06 ... -4.31596209e-06
  -5.65155915e-06  2.34594700e-05]
 ...
 [-6.51037362e-06 -3.13389100e-05 -9.83993323e-06 ...  1.98227608e-05
   3.66132699e-05  4.04102138e-06]
 [ 1.34184811e-05 -3.25904693e-05 -5.34177934e-06 ... -8.57352643e-06
  -2.00393024e-05 -7.45658235e-06]
 [-2.57821757e-05  1.84689939e-04 -1.22274898e-04 ...  4.32808796e-04
  -1.09536624e-04 -6.55055628e-05]]
--------------------------------------------------------------------------------

KEY: Sigma
--------------------------------------------------------------------------------
[[1.]]
--------------------------------------------------------------------------------

KEY: dSigma
--------------------------------------------------------------------------------
[[1.]]
--------------------------------------------------------------------------------

KEY: dtarget
--------------------------------------------------------------------------------
[[ 2.53443295e-06  1.32228488e-05  4.53780103e-06 ... -1.57396589e-05
  -2.73725936e-06 -2.40919089e-05]
 [ 1.68322586e-05 -9.92660352e-05  3.46717534e-05 ... -2.71542813e-05
  -2.72588341e-06 -1.40373886e-04]
 [ 2.79929168e-06  1.13204633e-05  1.39168060e-06 ...  4.31596209e-06
   5.65155915e-06 -2.34594700e-05]
 ...
 [ 6.51037362e-06  3.13389100e-05  9.83993323e-06 ... -1.98227608e-05
  -3.66132699e-05 -4.04102138e-06]
 [-1.34184811e-05  3.25904693e-05  5.34177934e-06 ...  8.57352643e-06
   2.00393024e-05  7.45658235e-06]
 [ 2.57821757e-05 -1.84689939e-04  1.22274898e-04 ... -4.32808796e-04
   1.09536624e-04  6.55055628e-05]]
--------------------------------------------------------------------------------

KEY: modulator
--------------------------------------------------------------------------------
[[1. 1. 1. ... 1. 1. 1.]
 [1. 1. 1. ... 1. 1. 1.]
 [1. 1. 1. ... 1. 1. 1.]
 ...
 [1. 1. 1. ... 1. 1. 1.]
 [1. 1. 1. ... 1. 1. 1.]
 [1. 1. 1. ... 1. 1. 1.]]
--------------------------------------------------------------------------------

KEY: mask
--------------------------------------------------------------------------------
[[1. 1. 1. ... 1. 1. 1.]
 [1. 1. 1. ... 1. 1. 1.]
 [1. 1. 1. ... 1. 1. 1.]
 ...
 [1. 1. 1. ... 1. 1. 1.]
 [1. 1. 1. ... 1. 1. 1.]
 [1. 1. 1. ... 1. 1. 1.]]
--------------------------------------------------------------------------------

====================================================================================================
FILE: block1_e_mlp.npz
====================================================================================================

KEY: key
--------------------------------------------------------------------------------
[        0 436811950]
--------------------------------------------------------------------------------

KEY: L
--------------------------------------------------------------------------------
-0.95080703
--------------------------------------------------------------------------------

KEY: dmu
--------------------------------------------------------------------------------
[[ 2.3082737e-04 -1.4313014e-04 -3.2023338e-04 ... -3.4550086e-04
   2.4156907e-04  4.9765960e-05]
 [ 8.7333570e-04 -2.0458766e-04  1.2959645e-04 ... -3.3492077e-04
  -4.5429413e-05  2.4391168e-04]
 [ 1.5404488e-05 -5.3692955e-05  3.6437812e-04 ... -2.1246467e-04
  -4.0675804e-05 -1.2452684e-05]
 ...
 [-2.7640129e-04  1.7659527e-03 -9.0011723e-05 ... -1.7863675e-04
   1.7503003e-04  7.2462839e-04]
 [-9.5774507e-05 -4.3503576e-04  1.1393526e-03 ...  7.8106706e-05
   1.3856328e-04  2.1957156e-04]
 [ 9.5596947e-03 -7.5440863e-03 -1.1547246e-02 ...  2.9140792e-04
  -1.1802841e-04 -4.9204682e-03]]
--------------------------------------------------------------------------------

KEY: Sigma
--------------------------------------------------------------------------------
[[1.]]
--------------------------------------------------------------------------------

KEY: dSigma
--------------------------------------------------------------------------------
[[1.]]
--------------------------------------------------------------------------------

KEY: dtarget
--------------------------------------------------------------------------------
[[-2.3082737e-04  1.4313014e-04  3.2023338e-04 ...  3.4550086e-04
  -2.4156907e-04 -4.9765960e-05]
 [-8.7333570e-04  2.0458766e-04 -1.2959645e-04 ...  3.3492077e-04
   4.5429413e-05 -2.4391168e-04]
 [-1.5404488e-05  5.3692955e-05 -3.6437812e-04 ...  2.1246467e-04
   4.0675804e-05  1.2452684e-05]
 ...
 [ 2.7640129e-04 -1.7659527e-03  9.0011723e-05 ...  1.7863675e-04
  -1.7503003e-04 -7.2462839e-04]
 [ 9.5774507e-05  4.3503576e-04 -1.1393526e-03 ... -7.8106706e-05
  -1.3856328e-04 -2.1957156e-04]
 [-9.5596947e-03  7.5440863e-03  1.1547246e-02 ... -2.9140792e-04
   1.1802841e-04  4.9204682e-03]]
--------------------------------------------------------------------------------

KEY: modulator
--------------------------------------------------------------------------------
[[1. 1. 1. ... 1. 1. 1.]
 [1. 1. 1. ... 1. 1. 1.]
 [1. 1. 1. ... 1. 1. 1.]
 ...
 [1. 1. 1. ... 1. 1. 1.]
 [1. 1. 1. ... 1. 1. 1.]
 [1. 1. 1. ... 1. 1. 1.]]
--------------------------------------------------------------------------------

KEY: mask
--------------------------------------------------------------------------------
[[1. 1. 1. ... 1. 1. 1.]
 [1. 1. 1. ... 1. 1. 1.]
 [1. 1. 1. ... 1. 1. 1.]
 ...
 [1. 1. 1. ... 1. 1. 1.]
 [1. 1. 1. ... 1. 1. 1.]
 [1. 1. 1. ... 1. 1. 1.]]
--------------------------------------------------------------------------------

====================================================================================================
FILE: block1_e_mlp1.npz
====================================================================================================

KEY: key
--------------------------------------------------------------------------------
[        0 438170550]
--------------------------------------------------------------------------------

KEY: L
--------------------------------------------------------------------------------
-0.026338426
--------------------------------------------------------------------------------

KEY: dmu
--------------------------------------------------------------------------------
[[ 2.4319839e-05 -3.4126249e-05  3.2787866e-06 ...  3.3984499e-05
  -1.2400912e-05 -3.6795809e-05]
 [-1.5774820e-05  8.0478872e-05  3.5089045e-04 ...  3.4689199e-04
   3.6059209e-06 -2.7641303e-05]
 [ 1.6268295e-05 -1.7614357e-05 -2.6472850e-05 ... -1.9809095e-05
  -3.9463371e-06 -1.3529016e-05]
 ...
 [ 7.1338865e-05  1.2491690e-04  6.1109844e-05 ... -9.1699490e-05
   3.6385314e-05  4.3522818e-05]
 [ 5.6419954e-05 -7.8115721e-05 -9.4770199e-05 ...  2.9202452e-06
   1.1556767e-05 -3.4064935e-05]
 [ 2.4710107e-04  8.5100089e-04  6.9380802e-04 ...  5.9088622e-04
   1.1732872e-03 -1.3162898e-03]]
--------------------------------------------------------------------------------

KEY: Sigma
--------------------------------------------------------------------------------
[[1.]]
--------------------------------------------------------------------------------

KEY: dSigma
--------------------------------------------------------------------------------
[[1.]]
--------------------------------------------------------------------------------

KEY: dtarget
--------------------------------------------------------------------------------
[[-2.4319839e-05  3.4126249e-05 -3.2787866e-06 ... -3.3984499e-05
   1.2400912e-05  3.6795809e-05]
 [ 1.5774820e-05 -8.0478872e-05 -3.5089045e-04 ... -3.4689199e-04
  -3.6059209e-06  2.7641303e-05]
 [-1.6268295e-05  1.7614357e-05  2.6472850e-05 ...  1.9809095e-05
   3.9463371e-06  1.3529016e-05]
 ...
 [-7.1338865e-05 -1.2491690e-04 -6.1109844e-05 ...  9.1699490e-05
  -3.6385314e-05 -4.3522818e-05]
 [-5.6419954e-05  7.8115721e-05  9.4770199e-05 ... -2.9202452e-06
  -1.1556767e-05  3.4064935e-05]
 [-2.4710107e-04 -8.5100089e-04 -6.9380802e-04 ... -5.9088622e-04
  -1.1732872e-03  1.3162898e-03]]
--------------------------------------------------------------------------------

KEY: modulator
--------------------------------------------------------------------------------
[[1. 1. 1. ... 1. 1. 1.]
 [1. 1. 1. ... 1. 1. 1.]
 [1. 1. 1. ... 1. 1. 1.]
 ...
 [1. 1. 1. ... 1. 1. 1.]
 [1. 1. 1. ... 1. 1. 1.]
 [1. 1. 1. ... 1. 1. 1.]]
--------------------------------------------------------------------------------

KEY: mask
--------------------------------------------------------------------------------
[[1. 1. 1. ... 1. 1. 1.]
 [1. 1. 1. ... 1. 1. 1.]
 [1. 1. 1. ... 1. 1. 1.]
 ...
 [1. 1. 1. ... 1. 1. 1.]
 [1. 1. 1. ... 1. 1. 1.]
 [1. 1. 1. ... 1. 1. 1.]]
--------------------------------------------------------------------------------

====================================================================================================
FILE: block1_e_qkv.npz
====================================================================================================

KEY: key
--------------------------------------------------------------------------------
[        0 421020115]
--------------------------------------------------------------------------------

KEY: L
--------------------------------------------------------------------------------
-9.24587e-06
--------------------------------------------------------------------------------

KEY: dmu
--------------------------------------------------------------------------------
[[ 1.9688514e-08 -1.3632155e-06  1.3941350e-06 ...  8.1735857e-07
   1.5127093e-06 -1.2956336e-06]
 [ 9.1393395e-06 -1.4793488e-07  6.2412882e-06 ...  2.8249251e-06
  -1.1005741e-05 -1.1005781e-05]
 [-5.9573830e-07 -1.3478736e-06  1.6633264e-06 ...  9.9215924e-07
   9.0563390e-08 -1.5401554e-08]
 ...
 [-1.9683266e-06 -4.3260829e-06  2.3865664e-06 ...  7.0740389e-06
  -7.1464910e-06 -6.6770308e-06]
 [ 6.9916541e-07 -7.4680196e-07  1.8847533e-06 ... -8.9199045e-07
  -1.1512677e-07 -2.5663641e-07]
 [-3.1954114e-05  4.3464559e-05 -1.4287621e-05 ...  7.5520894e-08
  -1.0845699e-05 -7.1839795e-06]]
--------------------------------------------------------------------------------

KEY: Sigma
--------------------------------------------------------------------------------
[[1.]]
--------------------------------------------------------------------------------

KEY: dSigma
--------------------------------------------------------------------------------
[[1.]]
--------------------------------------------------------------------------------

KEY: dtarget
--------------------------------------------------------------------------------
[[-1.9688514e-08  1.3632155e-06 -1.3941350e-06 ... -8.1735857e-07
  -1.5127093e-06  1.2956336e-06]
 [-9.1393395e-06  1.4793488e-07 -6.2412882e-06 ... -2.8249251e-06
   1.1005741e-05  1.1005781e-05]
 [ 5.9573830e-07  1.3478736e-06 -1.6633264e-06 ... -9.9215924e-07
  -9.0563390e-08  1.5401554e-08]
 ...
 [ 1.9683266e-06  4.3260829e-06 -2.3865664e-06 ... -7.0740389e-06
   7.1464910e-06  6.6770308e-06]
 [-6.9916541e-07  7.4680196e-07 -1.8847533e-06 ...  8.9199045e-07
   1.1512677e-07  2.5663641e-07]
 [ 3.1954114e-05 -4.3464559e-05  1.4287621e-05 ... -7.5520894e-08
   1.0845699e-05  7.1839795e-06]]
--------------------------------------------------------------------------------

KEY: modulator
--------------------------------------------------------------------------------
[[1. 1. 1. ... 1. 1. 1.]
 [1. 1. 1. ... 1. 1. 1.]
 [1. 1. 1. ... 1. 1. 1.]
 ...
 [1. 1. 1. ... 1. 1. 1.]
 [1. 1. 1. ... 1. 1. 1.]
 [1. 1. 1. ... 1. 1. 1.]]
--------------------------------------------------------------------------------

KEY: mask
--------------------------------------------------------------------------------
[[1. 1. 1. ... 1. 1. 1.]
 [1. 1. 1. ... 1. 1. 1.]
 [1. 1. 1. ... 1. 1. 1.]
 ...
 [1. 1. 1. ... 1. 1. 1.]
 [1. 1. 1. ... 1. 1. 1.]
 [1. 1. 1. ... 1. 1. 1.]]
--------------------------------------------------------------------------------

====================================================================================================
FILE: block1_reshape_2d_to_3d_k.npz
====================================================================================================

KEY: key
--------------------------------------------------------------------------------
[        0 443234148]
--------------------------------------------------------------------------------

KEY: outputs
--------------------------------------------------------------------------------
[[[-1.04022001e-06 -1.79148105e-06  1.29589694e-06 ...  2.76316655e-06
    4.82242558e-06  3.22940673e-06]
  [-4.04477191e-07 -1.53553276e-06  2.01452099e-06 ...  2.59321337e-06
    3.59363617e-06  1.10610574e-06]
  [-1.08213499e-06 -6.43775707e-07  1.48414756e-06 ...  3.40189814e-07
    1.89176205e-06 -1.40527490e-07]
  ...
  [-2.16462027e-07  1.43441923e-07  9.28563679e-08 ...  2.34514758e-07
    1.80009835e-07  3.35711121e-07]
  [-2.55736609e-07  1.84452844e-07  1.12214416e-07 ...  1.65496132e-07
    1.52436030e-07  2.40892689e-07]
  [-2.40935975e-07  1.67076351e-07  1.17689829e-07 ...  1.56669827e-07
    1.66556021e-07  2.43151931e-07]]

 [[-2.76414380e-06  2.34672984e-06  3.03335719e-06 ... -2.06846130e-06
   -3.05584285e-06 -2.67091110e-07]
  [-1.57958129e-06  1.44744592e-06  2.16320473e-06 ... -1.00960210e-06
   -7.45098362e-07  1.31372815e-06]
  [-1.01762896e-06  1.52805615e-06  1.42082388e-06 ... -1.21447056e-06
   -8.09573464e-07  1.14734212e-06]
  ...
  [-3.64813388e-08  3.64359920e-09  2.59790994e-07 ... -2.63675020e-07
    9.05953428e-08 -1.09544878e-07]
  [ 1.63553526e-09  5.11896658e-09  3.15755784e-07 ... -2.47548087e-07
    7.71614310e-08 -1.69679979e-07]
  [ 7.30286871e-08 -3.47746365e-08  3.16764812e-07 ... -2.29846080e-07
    7.00586327e-08 -1.68694399e-07]]

 [[-1.10736926e-06  3.96804012e-07  6.88961609e-06 ...  3.11104031e-07
    3.06053636e-07 -7.28349505e-07]
  [-1.86493605e-06  1.33142214e-06  2.97606948e-06 ...  3.40282725e-07
    1.00247325e-06  5.01859887e-10]
  [-1.13228691e-06  9.41617373e-07  2.09327732e-06 ... -7.77833236e-07
    1.55533357e-07  7.21356116e-07]
  ...
  [ 1.63591221e-08 -1.19988272e-07  4.82495636e-07 ...  2.22160580e-07
    1.16930522e-07  2.61682402e-07]
  [ 2.08364384e-08 -1.30126821e-07  4.66452917e-07 ...  1.81166186e-07
    1.03209530e-07  2.78500323e-07]
  [ 5.32371409e-08 -1.20304136e-07  4.77228241e-07 ...  1.62227948e-07
    8.64147580e-08  2.78981190e-07]]

 ...

 [[ 2.61808668e-06 -4.91330820e-06  8.08655295e-06 ...  9.11969778e-07
   -7.45567490e-07  1.99015426e-06]
  [ 9.34736761e-07  6.81364554e-07  4.82135647e-06 ...  1.84667172e-07
   -2.99549470e-08 -1.89547245e-06]
  [ 9.63600542e-07  7.92458195e-07  3.28749661e-06 ... -8.05037189e-07
   -6.68632310e-07 -7.36571451e-07]
  ...
  [-6.82825387e-08  1.10579784e-07  2.56771926e-07 ... -2.10672312e-07
    2.21735689e-07 -1.35932190e-08]
  [-9.87867850e-08  1.04546586e-07  2.48521985e-07 ... -1.94593753e-07
    2.68599706e-07 -4.24207123e-08]
  [-1.10636186e-07  1.07424484e-07  2.48725712e-07 ... -1.93555849e-07
    2.69153077e-07 -4.07330205e-08]]

 [[-1.32848311e-06  8.01726628e-07  3.93057280e-06 ...  1.91425056e-06
   -1.21485914e-06  2.65003536e-07]
  [-3.01308023e-06  1.83545535e-06  3.10277778e-06 ...  4.78020183e-07
    1.54170903e-06  2.69203781e-07]
  [-1.95593861e-06  1.87416060e-06  3.32900936e-06 ... -1.48301103e-06
    1.51503329e-07 -5.03627575e-07]
  ...
  [-1.35657586e-07 -1.40680470e-07  1.80838853e-07 ...  8.04067923e-08
    2.22260127e-07  2.83803331e-07]
  [-1.14916354e-07 -1.82477919e-07  1.84358953e-07 ...  6.07152728e-08
    1.73272980e-07  2.64645280e-07]
  [-8.33758023e-08 -2.29519969e-07  1.58588051e-07 ...  7.24087812e-08
    1.76069648e-07  3.43637822e-07]]

 [[-1.14046509e-06  5.57564476e-07  4.10155326e-06 ... -1.10900328e-06
   -2.18784885e-06 -2.61398054e-06]
  [-1.71479064e-06  5.67071538e-07  2.36558117e-06 ...  1.30526558e-08
   -7.01078534e-07 -5.42208340e-07]
  [-6.19350146e-07  1.09076481e-07  2.60993488e-06 ... -5.26407575e-07
   -6.26751671e-07 -3.33628975e-07]
  ...
  [-4.77868518e-08 -9.54358441e-08  9.79062307e-08 ...  1.88232576e-07
    2.00044013e-07 -1.61617741e-09]
  [-1.02740515e-07 -5.48575727e-08  1.21282071e-07 ...  1.18627568e-07
    1.34095899e-07 -5.91397438e-08]
  [-1.19488817e-07 -2.79286496e-08  1.53418085e-07 ...  4.56433078e-08
    8.97592329e-08 -9.63658167e-08]]]
--------------------------------------------------------------------------------

====================================================================================================
FILE: block1_reshape_2d_to_3d_q.npz
====================================================================================================

KEY: key
--------------------------------------------------------------------------------
[        0 442400454]
--------------------------------------------------------------------------------

KEY: outputs
--------------------------------------------------------------------------------
[[[ 1.35047662e-06  1.51918459e-06  2.02374031e-06 ... -9.73785973e-07
   -3.04061541e-06 -3.17467516e-06]
  [ 6.42284192e-07  1.08979168e-06  1.14042507e-06 ...  4.30741835e-07
   -3.15935176e-06 -1.72376281e-06]
  [-1.57217596e-06  6.11984888e-07 -5.04773993e-07 ...  6.18357603e-07
   -2.17301863e-06 -6.44427814e-07]
  ...
  [-1.30763844e-08  4.77232796e-08  3.94105903e-08 ... -1.52552332e-07
   -4.22788503e-07 -2.74299623e-07]
  [-5.70957184e-08  1.37501246e-08 -3.60157948e-08 ... -1.95916769e-07
   -3.35390610e-07 -2.34109635e-07]
  [-5.79048702e-08 -9.12974585e-09  1.06719273e-08 ... -2.20405255e-07
   -3.28583951e-07 -2.17603898e-07]]

 [[ 3.77366655e-06  1.21571645e-07 -3.65649235e-08 ... -1.10505800e-06
   -1.79507470e-06  1.52659777e-06]
  [ 2.17208367e-06  2.50441701e-07  1.36690971e-06 ... -1.62308666e-07
   -5.11227142e-07  5.47458967e-07]
  [-1.97313838e-07  2.10922394e-07  8.44485726e-07 ... -1.62180470e-07
    4.20902779e-09  1.01173811e-07]
  ...
  [ 2.89143458e-07 -2.22089902e-08 -2.22508319e-07 ... -1.76332748e-07
   -1.95012362e-07  2.43895414e-07]
  [ 2.77098223e-07 -3.39547448e-08 -2.48102310e-07 ... -1.66505274e-07
   -1.68779437e-07  2.47594841e-07]
  [ 2.31496415e-07 -2.60257291e-08 -2.16261199e-07 ... -1.72597410e-07
   -1.83396352e-07  2.01027802e-07]]

 [[ 5.30933085e-06  7.64582808e-07 -5.99937835e-07 ...  1.21498238e-06
   -1.44130013e-06  1.09496955e-06]
  [ 2.66225788e-06  6.62048251e-07  7.77982677e-07 ...  1.05232630e-06
   -2.56404724e-06  4.40178866e-07]
  [ 9.86569120e-08  2.65022351e-08  5.51451592e-07 ...  5.11976566e-07
   -1.13382271e-06  1.44081540e-07]
  ...
  [ 7.70847066e-07  3.75193068e-08  4.86672945e-07 ...  1.92231823e-07
   -3.85648860e-07 -1.92058238e-07]
  [ 7.32983381e-07  2.83993664e-08  5.16384375e-07 ...  1.75616975e-07
   -3.23637749e-07 -1.74516515e-07]
  [ 7.24286906e-07  1.83353936e-08  5.12779479e-07 ...  1.46351212e-07
   -3.09834462e-07 -1.45948533e-07]]

 ...

 [[ 7.56791678e-06 -4.20252582e-06 -2.38773168e-06 ...  1.29348757e-06
   -4.65148423e-06  3.41779560e-06]
  [ 1.85726265e-06 -1.15036744e-06  5.31495914e-09 ...  1.60735033e-06
   -1.86250475e-06  2.86721672e-07]
  [-5.49440358e-07 -1.20892844e-06  1.13754105e-07 ...  6.99945076e-07
   -5.43635849e-07  1.88697967e-07]
  ...
  [ 3.27928063e-07 -1.77074526e-07  2.96687261e-07 ...  3.33706645e-08
   -1.24107720e-08  6.33931307e-08]
  [ 3.19531182e-07 -1.64249172e-07  2.82519096e-07 ...  1.51722332e-08
   -1.89890859e-08  5.42038627e-08]
  [ 3.59183304e-07 -1.34034295e-07  3.12589918e-07 ...  4.47468196e-09
   -2.00670183e-08  7.16096906e-08]]

 [[ 3.57104227e-07 -1.38714745e-06  2.06403638e-06 ... -4.12352074e-06
   -4.00021327e-06 -4.47410503e-06]
  [ 2.99223166e-06  1.75251273e-07 -5.75460433e-07 ... -1.74868524e-06
   -3.09353550e-06 -7.59096224e-07]
  [-3.45139568e-07 -1.30021783e-06 -1.65204960e-06 ... -2.38851862e-06
   -2.39541350e-06 -8.59808438e-07]
  ...
  [ 2.73123931e-07 -2.49468854e-07  2.33929839e-07 ... -1.93870918e-07
   -4.74538723e-07 -2.32841529e-07]
  [ 2.07368345e-07 -2.69357827e-07  2.03958237e-07 ... -2.19570566e-07
   -4.60398439e-07 -2.21406452e-07]
  [ 2.01714542e-07 -2.68226472e-07  2.53482000e-07 ... -2.19783928e-07
   -4.28686036e-07 -2.14166192e-07]]

 [[-1.34905645e-06 -5.13423117e-07 -3.04323930e-06 ... -9.19949173e-07
   -3.43217766e-06  1.58295165e-06]
  [ 5.87705586e-07  2.36416980e-07  1.31755087e-08 ...  2.55108716e-08
   -2.83641475e-06  3.23288361e-07]
  [-1.12376006e-06 -4.96759526e-07 -1.00278999e-06 ...  2.87669764e-07
   -1.86847149e-06 -5.85380562e-08]
  ...
  [-5.90291016e-08 -5.66906344e-08 -2.90418740e-07 ...  5.48684937e-08
   -3.53854205e-07 -3.71208500e-07]
  [-3.00173504e-08 -2.87095130e-08 -3.14176390e-07 ...  4.12379855e-08
   -3.01946955e-07 -2.78996140e-07]
  [-1.73785413e-08 -4.53916229e-08 -3.51519191e-07 ...  1.48662735e-08
   -2.82266399e-07 -2.02911465e-07]]]
--------------------------------------------------------------------------------

====================================================================================================
FILE: block1_reshape_2d_to_3d_v.npz
====================================================================================================

KEY: key
--------------------------------------------------------------------------------
[        0 444041251]
--------------------------------------------------------------------------------

KEY: outputs
--------------------------------------------------------------------------------
[[[ 1.22783217e-06  1.17220225e-06 -3.23066752e-06 ...  2.25820872e-06
   -3.83088400e-06 -6.67515792e-07]
  [ 1.56613294e-06  2.04567186e-06 -2.31588933e-06 ...  5.52268602e-07
   -1.75354808e-06 -4.32090133e-07]
  [ 8.38393177e-08  2.30590376e-06 -1.35048879e-06 ...  3.76974157e-07
   -1.86467076e-07 -9.23850962e-07]
  ...
  [-2.80021595e-07  2.34555444e-07 -6.51553933e-07 ... -3.43570719e-07
   -6.90290776e-08 -7.13975155e-08]
  [-2.74430704e-07  2.43151902e-07 -6.66782910e-07 ... -2.99313115e-07
   -4.08380387e-08 -1.50437970e-07]
  [-3.17016799e-07  2.45979663e-07 -6.68965129e-07 ... -2.57428582e-07
   -3.62520112e-08 -1.58059095e-07]]

 [[-9.67411211e-07  4.11263272e-06  3.25572978e-06 ... -2.27279702e-06
    1.04586729e-06  3.72636606e-07]
  [-6.44163663e-07  2.84159705e-06  1.80651068e-06 ... -1.05739866e-06
    6.93094421e-07 -7.58207761e-07]
  [ 1.26123467e-09  2.56811131e-06  1.13597844e-06 ... -9.27862970e-07
    5.78516449e-07 -6.95907488e-07]
  ...
  [-2.96268439e-07  3.92004921e-07  1.87359035e-08 ... -1.83112462e-07
    8.72028316e-09 -5.04854540e-07]
  [-3.01062471e-07  3.96223157e-07  2.80313941e-08 ... -1.32541004e-07
    4.62123566e-08 -4.96005782e-07]
  [-3.08366538e-07  3.45248850e-07 -4.39223271e-08 ... -1.18170846e-07
    2.28959482e-08 -4.56685626e-07]]

 [[ 1.88119407e-06  9.87485805e-07  2.52526638e-06 ...  3.36005064e-06
   -2.52349992e-06 -5.15713339e-08]
  [ 1.88885087e-06  1.94683616e-06  2.78424693e-07 ... -2.35737801e-07
   -6.25418068e-07  4.82292108e-08]
  [ 8.28494251e-07  1.08695940e-06  6.32790773e-07 ... -1.64907505e-07
   -4.87125789e-08 -5.53407858e-07]
  ...
  [-8.12127965e-08  3.33224676e-07  4.95805210e-08 ... -3.26999924e-07
    7.66341159e-08 -1.55310445e-07]
  [-1.27245329e-07  3.31282052e-07  5.71610883e-08 ... -3.14406265e-07
    1.05342238e-07 -1.62110013e-07]
  [-1.62811943e-07  2.87069099e-07  6.05086825e-08 ... -2.86281590e-07
    9.35370608e-08 -1.37910206e-07]]

 ...

 [[-2.62126082e-06  1.07622952e-06  5.28287319e-06 ...  1.08742904e-06
    6.02098316e-06 -7.13306576e-07]
  [ 1.73072499e-06  4.77491812e-06  2.34601771e-06 ...  6.95576148e-08
    2.24358268e-06 -1.91757636e-06]
  [ 1.09870712e-06  3.22483902e-06  1.94868562e-06 ... -1.69514408e-07
    1.87617604e-06 -2.02712522e-06]
  ...
  [ 1.39472036e-07  1.46049047e-07  1.86320449e-07 ... -3.83770953e-08
    1.45431997e-07 -7.03098024e-08]
  [ 1.03606219e-07  1.54738601e-07  1.25561968e-07 ... -3.52962957e-08
    1.44819310e-07 -5.33332454e-08]
  [ 7.27223934e-08  1.11144416e-07  1.10900174e-07 ... -2.60743036e-08
    9.34700353e-08 -2.79291612e-09]]

 [[ 5.00206761e-06  1.30003264e-06 -3.18829370e-06 ...  1.11725024e-06
    4.21854475e-06 -1.01678916e-06]
  [ 2.30221258e-06  1.12839291e-06 -6.34063326e-07 ... -2.30238939e-07
    3.90948287e-08  1.31770173e-06]
  [ 1.08105428e-06  1.75579089e-06 -2.91273807e-07 ... -1.82631069e-07
    1.09560631e-06  3.03689745e-07]
  ...
  [ 1.01484552e-07  5.92564149e-08 -3.97107954e-07 ... -2.07048046e-07
   -2.84938835e-07  2.85539414e-08]
  [ 6.10386550e-08  1.06364965e-07 -3.58376440e-07 ... -2.16139100e-07
   -2.28033159e-07  2.98217344e-08]
  [-3.94144806e-09  6.65000357e-08 -3.42693284e-07 ... -1.99770454e-07
   -2.23159660e-07  4.73256279e-08]]

 [[ 2.76798050e-06  1.17724323e-06 -7.15420185e-08 ...  1.11812744e-06
   -2.64827378e-07 -1.00961654e-06]
  [ 1.23233622e-06  2.47872481e-06 -2.29166108e-06 ... -4.67701966e-09
   -8.10410711e-07 -3.69769424e-07]
  [ 4.62118123e-07  1.88082277e-06 -5.49287051e-07 ...  1.19667459e-06
    2.06246654e-07 -3.97945797e-07]
  ...
  [-1.95222697e-07  2.05514141e-07 -4.42124758e-07 ... -1.65483982e-08
   -3.67062626e-07 -3.35125748e-07]
  [-2.37691125e-07  2.36650465e-07 -4.14052010e-07 ... -1.86793727e-08
   -3.12738365e-07 -3.24357416e-07]
  [-2.95213255e-07  2.22237901e-07 -3.78313359e-07 ... -1.84365945e-09
   -3.10917983e-07 -3.15677283e-07]]]
--------------------------------------------------------------------------------

====================================================================================================
FILE: block1_reshape_3d_to_2d.npz
====================================================================================================

KEY: key
--------------------------------------------------------------------------------
[        0 445673751]
--------------------------------------------------------------------------------

KEY: outputs
--------------------------------------------------------------------------------
[[ 1.2274832e-06  1.1725351e-06 -3.2298267e-06 ...  2.2575259e-06
  -3.8295984e-06 -6.6729262e-07]
 [ 1.3969839e-06  1.6088597e-06 -2.7725473e-06 ...  1.4049001e-06
  -2.7916394e-06 -5.4971315e-07]
 [ 9.5902806e-07  1.8407752e-06 -2.2979430e-06 ...  1.0619916e-06
  -1.9227891e-06 -6.7426811e-07]
 ...
 [-2.0272864e-07  3.6059731e-07 -8.0026552e-08 ... -7.9562980e-08
  -3.1414306e-08 -2.4026488e-07]
 [-2.0324062e-07  3.5855385e-07 -8.5308827e-08 ... -7.8579873e-08
  -3.5871182e-08 -2.4154761e-07]
 [-2.0472680e-07  3.5651010e-07 -8.9908099e-08 ... -7.7399761e-08
  -4.0176019e-08 -2.4276460e-07]]
--------------------------------------------------------------------------------

====================================================================================================
FILE: block1_reshape_3d_to_2d_attnout.npz
====================================================================================================

KEY: key
--------------------------------------------------------------------------------
[        0 444836852]
--------------------------------------------------------------------------------

KEY: inputs
--------------------------------------------------------------------------------
[[[0. 0. 0. ... 0. 0. 0.]
  [0. 0. 0. ... 0. 0. 0.]
  [0. 0. 0. ... 0. 0. 0.]
  ...
  [0. 0. 0. ... 0. 0. 0.]
  [0. 0. 0. ... 0. 0. 0.]
  [0. 0. 0. ... 0. 0. 0.]]

 [[0. 0. 0. ... 0. 0. 0.]
  [0. 0. 0. ... 0. 0. 0.]
  [0. 0. 0. ... 0. 0. 0.]
  ...
  [0. 0. 0. ... 0. 0. 0.]
  [0. 0. 0. ... 0. 0. 0.]
  [0. 0. 0. ... 0. 0. 0.]]

 [[0. 0. 0. ... 0. 0. 0.]
  [0. 0. 0. ... 0. 0. 0.]
  [0. 0. 0. ... 0. 0. 0.]
  ...
  [0. 0. 0. ... 0. 0. 0.]
  [0. 0. 0. ... 0. 0. 0.]
  [0. 0. 0. ... 0. 0. 0.]]

 ...

 [[0. 0. 0. ... 0. 0. 0.]
  [0. 0. 0. ... 0. 0. 0.]
  [0. 0. 0. ... 0. 0. 0.]
  ...
  [0. 0. 0. ... 0. 0. 0.]
  [0. 0. 0. ... 0. 0. 0.]
  [0. 0. 0. ... 0. 0. 0.]]

 [[0. 0. 0. ... 0. 0. 0.]
  [0. 0. 0. ... 0. 0. 0.]
  [0. 0. 0. ... 0. 0. 0.]
  ...
  [0. 0. 0. ... 0. 0. 0.]
  [0. 0. 0. ... 0. 0. 0.]
  [0. 0. 0. ... 0. 0. 0.]]

 [[0. 0. 0. ... 0. 0. 0.]
  [0. 0. 0. ... 0. 0. 0.]
  [0. 0. 0. ... 0. 0. 0.]
  ...
  [0. 0. 0. ... 0. 0. 0.]
  [0. 0. 0. ... 0. 0. 0.]
  [0. 0. 0. ... 0. 0. 0.]]]
--------------------------------------------------------------------------------

KEY: outputs
--------------------------------------------------------------------------------
[[0. 0. 0. ... 0. 0. 0.]
 [0. 0. 0. ... 0. 0. 0.]
 [0. 0. 0. ... 0. 0. 0.]
 ...
 [0. 0. 0. ... 0. 0. 0.]
 [0. 0. 0. ... 0. 0. 0.]
 [0. 0. 0. ... 0. 0. 0.]]
--------------------------------------------------------------------------------

====================================================================================================
FILE: block1_z_attn.npz
====================================================================================================

KEY: key
--------------------------------------------------------------------------------
[        0 404683867]
--------------------------------------------------------------------------------

KEY: zF
--------------------------------------------------------------------------------
[[ 1.2716101e-06 -1.9091021e-07 -1.9248234e-06 ...  3.0601691e-06
  -2.3407351e-06 -1.9627482e-06]
 [ 1.0622646e-05  1.4769809e-06  3.4155566e-06 ...  4.2210177e-06
  -1.3897282e-05 -1.1619366e-05]
 [ 3.7888708e-07  5.0231648e-07 -7.1566240e-07 ...  2.0259854e-06
  -1.8451443e-06 -6.8031289e-07]
 ...
 [-2.1822395e-06 -3.9666706e-06  2.2513268e-06 ...  7.0027959e-06
  -7.2125649e-06 -6.9590833e-06]
 [ 5.0836042e-07 -3.7225078e-07  1.7393991e-06 ... -1.0234977e-06
  -1.2820092e-07 -4.8967740e-07]
 [-3.2437340e-05  4.4163073e-05 -1.4594132e-05 ...  6.6583317e-10
  -1.0885178e-05 -7.5341904e-06]]
--------------------------------------------------------------------------------

KEY: z
--------------------------------------------------------------------------------
[[ 1.2716101e-06 -1.9091021e-07 -1.9248234e-06 ...  3.0601691e-06
  -2.3407351e-06 -1.9627482e-06]
 [ 1.0622646e-05  1.4769809e-06  3.4155566e-06 ...  4.2210177e-06
  -1.3897282e-05 -1.1619366e-05]
 [ 3.7888708e-07  5.0231648e-07 -7.1566240e-07 ...  2.0259854e-06
  -1.8451443e-06 -6.8031289e-07]
 ...
 [-2.1822395e-06 -3.9666706e-06  2.2513268e-06 ...  7.0027959e-06
  -7.2125649e-06 -6.9590833e-06]
 [ 5.0836042e-07 -3.7225078e-07  1.7393991e-06 ... -1.0234977e-06
  -1.2820092e-07 -4.8967740e-07]
 [-3.2437340e-05  4.4163073e-05 -1.4594132e-05 ...  6.6583317e-10
  -1.0885178e-05 -7.5341904e-06]]
--------------------------------------------------------------------------------

====================================================================================================
FILE: block1_z_mlp.npz
====================================================================================================

KEY: key
--------------------------------------------------------------------------------
[        0 429345558]
--------------------------------------------------------------------------------

KEY: zF
--------------------------------------------------------------------------------
[[-2.6345185e-06 -1.3725136e-05 -3.9606562e-06 ...  1.5431346e-05
   1.5640019e-06  2.6356776e-05]
 [-1.6242495e-05  1.0051101e-04 -3.4488661e-05 ...  2.7664462e-05
   1.7839017e-06  1.4312266e-04]
 [-2.8287341e-06 -1.1608174e-05 -7.9794063e-07 ... -4.8754496e-06
  -6.6982811e-06  2.5667490e-05]
 ...
 [-7.0667456e-06 -3.1391861e-05 -8.9400737e-06 ...  1.9611334e-05
   3.6662226e-05  5.2308296e-06]
 [ 1.3422207e-05 -3.3344495e-05 -4.7460144e-06 ... -8.9719406e-06
  -2.1258613e-05 -5.7195248e-06]
 [-2.1180811e-05  1.8683649e-04 -1.2447388e-04 ...  4.3538419e-04
  -1.1233199e-04 -6.4731437e-05]]
--------------------------------------------------------------------------------

KEY: z
--------------------------------------------------------------------------------
[[-2.6345185e-06 -1.3725136e-05 -3.9606562e-06 ...  1.5431346e-05
   1.5640019e-06  2.6356776e-05]
 [-1.6242495e-05  1.0051101e-04 -3.4488661e-05 ...  2.7664462e-05
   1.7839017e-06  1.4312266e-04]
 [-2.8287341e-06 -1.1608174e-05 -7.9794063e-07 ... -4.8754496e-06
  -6.6982811e-06  2.5667490e-05]
 ...
 [-7.0667456e-06 -3.1391861e-05 -8.9400737e-06 ...  1.9611334e-05
   3.6662226e-05  5.2308296e-06]
 [ 1.3422207e-05 -3.3344495e-05 -4.7460144e-06 ... -8.9719406e-06
  -2.1258613e-05 -5.7195248e-06]
 [-2.1180811e-05  1.8683649e-04 -1.2447388e-04 ...  4.3538419e-04
  -1.1233199e-04 -6.4731437e-05]]
--------------------------------------------------------------------------------

====================================================================================================
FILE: block1_z_mlp2.npz
====================================================================================================

KEY: key
--------------------------------------------------------------------------------
[        0 430112184]
--------------------------------------------------------------------------------

KEY: zF
--------------------------------------------------------------------------------
[[ 1.2161602e-05 -1.7986167e-05  5.2184464e-06 ...  1.8262013e-05
  -8.2746756e-06 -1.8338023e-05]
 [-6.0553543e-06  3.7036316e-05  1.8046891e-04 ...  1.7788737e-04
   1.3396937e-05 -1.4564652e-05]
 [ 8.0818718e-06 -8.6194232e-06 -1.2315304e-05 ... -9.1167076e-06
  -2.9093253e-06 -7.2723265e-06]
 ...
 [ 3.8435766e-05  6.7505527e-05  3.0136418e-05 ... -4.5658759e-05
   2.4151523e-05  1.7488379e-05]
 [ 2.8673898e-05 -4.1436713e-05 -4.6157151e-05 ...  2.3751363e-06
   6.3571702e-06 -1.8139584e-05]
 [ 1.6724759e-04  4.1624875e-04  3.7329269e-04 ...  3.4972632e-04
   6.3264108e-04 -6.7685911e-04]]
--------------------------------------------------------------------------------

KEY: z
--------------------------------------------------------------------------------
[[ 2.4322700e-05 -3.5973433e-05  1.0436801e-05 ...  3.6522892e-05
  -1.6549584e-05 -3.6677193e-05]
 [-1.2110833e-05  7.4067961e-05  3.6082702e-04 ...  3.5566709e-04
   2.6793265e-05 -2.9130026e-05]
 [ 1.6163522e-05 -1.7239101e-05 -2.4631125e-05 ... -1.8233697e-05
  -5.8186797e-06 -1.4544833e-05]
 ...
 [ 7.6866505e-05  1.3499554e-04  6.0269747e-05 ... -9.1324619e-05
   4.8301059e-05  3.4975714e-05]
 [ 5.7344998e-05 -8.2879276e-05 -9.2321556e-05 ...  4.7502535e-06
   1.2714202e-05 -3.6280289e-05]
 [ 3.3440004e-04  8.3190849e-04  7.4611168e-04 ...  6.9903681e-04
   1.2639227e-03 -1.3552813e-03]]
--------------------------------------------------------------------------------

====================================================================================================
FILE: block1_z_qkv.npz
====================================================================================================

KEY: key
--------------------------------------------------------------------------------
[        0 404047648]
--------------------------------------------------------------------------------

KEY: j
--------------------------------------------------------------------------------
[[-1.42545309e-06  4.34573138e-07 -2.61814932e-07 ... -2.95797776e-07
   9.61743751e-08 -9.22097570e-07]
 [-1.32101229e-06  6.99539839e-07 -5.16011653e-07 ... -6.27038972e-08
  -1.71382794e-07 -6.86868304e-07]
 [-1.15753005e-06  2.15765297e-07 -3.07727646e-07 ...  4.72571230e-07
  -6.85940904e-07 -4.56911891e-07]
 ...
 [-3.98030267e-08  1.91620035e-08 -2.00280610e-08 ... -9.40818126e-08
  -8.81721789e-08  1.50251978e-07]
 [-1.51702562e-08  7.11681825e-09 -4.54856277e-08 ... -1.15836492e-07
  -9.22389845e-08  1.56097968e-07]
 [-1.01892104e-08  4.22486002e-09 -4.38301804e-08 ... -1.17662736e-07
  -9.90621487e-08  1.67112589e-07]]
--------------------------------------------------------------------------------

KEY: zF
--------------------------------------------------------------------------------
[[-1.06252564e-05 -2.59812368e-05 -6.95571362e-06 ... -3.45907279e-06
  -1.13277438e-05 -3.06300649e-06]
 [-5.16976661e-06 -1.44050455e-05 -4.32535489e-06 ... -2.88190449e-06
  -1.36664194e-05 -4.05409037e-06]
 [ 9.82021902e-07 -1.33656749e-05 -6.87392003e-06 ...  1.93831238e-06
  -1.39531203e-05 -1.47199512e-06]
 ...
 [-1.26094483e-06  4.21688299e-07 -2.48159108e-06 ... -1.27158512e-06
  -1.09809525e-06  1.30265073e-06]
 [-9.99703275e-07  7.48812340e-07 -2.61732316e-06 ... -1.23168968e-06
  -1.14860381e-06  1.16416209e-06]
 [-7.38108952e-07  7.85012674e-07 -2.34343679e-06 ... -1.20816321e-06
  -9.63851448e-07  9.68108907e-07]]
--------------------------------------------------------------------------------

KEY: z
--------------------------------------------------------------------------------
[[-1.06252564e-05 -2.59812368e-05 -6.95571362e-06 ... -3.45907279e-06
  -1.13277438e-05 -3.06300649e-06]
 [-5.16976661e-06 -1.44050455e-05 -4.32535489e-06 ... -2.88190449e-06
  -1.36664194e-05 -4.05409037e-06]
 [ 9.82021902e-07 -1.33656749e-05 -6.87392003e-06 ...  1.93831238e-06
  -1.39531203e-05 -1.47199512e-06]
 ...
 [-1.26094483e-06  4.21688299e-07 -2.48159108e-06 ... -1.27158512e-06
  -1.09809525e-06  1.30265073e-06]
 [-9.99703275e-07  7.48812340e-07 -2.61732316e-06 ... -1.23168968e-06
  -1.14860381e-06  1.16416209e-06]
 [-7.38108952e-07  7.85012674e-07 -2.34343679e-06 ... -1.20816321e-06
  -9.63851448e-07  9.68108907e-07]]
--------------------------------------------------------------------------------

====================================================================================================
FILE: block_proj0_Q_attn_out.npz
====================================================================================================

KEY: key
--------------------------------------------------------------------------------
[3594402279 1622969650]
--------------------------------------------------------------------------------

KEY: outputs
--------------------------------------------------------------------------------
[[0. 0. 0. 0. 0. 0. 0. 0. 0. 0. 0. 0. 0. 0. 0. 0. 0. 0. 0. 0. 0. 0. 0. 0.
  0. 0. 0. 0. 0. 0. 0. 0. 0. 0. 0. 0. 0. 0. 0. 0. 0. 0. 0. 0. 0. 0. 0. 0.
  0. 0. 0. 0. 0. 0. 0. 0. 0. 0. 0. 0. 0. 0. 0. 0. 0. 0. 0. 0. 0. 0. 0. 0.
  0. 0. 0. 0. 0. 0. 0. 0. 0. 0. 0. 0. 0. 0. 0. 0. 0. 0. 0. 0. 0. 0. 0. 0.]]
--------------------------------------------------------------------------------

KEY: weights
--------------------------------------------------------------------------------
[[0.3477619  0.6147743  0.27528128 ... 0.42647702 0.6001701  0.34600183]
 [0.2474065  0.26348582 0.5351789  ... 0.6374367  0.08975521 0.19284955]
 [0.74442947 0.43539727 0.75550115 ... 0.06532054 0.7358235  0.46550137]
 ...
 [0.31188342 0.22919606 0.6734433  ... 0.6811388  0.5530719  0.27780327]
 [0.79553944 0.24704619 0.18707423 ... 0.77924263 0.07342688 0.61420554]
 [0.37881935 0.23292027 0.6962238  ... 0.53083146 0.13065992 0.33770823]]
--------------------------------------------------------------------------------

KEY: mask
--------------------------------------------------------------------------------
1.0
--------------------------------------------------------------------------------

KEY: biases
--------------------------------------------------------------------------------
[[0. 0. 0. 0. 0. 0. 0. 0. 0. 0. 0. 0. 0. 0. 0. 0. 0. 0. 0. 0. 0. 0. 0. 0.
  0. 0. 0. 0. 0. 0. 0. 0. 0. 0. 0. 0. 0. 0. 0. 0. 0. 0. 0. 0. 0. 0. 0. 0.
  0. 0. 0. 0. 0. 0. 0. 0. 0. 0. 0. 0. 0. 0. 0. 0. 0. 0. 0. 0. 0. 0. 0. 0.
  0. 0. 0. 0. 0. 0. 0. 0. 0. 0. 0. 0. 0. 0. 0. 0. 0. 0. 0. 0. 0. 0. 0. 0.]]
--------------------------------------------------------------------------------

====================================================================================================
FILE: block_proj0_Q_k.npz
====================================================================================================

KEY: key
--------------------------------------------------------------------------------
[2936581553 1727467076]
--------------------------------------------------------------------------------

KEY: outputs
--------------------------------------------------------------------------------
[[[0. 0. 0. ... 0. 0. 0.]
  [0. 0. 0. ... 0. 0. 0.]
  [0. 0. 0. ... 0. 0. 0.]
  ...
  [0. 0. 0. ... 0. 0. 0.]
  [0. 0. 0. ... 0. 0. 0.]
  [0. 0. 0. ... 0. 0. 0.]]

 [[0. 0. 0. ... 0. 0. 0.]
  [0. 0. 0. ... 0. 0. 0.]
  [0. 0. 0. ... 0. 0. 0.]
  ...
  [0. 0. 0. ... 0. 0. 0.]
  [0. 0. 0. ... 0. 0. 0.]
  [0. 0. 0. ... 0. 0. 0.]]

 [[0. 0. 0. ... 0. 0. 0.]
  [0. 0. 0. ... 0. 0. 0.]
  [0. 0. 0. ... 0. 0. 0.]
  ...
  [0. 0. 0. ... 0. 0. 0.]
  [0. 0. 0. ... 0. 0. 0.]
  [0. 0. 0. ... 0. 0. 0.]]

 ...

 [[0. 0. 0. ... 0. 0. 0.]
  [0. 0. 0. ... 0. 0. 0.]
  [0. 0. 0. ... 0. 0. 0.]
  ...
  [0. 0. 0. ... 0. 0. 0.]
  [0. 0. 0. ... 0. 0. 0.]
  [0. 0. 0. ... 0. 0. 0.]]

 [[0. 0. 0. ... 0. 0. 0.]
  [0. 0. 0. ... 0. 0. 0.]
  [0. 0. 0. ... 0. 0. 0.]
  ...
  [0. 0. 0. ... 0. 0. 0.]
  [0. 0. 0. ... 0. 0. 0.]
  [0. 0. 0. ... 0. 0. 0.]]

 [[0. 0. 0. ... 0. 0. 0.]
  [0. 0. 0. ... 0. 0. 0.]
  [0. 0. 0. ... 0. 0. 0.]
  ...
  [0. 0. 0. ... 0. 0. 0.]
  [0. 0. 0. ... 0. 0. 0.]
  [0. 0. 0. ... 0. 0. 0.]]]
--------------------------------------------------------------------------------

KEY: weights
--------------------------------------------------------------------------------
[[0.61609405 0.32796305 0.24113396 ... 0.50686955 0.38669184 0.39225522]
 [0.3975088  0.34727347 0.17791164 ... 0.16203739 0.6465301  0.33761087]
 [0.5019208  0.2779111  0.38782507 ... 0.7450424  0.09786523 0.46530753]
 ...
 [0.70473653 0.70252526 0.73678285 ... 0.74047494 0.51665205 0.63027334]
 [0.77977777 0.33894476 0.6452347  ... 0.37362534 0.636637   0.0588576 ]
 [0.72382766 0.33645168 0.607989   ... 0.5899562  0.50940585 0.7632639 ]]
--------------------------------------------------------------------------------

KEY: mask
--------------------------------------------------------------------------------
1.0
--------------------------------------------------------------------------------

KEY: biases
--------------------------------------------------------------------------------
[[0. 0. 0. 0. 0. 0. 0. 0. 0. 0. 0. 0. 0. 0. 0. 0. 0. 0. 0. 0. 0. 0. 0. 0.
  0. 0. 0. 0. 0. 0. 0. 0. 0. 0. 0. 0. 0. 0. 0. 0. 0. 0. 0. 0. 0. 0. 0. 0.
  0. 0. 0. 0. 0. 0. 0. 0. 0. 0. 0. 0. 0. 0. 0. 0. 0. 0. 0. 0. 0. 0. 0. 0.
  0. 0. 0. 0. 0. 0. 0. 0. 0. 0. 0. 0. 0. 0. 0. 0. 0. 0. 0. 0. 0. 0. 0. 0.]]
--------------------------------------------------------------------------------

====================================================================================================
FILE: block_proj0_Q_mlp1.npz
====================================================================================================

KEY: key
--------------------------------------------------------------------------------
[3594402279 1622969650]
--------------------------------------------------------------------------------

KEY: outputs
--------------------------------------------------------------------------------
[[0. 0. 0. 0. 0. 0. 0. 0. 0. 0. 0. 0. 0. 0. 0. 0. 0. 0. 0. 0. 0. 0. 0. 0.
  0. 0. 0. 0. 0. 0. 0. 0. 0. 0. 0. 0. 0. 0. 0. 0. 0. 0. 0. 0. 0. 0. 0. 0.
  0. 0. 0. 0. 0. 0. 0. 0. 0. 0. 0. 0. 0. 0. 0. 0. 0. 0. 0. 0. 0. 0. 0. 0.
  0. 0. 0. 0. 0. 0. 0. 0. 0. 0. 0. 0. 0. 0. 0. 0. 0. 0. 0. 0. 0. 0. 0. 0.
  0. 0. 0. 0. 0. 0. 0. 0. 0. 0. 0. 0. 0. 0. 0. 0. 0. 0. 0. 0. 0. 0. 0. 0.
  0. 0. 0. 0. 0. 0. 0. 0. 0. 0. 0. 0. 0. 0. 0. 0. 0. 0. 0. 0. 0. 0. 0. 0.
  0. 0. 0. 0. 0. 0. 0. 0. 0. 0. 0. 0. 0. 0. 0. 0. 0. 0. 0. 0. 0. 0. 0. 0.
  0. 0. 0. 0. 0. 0. 0. 0. 0. 0. 0. 0. 0. 0. 0. 0. 0. 0. 0. 0. 0. 0. 0. 0.
  0. 0. 0. 0. 0. 0. 0. 0. 0. 0. 0. 0. 0. 0. 0. 0. 0. 0. 0. 0. 0. 0. 0. 0.
  0. 0. 0. 0. 0. 0. 0. 0. 0. 0. 0. 0. 0. 0. 0. 0. 0. 0. 0. 0. 0. 0. 0. 0.
  0. 0. 0. 0. 0. 0. 0. 0. 0. 0. 0. 0. 0. 0. 0. 0. 0. 0. 0. 0. 0. 0. 0. 0.
  0. 0. 0. 0. 0. 0. 0. 0. 0. 0. 0. 0. 0. 0. 0. 0. 0. 0. 0. 0. 0. 0. 0. 0.
  0. 0. 0. 0. 0. 0. 0. 0. 0. 0. 0. 0. 0. 0. 0. 0. 0. 0. 0. 0. 0. 0. 0. 0.
  0. 0. 0. 0. 0. 0. 0. 0. 0. 0. 0. 0. 0. 0. 0. 0. 0. 0. 0. 0. 0. 0. 0. 0.
  0. 0. 0. 0. 0. 0. 0. 0. 0. 0. 0. 0. 0. 0. 0. 0. 0. 0. 0. 0. 0. 0. 0. 0.
  0. 0. 0. 0. 0. 0. 0. 0. 0. 0. 0. 0. 0. 0. 0. 0. 0. 0. 0. 0. 0. 0. 0. 0.]]
--------------------------------------------------------------------------------

KEY: weights
--------------------------------------------------------------------------------
[[0.3477619  0.6147743  0.27528128 ... 0.23507114 0.29605418 0.02913562]
 [0.51491934 0.7170489  0.21153781 ... 0.34142765 0.09969736 0.7421243 ]
 [0.40982616 0.32327986 0.16966017 ... 0.64670044 0.29801518 0.66005933]
 ...
 [0.5377378  0.6168703  0.19990247 ... 0.7413944  0.24534653 0.45692164]
 [0.6569888  0.57357275 0.7177237  ... 0.6657557  0.7272306  0.45421562]
 [0.43735772 0.05983654 0.54205346 ... 0.04361722 0.23273975 0.46229628]]
--------------------------------------------------------------------------------

KEY: mask
--------------------------------------------------------------------------------
1.0
--------------------------------------------------------------------------------

KEY: biases
--------------------------------------------------------------------------------
[[0. 0. 0. 0. 0. 0. 0. 0. 0. 0. 0. 0. 0. 0. 0. 0. 0. 0. 0. 0. 0. 0. 0. 0.
  0. 0. 0. 0. 0. 0. 0. 0. 0. 0. 0. 0. 0. 0. 0. 0. 0. 0. 0. 0. 0. 0. 0. 0.
  0. 0. 0. 0. 0. 0. 0. 0. 0. 0. 0. 0. 0. 0. 0. 0. 0. 0. 0. 0. 0. 0. 0. 0.
  0. 0. 0. 0. 0. 0. 0. 0. 0. 0. 0. 0. 0. 0. 0. 0. 0. 0. 0. 0. 0. 0. 0. 0.
  0. 0. 0. 0. 0. 0. 0. 0. 0. 0. 0. 0. 0. 0. 0. 0. 0. 0. 0. 0. 0. 0. 0. 0.
  0. 0. 0. 0. 0. 0. 0. 0. 0. 0. 0. 0. 0. 0. 0. 0. 0. 0. 0. 0. 0. 0. 0. 0.
  0. 0. 0. 0. 0. 0. 0. 0. 0. 0. 0. 0. 0. 0. 0. 0. 0. 0. 0. 0. 0. 0. 0. 0.
  0. 0. 0. 0. 0. 0. 0. 0. 0. 0. 0. 0. 0. 0. 0. 0. 0. 0. 0. 0. 0. 0. 0. 0.
  0. 0. 0. 0. 0. 0. 0. 0. 0. 0. 0. 0. 0. 0. 0. 0. 0. 0. 0. 0. 0. 0. 0. 0.
  0. 0. 0. 0. 0. 0. 0. 0. 0. 0. 0. 0. 0. 0. 0. 0. 0. 0. 0. 0. 0. 0. 0. 0.
  0. 0. 0. 0. 0. 0. 0. 0. 0. 0. 0. 0. 0. 0. 0. 0. 0. 0. 0. 0. 0. 0. 0. 0.
  0. 0. 0. 0. 0. 0. 0. 0. 0. 0. 0. 0. 0. 0. 0. 0. 0. 0. 0. 0. 0. 0. 0. 0.
  0. 0. 0. 0. 0. 0. 0. 0. 0. 0. 0. 0. 0. 0. 0. 0. 0. 0. 0. 0. 0. 0. 0. 0.
  0. 0. 0. 0. 0. 0. 0. 0. 0. 0. 0. 0. 0. 0. 0. 0. 0. 0. 0. 0. 0. 0. 0. 0.
  0. 0. 0. 0. 0. 0. 0. 0. 0. 0. 0. 0. 0. 0. 0. 0. 0. 0. 0. 0. 0. 0. 0. 0.
  0. 0. 0. 0. 0. 0. 0. 0. 0. 0. 0. 0. 0. 0. 0. 0. 0. 0. 0. 0. 0. 0. 0. 0.]]
--------------------------------------------------------------------------------

====================================================================================================
FILE: block_proj0_Q_mlp2.npz
====================================================================================================

KEY: key
--------------------------------------------------------------------------------
[3594402279 1622969650]
--------------------------------------------------------------------------------

KEY: outputs
--------------------------------------------------------------------------------
[[0. 0. 0. 0. 0. 0. 0. 0. 0. 0. 0. 0. 0. 0. 0. 0. 0. 0. 0. 0. 0. 0. 0. 0.
  0. 0. 0. 0. 0. 0. 0. 0. 0. 0. 0. 0. 0. 0. 0. 0. 0. 0. 0. 0. 0. 0. 0. 0.
  0. 0. 0. 0. 0. 0. 0. 0. 0. 0. 0. 0. 0. 0. 0. 0. 0. 0. 0. 0. 0. 0. 0. 0.
  0. 0. 0. 0. 0. 0. 0. 0. 0. 0. 0. 0. 0. 0. 0. 0. 0. 0. 0. 0. 0. 0. 0. 0.]]
--------------------------------------------------------------------------------

KEY: weights
--------------------------------------------------------------------------------
[[0.3477619  0.6147743  0.27528128 ... 0.42647702 0.6001701  0.34600183]
 [0.2474065  0.26348582 0.5351789  ... 0.6374367  0.08975521 0.19284955]
 [0.74442947 0.43539727 0.75550115 ... 0.06532054 0.7358235  0.46550137]
 ...
 [0.37910777 0.7354766  0.07367577 ... 0.36653832 0.7217313  0.3762579 ]
 [0.73678535 0.73085225 0.7999893  ... 0.11333565 0.5197895  0.33672285]
 [0.62290263 0.5625043  0.3081327  ... 0.04361722 0.23273975 0.46229628]]
--------------------------------------------------------------------------------

KEY: mask
--------------------------------------------------------------------------------
1.0
--------------------------------------------------------------------------------

KEY: biases
--------------------------------------------------------------------------------
[[0. 0. 0. 0. 0. 0. 0. 0. 0. 0. 0. 0. 0. 0. 0. 0. 0. 0. 0. 0. 0. 0. 0. 0.
  0. 0. 0. 0. 0. 0. 0. 0. 0. 0. 0. 0. 0. 0. 0. 0. 0. 0. 0. 0. 0. 0. 0. 0.
  0. 0. 0. 0. 0. 0. 0. 0. 0. 0. 0. 0. 0. 0. 0. 0. 0. 0. 0. 0. 0. 0. 0. 0.
  0. 0. 0. 0. 0. 0. 0. 0. 0. 0. 0. 0. 0. 0. 0. 0. 0. 0. 0. 0. 0. 0. 0. 0.]]
--------------------------------------------------------------------------------

====================================================================================================
FILE: block_proj0_Q_q.npz
====================================================================================================

KEY: key
--------------------------------------------------------------------------------
[1434529050  388903179]
--------------------------------------------------------------------------------

KEY: outputs
--------------------------------------------------------------------------------
[[[0. 0. 0. ... 0. 0. 0.]
  [0. 0. 0. ... 0. 0. 0.]
  [0. 0. 0. ... 0. 0. 0.]
  ...
  [0. 0. 0. ... 0. 0. 0.]
  [0. 0. 0. ... 0. 0. 0.]
  [0. 0. 0. ... 0. 0. 0.]]

 [[0. 0. 0. ... 0. 0. 0.]
  [0. 0. 0. ... 0. 0. 0.]
  [0. 0. 0. ... 0. 0. 0.]
  ...
  [0. 0. 0. ... 0. 0. 0.]
  [0. 0. 0. ... 0. 0. 0.]
  [0. 0. 0. ... 0. 0. 0.]]

 [[0. 0. 0. ... 0. 0. 0.]
  [0. 0. 0. ... 0. 0. 0.]
  [0. 0. 0. ... 0. 0. 0.]
  ...
  [0. 0. 0. ... 0. 0. 0.]
  [0. 0. 0. ... 0. 0. 0.]
  [0. 0. 0. ... 0. 0. 0.]]

 ...

 [[0. 0. 0. ... 0. 0. 0.]
  [0. 0. 0. ... 0. 0. 0.]
  [0. 0. 0. ... 0. 0. 0.]
  ...
  [0. 0. 0. ... 0. 0. 0.]
  [0. 0. 0. ... 0. 0. 0.]
  [0. 0. 0. ... 0. 0. 0.]]

 [[0. 0. 0. ... 0. 0. 0.]
  [0. 0. 0. ... 0. 0. 0.]
  [0. 0. 0. ... 0. 0. 0.]
  ...
  [0. 0. 0. ... 0. 0. 0.]
  [0. 0. 0. ... 0. 0. 0.]
  [0. 0. 0. ... 0. 0. 0.]]

 [[0. 0. 0. ... 0. 0. 0.]
  [0. 0. 0. ... 0. 0. 0.]
  [0. 0. 0. ... 0. 0. 0.]
  ...
  [0. 0. 0. ... 0. 0. 0.]
  [0. 0. 0. ... 0. 0. 0.]
  [0. 0. 0. ... 0. 0. 0.]]]
--------------------------------------------------------------------------------

KEY: weights
--------------------------------------------------------------------------------
[[0.43227902 0.13980515 0.74564826 ... 0.34076247 0.05262756 0.6173616 ]
 [0.5003074  0.2769812  0.6006357  ... 0.7559451  0.26421118 0.31308585]
 [0.36709172 0.32985005 0.08881424 ... 0.5419524  0.06959235 0.792772  ]
 ...
 [0.21453837 0.23816963 0.04021571 ... 0.42640495 0.40459564 0.21835229]
 [0.36339882 0.29685056 0.4764046  ... 0.6305784  0.17904125 0.38157248]
 [0.23731984 0.76248527 0.6538952  ... 0.05988347 0.31738842 0.17601788]]
--------------------------------------------------------------------------------

KEY: mask
--------------------------------------------------------------------------------
1.0
--------------------------------------------------------------------------------

KEY: biases
--------------------------------------------------------------------------------
[[0. 0. 0. 0. 0. 0. 0. 0. 0. 0. 0. 0. 0. 0. 0. 0. 0. 0. 0. 0. 0. 0. 0. 0.
  0. 0. 0. 0. 0. 0. 0. 0. 0. 0. 0. 0. 0. 0. 0. 0. 0. 0. 0. 0. 0. 0. 0. 0.
  0. 0. 0. 0. 0. 0. 0. 0. 0. 0. 0. 0. 0. 0. 0. 0. 0. 0. 0. 0. 0. 0. 0. 0.
  0. 0. 0. 0. 0. 0. 0. 0. 0. 0. 0. 0. 0. 0. 0. 0. 0. 0. 0. 0. 0. 0. 0. 0.]]
--------------------------------------------------------------------------------

====================================================================================================
FILE: block_proj0_Q_v.npz
====================================================================================================

KEY: key
--------------------------------------------------------------------------------
[2591606765 2873077336]
--------------------------------------------------------------------------------

KEY: outputs
--------------------------------------------------------------------------------
[[[0. 0. 0. ... 0. 0. 0.]
  [0. 0. 0. ... 0. 0. 0.]
  [0. 0. 0. ... 0. 0. 0.]
  ...
  [0. 0. 0. ... 0. 0. 0.]
  [0. 0. 0. ... 0. 0. 0.]
  [0. 0. 0. ... 0. 0. 0.]]

 [[0. 0. 0. ... 0. 0. 0.]
  [0. 0. 0. ... 0. 0. 0.]
  [0. 0. 0. ... 0. 0. 0.]
  ...
  [0. 0. 0. ... 0. 0. 0.]
  [0. 0. 0. ... 0. 0. 0.]
  [0. 0. 0. ... 0. 0. 0.]]

 [[0. 0. 0. ... 0. 0. 0.]
  [0. 0. 0. ... 0. 0. 0.]
  [0. 0. 0. ... 0. 0. 0.]
  ...
  [0. 0. 0. ... 0. 0. 0.]
  [0. 0. 0. ... 0. 0. 0.]
  [0. 0. 0. ... 0. 0. 0.]]

 ...

 [[0. 0. 0. ... 0. 0. 0.]
  [0. 0. 0. ... 0. 0. 0.]
  [0. 0. 0. ... 0. 0. 0.]
  ...
  [0. 0. 0. ... 0. 0. 0.]
  [0. 0. 0. ... 0. 0. 0.]
  [0. 0. 0. ... 0. 0. 0.]]

 [[0. 0. 0. ... 0. 0. 0.]
  [0. 0. 0. ... 0. 0. 0.]
  [0. 0. 0. ... 0. 0. 0.]
  ...
  [0. 0. 0. ... 0. 0. 0.]
  [0. 0. 0. ... 0. 0. 0.]
  [0. 0. 0. ... 0. 0. 0.]]

 [[0. 0. 0. ... 0. 0. 0.]
  [0. 0. 0. ... 0. 0. 0.]
  [0. 0. 0. ... 0. 0. 0.]
  ...
  [0. 0. 0. ... 0. 0. 0.]
  [0. 0. 0. ... 0. 0. 0.]
  [0. 0. 0. ... 0. 0. 0.]]]
--------------------------------------------------------------------------------

KEY: weights
--------------------------------------------------------------------------------
[[0.10743424 0.49080482 0.36423242 ... 0.06780808 0.34378326 0.7274621 ]
 [0.5382158  0.2682171  0.65360343 ... 0.48478812 0.1964118  0.79846185]
 [0.59595734 0.43179324 0.34590095 ... 0.14264615 0.31831625 0.500488  ]
 ...
 [0.63608783 0.3692142  0.20412457 ... 0.5075287  0.7095682  0.52449   ]
 [0.11743848 0.40311792 0.7941601  ... 0.32020262 0.5152464  0.38243788]
 [0.46474648 0.60925275 0.32159063 ... 0.0762324  0.12406957 0.76780295]]
--------------------------------------------------------------------------------

KEY: mask
--------------------------------------------------------------------------------
1.0
--------------------------------------------------------------------------------

KEY: biases
--------------------------------------------------------------------------------
[[0. 0. 0. 0. 0. 0. 0. 0. 0. 0. 0. 0. 0. 0. 0. 0. 0. 0. 0. 0. 0. 0. 0. 0.
  0. 0. 0. 0. 0. 0. 0. 0. 0. 0. 0. 0. 0. 0. 0. 0. 0. 0. 0. 0. 0. 0. 0. 0.
  0. 0. 0. 0. 0. 0. 0. 0. 0. 0. 0. 0. 0. 0. 0. 0. 0. 0. 0. 0. 0. 0. 0. 0.
  0. 0. 0. 0. 0. 0. 0. 0. 0. 0. 0. 0. 0. 0. 0. 0. 0. 0. 0. 0. 0. 0. 0. 0.]]
--------------------------------------------------------------------------------

====================================================================================================
FILE: block_proj0_q_attn_Ratecell.npz
====================================================================================================

KEY: key
--------------------------------------------------------------------------------
[        0 607914495]
--------------------------------------------------------------------------------

KEY: jv
--------------------------------------------------------------------------------
[[0. 0. 0. ... 0. 0. 0.]
 [0. 0. 0. ... 0. 0. 0.]
 [0. 0. 0. ... 0. 0. 0.]
 ...
 [0. 0. 0. ... 0. 0. 0.]
 [0. 0. 0. ... 0. 0. 0.]
 [0. 0. 0. ... 0. 0. 0.]]
--------------------------------------------------------------------------------

KEY: jq
--------------------------------------------------------------------------------
[[0. 0. 0. ... 0. 0. 0.]
 [0. 0. 0. ... 0. 0. 0.]
 [0. 0. 0. ... 0. 0. 0.]
 ...
 [0. 0. 0. ... 0. 0. 0.]
 [0. 0. 0. ... 0. 0. 0.]
 [0. 0. 0. ... 0. 0. 0.]]
--------------------------------------------------------------------------------

KEY: jk
--------------------------------------------------------------------------------
[[0. 0. 0. ... 0. 0. 0.]
 [0. 0. 0. ... 0. 0. 0.]
 [0. 0. 0. ... 0. 0. 0.]
 ...
 [0. 0. 0. ... 0. 0. 0.]
 [0. 0. 0. ... 0. 0. 0.]
 [0. 0. 0. ... 0. 0. 0.]]
--------------------------------------------------------------------------------

KEY: zF
--------------------------------------------------------------------------------
[[0. 0. 0. ... 0. 0. 0.]
 [0. 0. 0. ... 0. 0. 0.]
 [0. 0. 0. ... 0. 0. 0.]
 ...
 [0. 0. 0. ... 0. 0. 0.]
 [0. 0. 0. ... 0. 0. 0.]
 [0. 0. 0. ... 0. 0. 0.]]
--------------------------------------------------------------------------------

KEY: j_td
--------------------------------------------------------------------------------
[[0. 0. 0. ... 0. 0. 0.]
 [0. 0. 0. ... 0. 0. 0.]
 [0. 0. 0. ... 0. 0. 0.]
 ...
 [0. 0. 0. ... 0. 0. 0.]
 [0. 0. 0. ... 0. 0. 0.]
 [0. 0. 0. ... 0. 0. 0.]]
--------------------------------------------------------------------------------

KEY: z
--------------------------------------------------------------------------------
[[0. 0. 0. ... 0. 0. 0.]
 [0. 0. 0. ... 0. 0. 0.]
 [0. 0. 0. ... 0. 0. 0.]
 ...
 [0. 0. 0. ... 0. 0. 0.]
 [0. 0. 0. ... 0. 0. 0.]
 [0. 0. 0. ... 0. 0. 0.]]
--------------------------------------------------------------------------------

====================================================================================================
FILE: block_proj0_q_attn_block.npz
====================================================================================================

KEY: key
--------------------------------------------------------------------------------
[0 0]
--------------------------------------------------------------------------------

KEY: dq
--------------------------------------------------------------------------------
[[0. 0. 0. ... 0. 0. 0.]
 [0. 0. 0. ... 0. 0. 0.]
 [0. 0. 0. ... 0. 0. 0.]
 ...
 [0. 0. 0. ... 0. 0. 0.]
 [0. 0. 0. ... 0. 0. 0.]
 [0. 0. 0. ... 0. 0. 0.]]
--------------------------------------------------------------------------------

KEY: dk
--------------------------------------------------------------------------------
[[0. 0. 0. ... 0. 0. 0.]
 [0. 0. 0. ... 0. 0. 0.]
 [0. 0. 0. ... 0. 0. 0.]
 ...
 [0. 0. 0. ... 0. 0. 0.]
 [0. 0. 0. ... 0. 0. 0.]
 [0. 0. 0. ... 0. 0. 0.]]
--------------------------------------------------------------------------------

KEY: dv
--------------------------------------------------------------------------------
[[0. 0. 0. ... 0. 0. 0.]
 [0. 0. 0. ... 0. 0. 0.]
 [0. 0. 0. ... 0. 0. 0.]
 ...
 [0. 0. 0. ... 0. 0. 0.]
 [0. 0. 0. ... 0. 0. 0.]
 [0. 0. 0. ... 0. 0. 0.]]
--------------------------------------------------------------------------------

KEY: dmu
--------------------------------------------------------------------------------
[[0. 0. 0. ... 0. 0. 0.]
 [0. 0. 0. ... 0. 0. 0.]
 [0. 0. 0. ... 0. 0. 0.]
 ...
 [0. 0. 0. ... 0. 0. 0.]
 [0. 0. 0. ... 0. 0. 0.]
 [0. 0. 0. ... 0. 0. 0.]]
--------------------------------------------------------------------------------

KEY: dtarget_q
--------------------------------------------------------------------------------
[[0. 0. 0. ... 0. 0. 0.]
 [0. 0. 0. ... 0. 0. 0.]
 [0. 0. 0. ... 0. 0. 0.]
 ...
 [0. 0. 0. ... 0. 0. 0.]
 [0. 0. 0. ... 0. 0. 0.]
 [0. 0. 0. ... 0. 0. 0.]]
--------------------------------------------------------------------------------

KEY: dtarget_k
--------------------------------------------------------------------------------
[[0. 0. 0. ... 0. 0. 0.]
 [0. 0. 0. ... 0. 0. 0.]
 [0. 0. 0. ... 0. 0. 0.]
 ...
 [0. 0. 0. ... 0. 0. 0.]
 [0. 0. 0. ... 0. 0. 0.]
 [0. 0. 0. ... 0. 0. 0.]]
--------------------------------------------------------------------------------

KEY: dtarget_v
--------------------------------------------------------------------------------
[[0. 0. 0. ... 0. 0. 0.]
 [0. 0. 0. ... 0. 0. 0.]
 [0. 0. 0. ... 0. 0. 0.]
 ...
 [0. 0. 0. ... 0. 0. 0.]
 [0. 0. 0. ... 0. 0. 0.]
 [0. 0. 0. ... 0. 0. 0.]]
--------------------------------------------------------------------------------

KEY: outputs
--------------------------------------------------------------------------------
[[[0. 0. 0. ... 0. 0. 0.]
  [0. 0. 0. ... 0. 0. 0.]
  [0. 0. 0. ... 0. 0. 0.]
  ...
  [0. 0. 0. ... 0. 0. 0.]
  [0. 0. 0. ... 0. 0. 0.]
  [0. 0. 0. ... 0. 0. 0.]]

 [[0. 0. 0. ... 0. 0. 0.]
  [0. 0. 0. ... 0. 0. 0.]
  [0. 0. 0. ... 0. 0. 0.]
  ...
  [0. 0. 0. ... 0. 0. 0.]
  [0. 0. 0. ... 0. 0. 0.]
  [0. 0. 0. ... 0. 0. 0.]]

 [[0. 0. 0. ... 0. 0. 0.]
  [0. 0. 0. ... 0. 0. 0.]
  [0. 0. 0. ... 0. 0. 0.]
  ...
  [0. 0. 0. ... 0. 0. 0.]
  [0. 0. 0. ... 0. 0. 0.]
  [0. 0. 0. ... 0. 0. 0.]]

 ...

 [[0. 0. 0. ... 0. 0. 0.]
  [0. 0. 0. ... 0. 0. 0.]
  [0. 0. 0. ... 0. 0. 0.]
  ...
  [0. 0. 0. ... 0. 0. 0.]
  [0. 0. 0. ... 0. 0. 0.]
  [0. 0. 0. ... 0. 0. 0.]]

 [[0. 0. 0. ... 0. 0. 0.]
  [0. 0. 0. ... 0. 0. 0.]
  [0. 0. 0. ... 0. 0. 0.]
  ...
  [0. 0. 0. ... 0. 0. 0.]
  [0. 0. 0. ... 0. 0. 0.]
  [0. 0. 0. ... 0. 0. 0.]]

 [[0. 0. 0. ... 0. 0. 0.]
  [0. 0. 0. ... 0. 0. 0.]
  [0. 0. 0. ... 0. 0. 0.]
  ...
  [0. 0. 0. ... 0. 0. 0.]
  [0. 0. 0. ... 0. 0. 0.]
  [0. 0. 0. ... 0. 0. 0.]]]
--------------------------------------------------------------------------------

====================================================================================================
FILE: block_proj0_q_mlp2_Ratecell.npz
====================================================================================================

KEY: key
--------------------------------------------------------------------------------
[        0 609176161]
--------------------------------------------------------------------------------

KEY: zF
--------------------------------------------------------------------------------
[[0. 0. 0. ... 0. 0. 0.]
 [0. 0. 0. ... 0. 0. 0.]
 [0. 0. 0. ... 0. 0. 0.]
 ...
 [0. 0. 0. ... 0. 0. 0.]
 [0. 0. 0. ... 0. 0. 0.]
 [0. 0. 0. ... 0. 0. 0.]]
--------------------------------------------------------------------------------

KEY: j_td
--------------------------------------------------------------------------------
[[0. 0. 0. ... 0. 0. 0.]
 [0. 0. 0. ... 0. 0. 0.]
 [0. 0. 0. ... 0. 0. 0.]
 ...
 [0. 0. 0. ... 0. 0. 0.]
 [0. 0. 0. ... 0. 0. 0.]
 [0. 0. 0. ... 0. 0. 0.]]
--------------------------------------------------------------------------------

KEY: z
--------------------------------------------------------------------------------
[[0. 0. 0. ... 0. 0. 0.]
 [0. 0. 0. ... 0. 0. 0.]
 [0. 0. 0. ... 0. 0. 0.]
 ...
 [0. 0. 0. ... 0. 0. 0.]
 [0. 0. 0. ... 0. 0. 0.]
 [0. 0. 0. ... 0. 0. 0.]]
--------------------------------------------------------------------------------

====================================================================================================
FILE: block_proj0_q_mlp_Ratecell.npz
====================================================================================================

KEY: key
--------------------------------------------------------------------------------
[        0 608496360]
--------------------------------------------------------------------------------

KEY: zF
--------------------------------------------------------------------------------
[[0. 0. 0. ... 0. 0. 0.]
 [0. 0. 0. ... 0. 0. 0.]
 [0. 0. 0. ... 0. 0. 0.]
 ...
 [0. 0. 0. ... 0. 0. 0.]
 [0. 0. 0. ... 0. 0. 0.]
 [0. 0. 0. ... 0. 0. 0.]]
--------------------------------------------------------------------------------

KEY: j_td
--------------------------------------------------------------------------------
[[0. 0. 0. ... 0. 0. 0.]
 [0. 0. 0. ... 0. 0. 0.]
 [0. 0. 0. ... 0. 0. 0.]
 ...
 [0. 0. 0. ... 0. 0. 0.]
 [0. 0. 0. ... 0. 0. 0.]
 [0. 0. 0. ... 0. 0. 0.]]
--------------------------------------------------------------------------------

KEY: z
--------------------------------------------------------------------------------
[[0. 0. 0. ... 0. 0. 0.]
 [0. 0. 0. ... 0. 0. 0.]
 [0. 0. 0. ... 0. 0. 0.]
 ...
 [0. 0. 0. ... 0. 0. 0.]
 [0. 0. 0. ... 0. 0. 0.]
 [0. 0. 0. ... 0. 0. 0.]]
--------------------------------------------------------------------------------

====================================================================================================
FILE: block_proj0_q_qkv_Ratecell.npz
====================================================================================================

KEY: key
--------------------------------------------------------------------------------
[        0 607304546]
--------------------------------------------------------------------------------

KEY: zF
--------------------------------------------------------------------------------
[[0. 0. 0. ... 0. 0. 0.]
 [0. 0. 0. ... 0. 0. 0.]
 [0. 0. 0. ... 0. 0. 0.]
 ...
 [0. 0. 0. ... 0. 0. 0.]
 [0. 0. 0. ... 0. 0. 0.]
 [0. 0. 0. ... 0. 0. 0.]]
--------------------------------------------------------------------------------

KEY: j_td
--------------------------------------------------------------------------------
[[0. 0. 0. ... 0. 0. 0.]
 [0. 0. 0. ... 0. 0. 0.]
 [0. 0. 0. ... 0. 0. 0.]
 ...
 [0. 0. 0. ... 0. 0. 0.]
 [0. 0. 0. ... 0. 0. 0.]
 [0. 0. 0. ... 0. 0. 0.]]
--------------------------------------------------------------------------------

KEY: z
--------------------------------------------------------------------------------
[[0. 0. 0. ... 0. 0. 0.]
 [0. 0. 0. ... 0. 0. 0.]
 [0. 0. 0. ... 0. 0. 0.]
 ...
 [0. 0. 0. ... 0. 0. 0.]
 [0. 0. 0. ... 0. 0. 0.]
 [0. 0. 0. ... 0. 0. 0.]]
--------------------------------------------------------------------------------

====================================================================================================
FILE: block_proj0_reshape_3d_to_2d_proj1.npz
====================================================================================================

KEY: key
--------------------------------------------------------------------------------
[        0 731608835]
--------------------------------------------------------------------------------

KEY: outputs
--------------------------------------------------------------------------------
[[0. 0. 0. ... 0. 0. 0.]
 [0. 0. 0. ... 0. 0. 0.]
 [0. 0. 0. ... 0. 0. 0.]
 ...
 [0. 0. 0. ... 0. 0. 0.]
 [0. 0. 0. ... 0. 0. 0.]
 [0. 0. 0. ... 0. 0. 0.]]
--------------------------------------------------------------------------------

====================================================================================================
FILE: block_proj1_Q_attn_out.npz
====================================================================================================

KEY: key
--------------------------------------------------------------------------------
[2304611162  265308058]
--------------------------------------------------------------------------------

KEY: outputs
--------------------------------------------------------------------------------
[[0. 0. 0. 0. 0. 0. 0. 0. 0. 0. 0. 0. 0. 0. 0. 0. 0. 0. 0. 0. 0. 0. 0. 0.
  0. 0. 0. 0. 0. 0. 0. 0. 0. 0. 0. 0. 0. 0. 0. 0. 0. 0. 0. 0. 0. 0. 0. 0.
  0. 0. 0. 0. 0. 0. 0. 0. 0. 0. 0. 0. 0. 0. 0. 0. 0. 0. 0. 0. 0. 0. 0. 0.
  0. 0. 0. 0. 0. 0. 0. 0. 0. 0. 0. 0. 0. 0. 0. 0. 0. 0. 0. 0. 0. 0. 0. 0.]]
--------------------------------------------------------------------------------

KEY: weights
--------------------------------------------------------------------------------
[[0.07928959 0.3091362  0.53325266 ... 0.44904    0.65125155 0.30682653]
 [0.23162186 0.07113817 0.07693029 ... 0.0527302  0.09009232 0.3396467 ]
 [0.4097112  0.52382797 0.33887166 ... 0.12115826 0.2910465  0.6210702 ]
 ...
 [0.14314911 0.7583308  0.17526604 ... 0.6391126  0.71826    0.319255  ]
 [0.06377177 0.2385679  0.6616613  ... 0.21569246 0.09980351 0.284765  ]
 [0.6108994  0.41961873 0.6589092  ... 0.25614882 0.65903425 0.09284205]]
--------------------------------------------------------------------------------

KEY: mask
--------------------------------------------------------------------------------
1.0
--------------------------------------------------------------------------------

KEY: biases
--------------------------------------------------------------------------------
[[0. 0. 0. 0. 0. 0. 0. 0. 0. 0. 0. 0. 0. 0. 0. 0. 0. 0. 0. 0. 0. 0. 0. 0.
  0. 0. 0. 0. 0. 0. 0. 0. 0. 0. 0. 0. 0. 0. 0. 0. 0. 0. 0. 0. 0. 0. 0. 0.
  0. 0. 0. 0. 0. 0. 0. 0. 0. 0. 0. 0. 0. 0. 0. 0. 0. 0. 0. 0. 0. 0. 0. 0.
  0. 0. 0. 0. 0. 0. 0. 0. 0. 0. 0. 0. 0. 0. 0. 0. 0. 0. 0. 0. 0. 0. 0. 0.]]
--------------------------------------------------------------------------------

====================================================================================================
FILE: block_proj1_Q_k.npz
====================================================================================================

KEY: key
--------------------------------------------------------------------------------
[677689126 899872661]
--------------------------------------------------------------------------------

KEY: outputs
--------------------------------------------------------------------------------
[[[0. 0. 0. ... 0. 0. 0.]
  [0. 0. 0. ... 0. 0. 0.]
  [0. 0. 0. ... 0. 0. 0.]
  ...
  [0. 0. 0. ... 0. 0. 0.]
  [0. 0. 0. ... 0. 0. 0.]
  [0. 0. 0. ... 0. 0. 0.]]

 [[0. 0. 0. ... 0. 0. 0.]
  [0. 0. 0. ... 0. 0. 0.]
  [0. 0. 0. ... 0. 0. 0.]
  ...
  [0. 0. 0. ... 0. 0. 0.]
  [0. 0. 0. ... 0. 0. 0.]
  [0. 0. 0. ... 0. 0. 0.]]

 [[0. 0. 0. ... 0. 0. 0.]
  [0. 0. 0. ... 0. 0. 0.]
  [0. 0. 0. ... 0. 0. 0.]
  ...
  [0. 0. 0. ... 0. 0. 0.]
  [0. 0. 0. ... 0. 0. 0.]
  [0. 0. 0. ... 0. 0. 0.]]

 ...

 [[0. 0. 0. ... 0. 0. 0.]
  [0. 0. 0. ... 0. 0. 0.]
  [0. 0. 0. ... 0. 0. 0.]
  ...
  [0. 0. 0. ... 0. 0. 0.]
  [0. 0. 0. ... 0. 0. 0.]
  [0. 0. 0. ... 0. 0. 0.]]

 [[0. 0. 0. ... 0. 0. 0.]
  [0. 0. 0. ... 0. 0. 0.]
  [0. 0. 0. ... 0. 0. 0.]
  ...
  [0. 0. 0. ... 0. 0. 0.]
  [0. 0. 0. ... 0. 0. 0.]
  [0. 0. 0. ... 0. 0. 0.]]

 [[0. 0. 0. ... 0. 0. 0.]
  [0. 0. 0. ... 0. 0. 0.]
  [0. 0. 0. ... 0. 0. 0.]
  ...
  [0. 0. 0. ... 0. 0. 0.]
  [0. 0. 0. ... 0. 0. 0.]
  [0. 0. 0. ... 0. 0. 0.]]]
--------------------------------------------------------------------------------

KEY: weights
--------------------------------------------------------------------------------
[[0.52978575 0.51087713 0.49155575 ... 0.61919874 0.52342194 0.6625236 ]
 [0.5545005  0.7658037  0.21211901 ... 0.5607864  0.5075322  0.11257882]
 [0.41074467 0.03920001 0.24598281 ... 0.4076388  0.4141183  0.75864565]
 ...
 [0.43209293 0.6564653  0.63803405 ... 0.06552768 0.5268889  0.7320951 ]
 [0.78534657 0.26232648 0.5978162  ... 0.41484037 0.37215397 0.39462402]
 [0.5122337  0.57848287 0.75650275 ... 0.25792718 0.73947215 0.13375296]]
--------------------------------------------------------------------------------

KEY: mask
--------------------------------------------------------------------------------
1.0
--------------------------------------------------------------------------------

KEY: biases
--------------------------------------------------------------------------------
[[0. 0. 0. 0. 0. 0. 0. 0. 0. 0. 0. 0. 0. 0. 0. 0. 0. 0. 0. 0. 0. 0. 0. 0.
  0. 0. 0. 0. 0. 0. 0. 0. 0. 0. 0. 0. 0. 0. 0. 0. 0. 0. 0. 0. 0. 0. 0. 0.
  0. 0. 0. 0. 0. 0. 0. 0. 0. 0. 0. 0. 0. 0. 0. 0. 0. 0. 0. 0. 0. 0. 0. 0.
  0. 0. 0. 0. 0. 0. 0. 0. 0. 0. 0. 0. 0. 0. 0. 0. 0. 0. 0. 0. 0. 0. 0. 0.]]
--------------------------------------------------------------------------------

====================================================================================================
FILE: block_proj1_Q_mlp1.npz
====================================================================================================

KEY: key
--------------------------------------------------------------------------------
[2304611162  265308058]
--------------------------------------------------------------------------------

KEY: outputs
--------------------------------------------------------------------------------
[[0. 0. 0. 0. 0. 0. 0. 0. 0. 0. 0. 0. 0. 0. 0. 0. 0. 0. 0. 0. 0. 0. 0. 0.
  0. 0. 0. 0. 0. 0. 0. 0. 0. 0. 0. 0. 0. 0. 0. 0. 0. 0. 0. 0. 0. 0. 0. 0.
  0. 0. 0. 0. 0. 0. 0. 0. 0. 0. 0. 0. 0. 0. 0. 0. 0. 0. 0. 0. 0. 0. 0. 0.
  0. 0. 0. 0. 0. 0. 0. 0. 0. 0. 0. 0. 0. 0. 0. 0. 0. 0. 0. 0. 0. 0. 0. 0.
  0. 0. 0. 0. 0. 0. 0. 0. 0. 0. 0. 0. 0. 0. 0. 0. 0. 0. 0. 0. 0. 0. 0. 0.
  0. 0. 0. 0. 0. 0. 0. 0. 0. 0. 0. 0. 0. 0. 0. 0. 0. 0. 0. 0. 0. 0. 0. 0.
  0. 0. 0. 0. 0. 0. 0. 0. 0. 0. 0. 0. 0. 0. 0. 0. 0. 0. 0. 0. 0. 0. 0. 0.
  0. 0. 0. 0. 0. 0. 0. 0. 0. 0. 0. 0. 0. 0. 0. 0. 0. 0. 0. 0. 0. 0. 0. 0.
  0. 0. 0. 0. 0. 0. 0. 0. 0. 0. 0. 0. 0. 0. 0. 0. 0. 0. 0. 0. 0. 0. 0. 0.
  0. 0. 0. 0. 0. 0. 0. 0. 0. 0. 0. 0. 0. 0. 0. 0. 0. 0. 0. 0. 0. 0. 0. 0.
  0. 0. 0. 0. 0. 0. 0. 0. 0. 0. 0. 0. 0. 0. 0. 0. 0. 0. 0. 0. 0. 0. 0. 0.
  0. 0. 0. 0. 0. 0. 0. 0. 0. 0. 0. 0. 0. 0. 0. 0. 0. 0. 0. 0. 0. 0. 0. 0.
  0. 0. 0. 0. 0. 0. 0. 0. 0. 0. 0. 0. 0. 0. 0. 0. 0. 0. 0. 0. 0. 0. 0. 0.
  0. 0. 0. 0. 0. 0. 0. 0. 0. 0. 0. 0. 0. 0. 0. 0. 0. 0. 0. 0. 0. 0. 0. 0.
  0. 0. 0. 0. 0. 0. 0. 0. 0. 0. 0. 0. 0. 0. 0. 0. 0. 0. 0. 0. 0. 0. 0. 0.
  0. 0. 0. 0. 0. 0. 0. 0. 0. 0. 0. 0. 0. 0. 0. 0. 0. 0. 0. 0. 0. 0. 0. 0.]]
--------------------------------------------------------------------------------

KEY: weights
--------------------------------------------------------------------------------
[[0.07928959 0.3091362  0.53325266 ... 0.315306   0.60867876 0.4415655 ]
 [0.5011362  0.7241953  0.03623318 ... 0.6091251  0.59771156 0.2548979 ]
 [0.35887238 0.32970446 0.18138687 ... 0.49848157 0.35505745 0.4823636 ]
 ...
 [0.07983467 0.17733893 0.6226374  ... 0.6129334  0.05521976 0.1910406 ]
 [0.4116662  0.28681877 0.46082667 ... 0.05917846 0.62723947 0.5578552 ]
 [0.19742991 0.64746493 0.59930813 ... 0.23341224 0.30586356 0.7459125 ]]
--------------------------------------------------------------------------------

KEY: mask
--------------------------------------------------------------------------------
1.0
--------------------------------------------------------------------------------

KEY: biases
--------------------------------------------------------------------------------
[[0. 0. 0. 0. 0. 0. 0. 0. 0. 0. 0. 0. 0. 0. 0. 0. 0. 0. 0. 0. 0. 0. 0. 0.
  0. 0. 0. 0. 0. 0. 0. 0. 0. 0. 0. 0. 0. 0. 0. 0. 0. 0. 0. 0. 0. 0. 0. 0.
  0. 0. 0. 0. 0. 0. 0. 0. 0. 0. 0. 0. 0. 0. 0. 0. 0. 0. 0. 0. 0. 0. 0. 0.
  0. 0. 0. 0. 0. 0. 0. 0. 0. 0. 0. 0. 0. 0. 0. 0. 0. 0. 0. 0. 0. 0. 0. 0.
  0. 0. 0. 0. 0. 0. 0. 0. 0. 0. 0. 0. 0. 0. 0. 0. 0. 0. 0. 0. 0. 0. 0. 0.
  0. 0. 0. 0. 0. 0. 0. 0. 0. 0. 0. 0. 0. 0. 0. 0. 0. 0. 0. 0. 0. 0. 0. 0.
  0. 0. 0. 0. 0. 0. 0. 0. 0. 0. 0. 0. 0. 0. 0. 0. 0. 0. 0. 0. 0. 0. 0. 0.
  0. 0. 0. 0. 0. 0. 0. 0. 0. 0. 0. 0. 0. 0. 0. 0. 0. 0. 0. 0. 0. 0. 0. 0.
  0. 0. 0. 0. 0. 0. 0. 0. 0. 0. 0. 0. 0. 0. 0. 0. 0. 0. 0. 0. 0. 0. 0. 0.
  0. 0. 0. 0. 0. 0. 0. 0. 0. 0. 0. 0. 0. 0. 0. 0. 0. 0. 0. 0. 0. 0. 0. 0.
  0. 0. 0. 0. 0. 0. 0. 0. 0. 0. 0. 0. 0. 0. 0. 0. 0. 0. 0. 0. 0. 0. 0. 0.
  0. 0. 0. 0. 0. 0. 0. 0. 0. 0. 0. 0. 0. 0. 0. 0. 0. 0. 0. 0. 0. 0. 0. 0.
  0. 0. 0. 0. 0. 0. 0. 0. 0. 0. 0. 0. 0. 0. 0. 0. 0. 0. 0. 0. 0. 0. 0. 0.
  0. 0. 0. 0. 0. 0. 0. 0. 0. 0. 0. 0. 0. 0. 0. 0. 0. 0. 0. 0. 0. 0. 0. 0.
  0. 0. 0. 0. 0. 0. 0. 0. 0. 0. 0. 0. 0. 0. 0. 0. 0. 0. 0. 0. 0. 0. 0. 0.
  0. 0. 0. 0. 0. 0. 0. 0. 0. 0. 0. 0. 0. 0. 0. 0. 0. 0. 0. 0. 0. 0. 0. 0.]]
--------------------------------------------------------------------------------

====================================================================================================
FILE: block_proj1_Q_mlp2.npz
====================================================================================================

KEY: key
--------------------------------------------------------------------------------
[2304611162  265308058]
--------------------------------------------------------------------------------

KEY: outputs
--------------------------------------------------------------------------------
[[0. 0. 0. 0. 0. 0. 0. 0. 0. 0. 0. 0. 0. 0. 0. 0. 0. 0. 0. 0. 0. 0. 0. 0.
  0. 0. 0. 0. 0. 0. 0. 0. 0. 0. 0. 0. 0. 0. 0. 0. 0. 0. 0. 0. 0. 0. 0. 0.
  0. 0. 0. 0. 0. 0. 0. 0. 0. 0. 0. 0. 0. 0. 0. 0. 0. 0. 0. 0. 0. 0. 0. 0.
  0. 0. 0. 0. 0. 0. 0. 0. 0. 0. 0. 0. 0. 0. 0. 0. 0. 0. 0. 0. 0. 0. 0. 0.]]
--------------------------------------------------------------------------------

KEY: weights
--------------------------------------------------------------------------------
[[0.07928959 0.3091362  0.53325266 ... 0.44904    0.65125155 0.30682653]
 [0.23162186 0.07113817 0.07693029 ... 0.0527302  0.09009232 0.3396467 ]
 [0.4097112  0.52382797 0.33887166 ... 0.12115826 0.2910465  0.6210702 ]
 ...
 [0.13219844 0.74531066 0.33469865 ... 0.73223656 0.277587   0.21678208]
 [0.39510387 0.11532807 0.6389579  ... 0.24460328 0.71986353 0.12673679]
 [0.10621445 0.4598398  0.64477557 ... 0.23341224 0.30586356 0.7459125 ]]
--------------------------------------------------------------------------------

KEY: mask
--------------------------------------------------------------------------------
1.0
--------------------------------------------------------------------------------

KEY: biases
--------------------------------------------------------------------------------
[[0. 0. 0. 0. 0. 0. 0. 0. 0. 0. 0. 0. 0. 0. 0. 0. 0. 0. 0. 0. 0. 0. 0. 0.
  0. 0. 0. 0. 0. 0. 0. 0. 0. 0. 0. 0. 0. 0. 0. 0. 0. 0. 0. 0. 0. 0. 0. 0.
  0. 0. 0. 0. 0. 0. 0. 0. 0. 0. 0. 0. 0. 0. 0. 0. 0. 0. 0. 0. 0. 0. 0. 0.
  0. 0. 0. 0. 0. 0. 0. 0. 0. 0. 0. 0. 0. 0. 0. 0. 0. 0. 0. 0. 0. 0. 0. 0.]]
--------------------------------------------------------------------------------

====================================================================================================
FILE: block_proj1_Q_q.npz
====================================================================================================

KEY: key
--------------------------------------------------------------------------------
[2387467444 2318538635]
--------------------------------------------------------------------------------

KEY: outputs
--------------------------------------------------------------------------------
[[[0. 0. 0. ... 0. 0. 0.]
  [0. 0. 0. ... 0. 0. 0.]
  [0. 0. 0. ... 0. 0. 0.]
  ...
  [0. 0. 0. ... 0. 0. 0.]
  [0. 0. 0. ... 0. 0. 0.]
  [0. 0. 0. ... 0. 0. 0.]]

 [[0. 0. 0. ... 0. 0. 0.]
  [0. 0. 0. ... 0. 0. 0.]
  [0. 0. 0. ... 0. 0. 0.]
  ...
  [0. 0. 0. ... 0. 0. 0.]
  [0. 0. 0. ... 0. 0. 0.]
  [0. 0. 0. ... 0. 0. 0.]]

 [[0. 0. 0. ... 0. 0. 0.]
  [0. 0. 0. ... 0. 0. 0.]
  [0. 0. 0. ... 0. 0. 0.]
  ...
  [0. 0. 0. ... 0. 0. 0.]
  [0. 0. 0. ... 0. 0. 0.]
  [0. 0. 0. ... 0. 0. 0.]]

 ...

 [[0. 0. 0. ... 0. 0. 0.]
  [0. 0. 0. ... 0. 0. 0.]
  [0. 0. 0. ... 0. 0. 0.]
  ...
  [0. 0. 0. ... 0. 0. 0.]
  [0. 0. 0. ... 0. 0. 0.]
  [0. 0. 0. ... 0. 0. 0.]]

 [[0. 0. 0. ... 0. 0. 0.]
  [0. 0. 0. ... 0. 0. 0.]
  [0. 0. 0. ... 0. 0. 0.]
  ...
  [0. 0. 0. ... 0. 0. 0.]
  [0. 0. 0. ... 0. 0. 0.]
  [0. 0. 0. ... 0. 0. 0.]]

 [[0. 0. 0. ... 0. 0. 0.]
  [0. 0. 0. ... 0. 0. 0.]
  [0. 0. 0. ... 0. 0. 0.]
  ...
  [0. 0. 0. ... 0. 0. 0.]
  [0. 0. 0. ... 0. 0. 0.]
  [0. 0. 0. ... 0. 0. 0.]]]
--------------------------------------------------------------------------------

KEY: weights
--------------------------------------------------------------------------------
[[0.33453882 0.334846   0.45409468 ... 0.32163683 0.3813589  0.74690455]
 [0.7481629  0.49478552 0.10189442 ... 0.78952074 0.6571828  0.14735512]
 [0.37075883 0.5857697  0.7977621  ... 0.49761266 0.27250162 0.676887  ]
 ...
 [0.08949634 0.05506077 0.7669096  ... 0.5536131  0.21021685 0.26633653]
 [0.28122336 0.7197211  0.72501826 ... 0.2111242  0.3703015  0.487379  ]
 [0.5937844  0.6831334  0.10293276 ... 0.25880077 0.7833849  0.621303  ]]
--------------------------------------------------------------------------------

KEY: mask
--------------------------------------------------------------------------------
1.0
--------------------------------------------------------------------------------

KEY: biases
--------------------------------------------------------------------------------
[[0. 0. 0. 0. 0. 0. 0. 0. 0. 0. 0. 0. 0. 0. 0. 0. 0. 0. 0. 0. 0. 0. 0. 0.
  0. 0. 0. 0. 0. 0. 0. 0. 0. 0. 0. 0. 0. 0. 0. 0. 0. 0. 0. 0. 0. 0. 0. 0.
  0. 0. 0. 0. 0. 0. 0. 0. 0. 0. 0. 0. 0. 0. 0. 0. 0. 0. 0. 0. 0. 0. 0. 0.
  0. 0. 0. 0. 0. 0. 0. 0. 0. 0. 0. 0. 0. 0. 0. 0. 0. 0. 0. 0. 0. 0. 0. 0.]]
--------------------------------------------------------------------------------

====================================================================================================
FILE: block_proj1_Q_v.npz
====================================================================================================

KEY: key
--------------------------------------------------------------------------------
[2553526912  253013062]
--------------------------------------------------------------------------------

KEY: outputs
--------------------------------------------------------------------------------
[[[0. 0. 0. ... 0. 0. 0.]
  [0. 0. 0. ... 0. 0. 0.]
  [0. 0. 0. ... 0. 0. 0.]
  ...
  [0. 0. 0. ... 0. 0. 0.]
  [0. 0. 0. ... 0. 0. 0.]
  [0. 0. 0. ... 0. 0. 0.]]

 [[0. 0. 0. ... 0. 0. 0.]
  [0. 0. 0. ... 0. 0. 0.]
  [0. 0. 0. ... 0. 0. 0.]
  ...
  [0. 0. 0. ... 0. 0. 0.]
  [0. 0. 0. ... 0. 0. 0.]
  [0. 0. 0. ... 0. 0. 0.]]

 [[0. 0. 0. ... 0. 0. 0.]
  [0. 0. 0. ... 0. 0. 0.]
  [0. 0. 0. ... 0. 0. 0.]
  ...
  [0. 0. 0. ... 0. 0. 0.]
  [0. 0. 0. ... 0. 0. 0.]
  [0. 0. 0. ... 0. 0. 0.]]

 ...

 [[0. 0. 0. ... 0. 0. 0.]
  [0. 0. 0. ... 0. 0. 0.]
  [0. 0. 0. ... 0. 0. 0.]
  ...
  [0. 0. 0. ... 0. 0. 0.]
  [0. 0. 0. ... 0. 0. 0.]
  [0. 0. 0. ... 0. 0. 0.]]

 [[0. 0. 0. ... 0. 0. 0.]
  [0. 0. 0. ... 0. 0. 0.]
  [0. 0. 0. ... 0. 0. 0.]
  ...
  [0. 0. 0. ... 0. 0. 0.]
  [0. 0. 0. ... 0. 0. 0.]
  [0. 0. 0. ... 0. 0. 0.]]

 [[0. 0. 0. ... 0. 0. 0.]
  [0. 0. 0. ... 0. 0. 0.]
  [0. 0. 0. ... 0. 0. 0.]
  ...
  [0. 0. 0. ... 0. 0. 0.]
  [0. 0. 0. ... 0. 0. 0.]
  [0. 0. 0. ... 0. 0. 0.]]]
--------------------------------------------------------------------------------

KEY: weights
--------------------------------------------------------------------------------
[[0.420556   0.69505775 0.09592094 ... 0.09097111 0.6649899  0.13344909]
 [0.5469112  0.42396694 0.1142076  ... 0.24560088 0.416534   0.37613153]
 [0.12555599 0.38828257 0.14558055 ... 0.03831946 0.18657553 0.09504687]
 ...
 [0.06143197 0.10547202 0.14477882 ... 0.7049296  0.15346368 0.13125157]
 [0.3538078  0.58212197 0.0508262  ... 0.5849566  0.75790083 0.14302346]
 [0.32928059 0.24051893 0.7825501  ... 0.13849759 0.5388631  0.12959987]]
--------------------------------------------------------------------------------

KEY: mask
--------------------------------------------------------------------------------
1.0
--------------------------------------------------------------------------------

KEY: biases
--------------------------------------------------------------------------------
[[0. 0. 0. 0. 0. 0. 0. 0. 0. 0. 0. 0. 0. 0. 0. 0. 0. 0. 0. 0. 0. 0. 0. 0.
  0. 0. 0. 0. 0. 0. 0. 0. 0. 0. 0. 0. 0. 0. 0. 0. 0. 0. 0. 0. 0. 0. 0. 0.
  0. 0. 0. 0. 0. 0. 0. 0. 0. 0. 0. 0. 0. 0. 0. 0. 0. 0. 0. 0. 0. 0. 0. 0.
  0. 0. 0. 0. 0. 0. 0. 0. 0. 0. 0. 0. 0. 0. 0. 0. 0. 0. 0. 0. 0. 0. 0. 0.]]
--------------------------------------------------------------------------------

====================================================================================================
FILE: block_proj1_q_attn_Ratecell.npz
====================================================================================================

KEY: key
--------------------------------------------------------------------------------
[        0 733617641]
--------------------------------------------------------------------------------

KEY: jv
--------------------------------------------------------------------------------
[[0. 0. 0. ... 0. 0. 0.]
 [0. 0. 0. ... 0. 0. 0.]
 [0. 0. 0. ... 0. 0. 0.]
 ...
 [0. 0. 0. ... 0. 0. 0.]
 [0. 0. 0. ... 0. 0. 0.]
 [0. 0. 0. ... 0. 0. 0.]]
--------------------------------------------------------------------------------

KEY: jq
--------------------------------------------------------------------------------
[[0. 0. 0. ... 0. 0. 0.]
 [0. 0. 0. ... 0. 0. 0.]
 [0. 0. 0. ... 0. 0. 0.]
 ...
 [0. 0. 0. ... 0. 0. 0.]
 [0. 0. 0. ... 0. 0. 0.]
 [0. 0. 0. ... 0. 0. 0.]]
--------------------------------------------------------------------------------

KEY: jk
--------------------------------------------------------------------------------
[[0. 0. 0. ... 0. 0. 0.]
 [0. 0. 0. ... 0. 0. 0.]
 [0. 0. 0. ... 0. 0. 0.]
 ...
 [0. 0. 0. ... 0. 0. 0.]
 [0. 0. 0. ... 0. 0. 0.]
 [0. 0. 0. ... 0. 0. 0.]]
--------------------------------------------------------------------------------

KEY: zF
--------------------------------------------------------------------------------
[[0. 0. 0. ... 0. 0. 0.]
 [0. 0. 0. ... 0. 0. 0.]
 [0. 0. 0. ... 0. 0. 0.]
 ...
 [0. 0. 0. ... 0. 0. 0.]
 [0. 0. 0. ... 0. 0. 0.]
 [0. 0. 0. ... 0. 0. 0.]]
--------------------------------------------------------------------------------

KEY: j_td
--------------------------------------------------------------------------------
[[0. 0. 0. ... 0. 0. 0.]
 [0. 0. 0. ... 0. 0. 0.]
 [0. 0. 0. ... 0. 0. 0.]
 ...
 [0. 0. 0. ... 0. 0. 0.]
 [0. 0. 0. ... 0. 0. 0.]
 [0. 0. 0. ... 0. 0. 0.]]
--------------------------------------------------------------------------------

KEY: z
--------------------------------------------------------------------------------
[[0. 0. 0. ... 0. 0. 0.]
 [0. 0. 0. ... 0. 0. 0.]
 [0. 0. 0. ... 0. 0. 0.]
 ...
 [0. 0. 0. ... 0. 0. 0.]
 [0. 0. 0. ... 0. 0. 0.]
 [0. 0. 0. ... 0. 0. 0.]]
--------------------------------------------------------------------------------

====================================================================================================
FILE: block_proj1_q_attn_block.npz
====================================================================================================

KEY: key
--------------------------------------------------------------------------------
[0 0]
--------------------------------------------------------------------------------

KEY: dq
--------------------------------------------------------------------------------
[[0. 0. 0. ... 0. 0. 0.]
 [0. 0. 0. ... 0. 0. 0.]
 [0. 0. 0. ... 0. 0. 0.]
 ...
 [0. 0. 0. ... 0. 0. 0.]
 [0. 0. 0. ... 0. 0. 0.]
 [0. 0. 0. ... 0. 0. 0.]]
--------------------------------------------------------------------------------

KEY: dk
--------------------------------------------------------------------------------
[[0. 0. 0. ... 0. 0. 0.]
 [0. 0. 0. ... 0. 0. 0.]
 [0. 0. 0. ... 0. 0. 0.]
 ...
 [0. 0. 0. ... 0. 0. 0.]
 [0. 0. 0. ... 0. 0. 0.]
 [0. 0. 0. ... 0. 0. 0.]]
--------------------------------------------------------------------------------

KEY: dv
--------------------------------------------------------------------------------
[[0. 0. 0. ... 0. 0. 0.]
 [0. 0. 0. ... 0. 0. 0.]
 [0. 0. 0. ... 0. 0. 0.]
 ...
 [0. 0. 0. ... 0. 0. 0.]
 [0. 0. 0. ... 0. 0. 0.]
 [0. 0. 0. ... 0. 0. 0.]]
--------------------------------------------------------------------------------

KEY: dmu
--------------------------------------------------------------------------------
[[0. 0. 0. ... 0. 0. 0.]
 [0. 0. 0. ... 0. 0. 0.]
 [0. 0. 0. ... 0. 0. 0.]
 ...
 [0. 0. 0. ... 0. 0. 0.]
 [0. 0. 0. ... 0. 0. 0.]
 [0. 0. 0. ... 0. 0. 0.]]
--------------------------------------------------------------------------------

KEY: dtarget_q
--------------------------------------------------------------------------------
[[0. 0. 0. ... 0. 0. 0.]
 [0. 0. 0. ... 0. 0. 0.]
 [0. 0. 0. ... 0. 0. 0.]
 ...
 [0. 0. 0. ... 0. 0. 0.]
 [0. 0. 0. ... 0. 0. 0.]
 [0. 0. 0. ... 0. 0. 0.]]
--------------------------------------------------------------------------------

KEY: dtarget_k
--------------------------------------------------------------------------------
[[0. 0. 0. ... 0. 0. 0.]
 [0. 0. 0. ... 0. 0. 0.]
 [0. 0. 0. ... 0. 0. 0.]
 ...
 [0. 0. 0. ... 0. 0. 0.]
 [0. 0. 0. ... 0. 0. 0.]
 [0. 0. 0. ... 0. 0. 0.]]
--------------------------------------------------------------------------------

KEY: dtarget_v
--------------------------------------------------------------------------------
[[0. 0. 0. ... 0. 0. 0.]
 [0. 0. 0. ... 0. 0. 0.]
 [0. 0. 0. ... 0. 0. 0.]
 ...
 [0. 0. 0. ... 0. 0. 0.]
 [0. 0. 0. ... 0. 0. 0.]
 [0. 0. 0. ... 0. 0. 0.]]
--------------------------------------------------------------------------------

KEY: outputs
--------------------------------------------------------------------------------
[[[0. 0. 0. ... 0. 0. 0.]
  [0. 0. 0. ... 0. 0. 0.]
  [0. 0. 0. ... 0. 0. 0.]
  ...
  [0. 0. 0. ... 0. 0. 0.]
  [0. 0. 0. ... 0. 0. 0.]
  [0. 0. 0. ... 0. 0. 0.]]

 [[0. 0. 0. ... 0. 0. 0.]
  [0. 0. 0. ... 0. 0. 0.]
  [0. 0. 0. ... 0. 0. 0.]
  ...
  [0. 0. 0. ... 0. 0. 0.]
  [0. 0. 0. ... 0. 0. 0.]
  [0. 0. 0. ... 0. 0. 0.]]

 [[0. 0. 0. ... 0. 0. 0.]
  [0. 0. 0. ... 0. 0. 0.]
  [0. 0. 0. ... 0. 0. 0.]
  ...
  [0. 0. 0. ... 0. 0. 0.]
  [0. 0. 0. ... 0. 0. 0.]
  [0. 0. 0. ... 0. 0. 0.]]

 ...

 [[0. 0. 0. ... 0. 0. 0.]
  [0. 0. 0. ... 0. 0. 0.]
  [0. 0. 0. ... 0. 0. 0.]
  ...
  [0. 0. 0. ... 0. 0. 0.]
  [0. 0. 0. ... 0. 0. 0.]
  [0. 0. 0. ... 0. 0. 0.]]

 [[0. 0. 0. ... 0. 0. 0.]
  [0. 0. 0. ... 0. 0. 0.]
  [0. 0. 0. ... 0. 0. 0.]
  ...
  [0. 0. 0. ... 0. 0. 0.]
  [0. 0. 0. ... 0. 0. 0.]
  [0. 0. 0. ... 0. 0. 0.]]

 [[0. 0. 0. ... 0. 0. 0.]
  [0. 0. 0. ... 0. 0. 0.]
  [0. 0. 0. ... 0. 0. 0.]
  ...
  [0. 0. 0. ... 0. 0. 0.]
  [0. 0. 0. ... 0. 0. 0.]
  [0. 0. 0. ... 0. 0. 0.]]]
--------------------------------------------------------------------------------

====================================================================================================
FILE: block_proj1_q_mlp2_Ratecell.npz
====================================================================================================

KEY: key
--------------------------------------------------------------------------------
[        0 734864639]
--------------------------------------------------------------------------------

KEY: zF
--------------------------------------------------------------------------------
[[0. 0. 0. ... 0. 0. 0.]
 [0. 0. 0. ... 0. 0. 0.]
 [0. 0. 0. ... 0. 0. 0.]
 ...
 [0. 0. 0. ... 0. 0. 0.]
 [0. 0. 0. ... 0. 0. 0.]
 [0. 0. 0. ... 0. 0. 0.]]
--------------------------------------------------------------------------------

KEY: j_td
--------------------------------------------------------------------------------
[[0. 0. 0. ... 0. 0. 0.]
 [0. 0. 0. ... 0. 0. 0.]
 [0. 0. 0. ... 0. 0. 0.]
 ...
 [0. 0. 0. ... 0. 0. 0.]
 [0. 0. 0. ... 0. 0. 0.]
 [0. 0. 0. ... 0. 0. 0.]]
--------------------------------------------------------------------------------

KEY: z
--------------------------------------------------------------------------------
[[0. 0. 0. ... 0. 0. 0.]
 [0. 0. 0. ... 0. 0. 0.]
 [0. 0. 0. ... 0. 0. 0.]
 ...
 [0. 0. 0. ... 0. 0. 0.]
 [0. 0. 0. ... 0. 0. 0.]
 [0. 0. 0. ... 0. 0. 0.]]
--------------------------------------------------------------------------------

====================================================================================================
FILE: block_proj1_q_mlp_Ratecell.npz
====================================================================================================

KEY: key
--------------------------------------------------------------------------------
[        0 734252647]
--------------------------------------------------------------------------------

KEY: zF
--------------------------------------------------------------------------------
[[0. 0. 0. ... 0. 0. 0.]
 [0. 0. 0. ... 0. 0. 0.]
 [0. 0. 0. ... 0. 0. 0.]
 ...
 [0. 0. 0. ... 0. 0. 0.]
 [0. 0. 0. ... 0. 0. 0.]
 [0. 0. 0. ... 0. 0. 0.]]
--------------------------------------------------------------------------------

KEY: j_td
--------------------------------------------------------------------------------
[[0. 0. 0. ... 0. 0. 0.]
 [0. 0. 0. ... 0. 0. 0.]
 [0. 0. 0. ... 0. 0. 0.]
 ...
 [0. 0. 0. ... 0. 0. 0.]
 [0. 0. 0. ... 0. 0. 0.]
 [0. 0. 0. ... 0. 0. 0.]]
--------------------------------------------------------------------------------

KEY: z
--------------------------------------------------------------------------------
[[0. 0. 0. ... 0. 0. 0.]
 [0. 0. 0. ... 0. 0. 0.]
 [0. 0. 0. ... 0. 0. 0.]
 ...
 [0. 0. 0. ... 0. 0. 0.]
 [0. 0. 0. ... 0. 0. 0.]
 [0. 0. 0. ... 0. 0. 0.]]
--------------------------------------------------------------------------------

====================================================================================================
FILE: block_proj1_q_qkv_Ratecell.npz
====================================================================================================

KEY: key
--------------------------------------------------------------------------------
[        0 732967275]
--------------------------------------------------------------------------------

KEY: zF
--------------------------------------------------------------------------------
[[0. 0. 0. ... 0. 0. 0.]
 [0. 0. 0. ... 0. 0. 0.]
 [0. 0. 0. ... 0. 0. 0.]
 ...
 [0. 0. 0. ... 0. 0. 0.]
 [0. 0. 0. ... 0. 0. 0.]
 [0. 0. 0. ... 0. 0. 0.]]
--------------------------------------------------------------------------------

KEY: j_td
--------------------------------------------------------------------------------
[[0. 0. 0. ... 0. 0. 0.]
 [0. 0. 0. ... 0. 0. 0.]
 [0. 0. 0. ... 0. 0. 0.]
 ...
 [0. 0. 0. ... 0. 0. 0.]
 [0. 0. 0. ... 0. 0. 0.]
 [0. 0. 0. ... 0. 0. 0.]]
--------------------------------------------------------------------------------

KEY: z
--------------------------------------------------------------------------------
[[0. 0. 0. ... 0. 0. 0.]
 [0. 0. 0. ... 0. 0. 0.]
 [0. 0. 0. ... 0. 0. 0.]
 ...
 [0. 0. 0. ... 0. 0. 0.]
 [0. 0. 0. ... 0. 0. 0.]
 [0. 0. 0. ... 0. 0. 0.]]
--------------------------------------------------------------------------------

====================================================================================================
FILE: block_proj1_reshape_3d_to_2d_proj1.npz
====================================================================================================

KEY: key
--------------------------------------------------------------------------------
[        0 748790850]
--------------------------------------------------------------------------------

KEY: outputs
--------------------------------------------------------------------------------
[[0. 0. 0. ... 0. 0. 0.]
 [0. 0. 0. ... 0. 0. 0.]
 [0. 0. 0. ... 0. 0. 0.]
 ...
 [0. 0. 0. ... 0. 0. 0.]
 [0. 0. 0. ... 0. 0. 0.]
 [0. 0. 0. ... 0. 0. 0.]]
--------------------------------------------------------------------------------

====================================================================================================
FILE: e_embed.npz
====================================================================================================

KEY: key
--------------------------------------------------------------------------------
[         0 4182338238]
--------------------------------------------------------------------------------

KEY: L
--------------------------------------------------------------------------------
-6.1414744e-07
--------------------------------------------------------------------------------

KEY: dmu
--------------------------------------------------------------------------------
[[ 6.6718785e-06 -2.4672481e-05 -1.3470650e-05 ...  3.0158088e-05
   2.9269606e-05 -6.8657100e-06]
 [ 2.5192276e-06 -1.0027550e-05 -6.2249601e-06 ...  1.6057864e-05
   1.8678606e-05 -6.3730404e-06]
 [ 8.2468614e-07 -4.7814246e-06 -4.6268106e-06 ...  9.6210279e-06
   1.6931444e-05 -5.6475401e-06]
 ...
 [-1.6577542e-07  5.2526593e-07 -1.2964010e-06 ...  1.3411045e-07
   2.1606684e-07  4.9173832e-07]
 [-2.1234155e-07  2.8312206e-07 -4.4889748e-07 ... -5.5506825e-07
   3.4458935e-07 -2.4773180e-07]
 [-9.6042641e-09  4.1676685e-08 -2.4307519e-07 ... -2.0489097e-07
   3.7066638e-07 -2.4400651e-07]]
--------------------------------------------------------------------------------

KEY: Sigma
--------------------------------------------------------------------------------
[[1.]]
--------------------------------------------------------------------------------

KEY: dSigma
--------------------------------------------------------------------------------
[[1.]]
--------------------------------------------------------------------------------

KEY: dtarget
--------------------------------------------------------------------------------
[[-6.6718785e-06  2.4672481e-05  1.3470650e-05 ... -3.0158088e-05
  -2.9269606e-05  6.8657100e-06]
 [-2.5192276e-06  1.0027550e-05  6.2249601e-06 ... -1.6057864e-05
  -1.8678606e-05  6.3730404e-06]
 [-8.2468614e-07  4.7814246e-06  4.6268106e-06 ... -9.6210279e-06
  -1.6931444e-05  5.6475401e-06]
 ...
 [ 1.6577542e-07 -5.2526593e-07  1.2964010e-06 ... -1.3411045e-07
  -2.1606684e-07 -4.9173832e-07]
 [ 2.1234155e-07 -2.8312206e-07  4.4889748e-07 ...  5.5506825e-07
  -3.4458935e-07  2.4773180e-07]
 [ 9.6042641e-09 -4.1676685e-08  2.4307519e-07 ...  2.0489097e-07
  -3.7066638e-07  2.4400651e-07]]
--------------------------------------------------------------------------------

KEY: modulator
--------------------------------------------------------------------------------
[[1. 1. 1. ... 1. 1. 1.]
 [1. 1. 1. ... 1. 1. 1.]
 [1. 1. 1. ... 1. 1. 1.]
 ...
 [1. 1. 1. ... 1. 1. 1.]
 [1. 1. 1. ... 1. 1. 1.]
 [1. 1. 1. ... 1. 1. 1.]]
--------------------------------------------------------------------------------

KEY: mask
--------------------------------------------------------------------------------
[[1. 1. 1. ... 1. 1. 1.]
 [1. 1. 1. ... 1. 1. 1.]
 [1. 1. 1. ... 1. 1. 1.]
 ...
 [1. 1. 1. ... 1. 1. 1.]
 [1. 1. 1. ... 1. 1. 1.]
 [1. 1. 1. ... 1. 1. 1.]]
--------------------------------------------------------------------------------

====================================================================================================
FILE: e_out.npz
====================================================================================================

KEY: key
--------------------------------------------------------------------------------
[        0 546145704]
--------------------------------------------------------------------------------

KEY: L
--------------------------------------------------------------------------------
-379.17102
--------------------------------------------------------------------------------

KEY: dmu
--------------------------------------------------------------------------------
[[-5.0995232e-06 -5.1030011e-06 -5.0963431e-06 ... -5.0980011e-06
  -5.0993872e-06 -5.0998924e-06]
 [-5.1441516e-06 -5.0999543e-06 -5.0953208e-06 ... -5.0872950e-06
  -5.0955155e-06 -5.1186548e-06]
 [-5.0987742e-06 -5.1011866e-06 -5.0983413e-06 ... -5.0959693e-06
  -5.0998246e-06 -5.1007246e-06]
 ...
 [-5.1104389e-06 -5.0875160e-06 -5.1108727e-06 ... -5.1018783e-06
  -5.0953331e-06 -5.0801805e-06]
 [-5.1037196e-06 -5.1030424e-06 -5.0983526e-06 ... -5.0945187e-06
  -5.0944359e-06 -5.1011302e-06]
 [-5.1625966e-06 -4.9805840e-06 -5.0861563e-06 ... -5.0870585e-06
  -5.0674671e-06 -5.1253437e-06]]
--------------------------------------------------------------------------------

KEY: Sigma
--------------------------------------------------------------------------------
[[1.]]
--------------------------------------------------------------------------------

KEY: dSigma
--------------------------------------------------------------------------------
[[1.]]
--------------------------------------------------------------------------------

KEY: dtarget
--------------------------------------------------------------------------------
[[5.0995232e-06 5.1030011e-06 5.0963431e-06 ... 5.0980011e-06
  5.0993872e-06 5.0998924e-06]
 [5.1441516e-06 5.0999543e-06 5.0953208e-06 ... 5.0872950e-06
  5.0955155e-06 5.1186548e-06]
 [5.0987742e-06 5.1011866e-06 5.0983413e-06 ... 5.0959693e-06
  5.0998246e-06 5.1007246e-06]
 ...
 [5.1104389e-06 5.0875160e-06 5.1108727e-06 ... 5.1018783e-06
  5.0953331e-06 5.0801805e-06]
 [5.1037196e-06 5.1030424e-06 5.0983526e-06 ... 5.0945187e-06
  5.0944359e-06 5.1011302e-06]
 [5.1625966e-06 4.9805840e-06 5.0861563e-06 ... 5.0870585e-06
  5.0674671e-06 5.1253437e-06]]
--------------------------------------------------------------------------------

KEY: modulator
--------------------------------------------------------------------------------
[[1. 1. 1. ... 1. 1. 1.]
 [1. 1. 1. ... 1. 1. 1.]
 [1. 1. 1. ... 1. 1. 1.]
 ...
 [1. 1. 1. ... 1. 1. 1.]
 [1. 1. 1. ... 1. 1. 1.]
 [1. 1. 1. ... 1. 1. 1.]]
--------------------------------------------------------------------------------

KEY: mask
--------------------------------------------------------------------------------
[[1. 1. 1. ... 1. 1. 1.]
 [1. 1. 1. ... 1. 1. 1.]
 [1. 1. 1. ... 1. 1. 1.]
 ...
 [1. 1. 1. ... 1. 1. 1.]
 [1. 1. 1. ... 1. 1. 1.]
 [1. 1. 1. ... 1. 1. 1.]]
--------------------------------------------------------------------------------

====================================================================================================
FILE: eq_target.npz
====================================================================================================

KEY: key
--------------------------------------------------------------------------------
[        0 786166050]
--------------------------------------------------------------------------------

KEY: L
--------------------------------------------------------------------------------
0.0
--------------------------------------------------------------------------------

KEY: dmu
--------------------------------------------------------------------------------
[[0. 0. 0. ... 0. 0. 0.]
 [0. 0. 0. ... 0. 0. 0.]
 [0. 0. 0. ... 0. 0. 0.]
 ...
 [0. 0. 0. ... 0. 0. 0.]
 [0. 0. 0. ... 0. 0. 0.]
 [0. 0. 0. ... 0. 0. 0.]]
--------------------------------------------------------------------------------

KEY: Sigma
--------------------------------------------------------------------------------
[[1.]]
--------------------------------------------------------------------------------

KEY: dSigma
--------------------------------------------------------------------------------
[[0.]]
--------------------------------------------------------------------------------

KEY: target
--------------------------------------------------------------------------------
[[0. 0. 0. ... 0. 0. 0.]
 [0. 0. 0. ... 0. 0. 0.]
 [0. 0. 0. ... 0. 0. 0.]
 ...
 [0. 0. 0. ... 0. 0. 0.]
 [0. 0. 0. ... 0. 0. 0.]
 [0. 0. 0. ... 0. 0. 0.]]
--------------------------------------------------------------------------------

KEY: dtarget
--------------------------------------------------------------------------------
[[0. 0. 0. ... 0. 0. 0.]
 [0. 0. 0. ... 0. 0. 0.]
 [0. 0. 0. ... 0. 0. 0.]
 ...
 [0. 0. 0. ... 0. 0. 0.]
 [0. 0. 0. ... 0. 0. 0.]
 [0. 0. 0. ... 0. 0. 0.]]
--------------------------------------------------------------------------------

KEY: modulator
--------------------------------------------------------------------------------
[[1. 1. 1. ... 1. 1. 1.]
 [1. 1. 1. ... 1. 1. 1.]
 [1. 1. 1. ... 1. 1. 1.]
 ...
 [1. 1. 1. ... 1. 1. 1.]
 [1. 1. 1. ... 1. 1. 1.]
 [1. 1. 1. ... 1. 1. 1.]]
--------------------------------------------------------------------------------

KEY: mask
--------------------------------------------------------------------------------
[[1. 1. 1. ... 1. 1. 1.]
 [1. 1. 1. ... 1. 1. 1.]
 [1. 1. 1. ... 1. 1. 1.]
 ...
 [1. 1. 1. ... 1. 1. 1.]
 [1. 1. 1. ... 1. 1. 1.]
 [1. 1. 1. ... 1. 1. 1.]]
--------------------------------------------------------------------------------

====================================================================================================
FILE: q_embed_Ratecell.npz
====================================================================================================

KEY: key
--------------------------------------------------------------------------------
[        0 602419718]
--------------------------------------------------------------------------------

KEY: j
--------------------------------------------------------------------------------
[[   82   210   188   158   135   420   743    14  1153    12   683     8
    273    81    95   144  1531   104  1261    85     8  1362    85   377
    538   271  2118     7    59   716    14   957    12   311     8   253
     13   178   395    23   149   118    84   308   793     8   170   167
    104  4696   102    41  7165   825   299    74    72   431   102  4638
   4690    10   616    12]
 [  683     8   253     8    72   821     7    59   102    81    13   273
    181   219   189    10  1310    12  2244     8   630   118  2548    82
    526  7257    13   120   273    93    95   246   278  1269    43  1549
      7  3402    10   616    12   683     8  2642    85   146    91    81
     70  3232    12   170  4715   716  1000    85  6726   102  1066   332
   3481   243   135  3283]
 [   91  5027     8   120   174   113  2067   181    82   424   168  4054
     72  4064  1273   821    95  1827    12   170  4618   270    74  1257
     83   113   591    10   957    12   360    93    95   144     8   253
      8   118    85   158    72   168  1990  4327   139   135    83    81
   5555    72   583     8   120   221    85  1350    72   625    83   149
    146  6588     8    15]
 [  460  3954    72  4064     8   638    72  4618  1257   247   123  3283
      8   964  2532   194    95    82   140   181   819   113   144  9671
     95    82    95  6523    10  1153    12   683     8    85   269   248
     83   248    85   149  4895    13   120   979    85   149  3167    82
     95    41  4541     8   318   322     8   104   116   149     8 10556
    146  1046     8   187]
 [ 1000   116   135   583  9976  4355    10   957    12   683     8    23
    194   113    95  6442    12    70  1733  4031     8  2841  1202   116
    293 10777   146  4058     8   120  9455   960  3440    82   123  1278
      7  2688     8   120   149   104  4706   149    70   798     8 10510
   7897     8   178  2129    83  2282   104   680    10  1235    12    29
   3708  3124     4 10730]
 [    8   273     7    59    95   719    10  1153    12   170  3124     7
     59   220  1112    83    95    93   144     8  1918     8    23   194
     95   129  2591  9366    10  2119    12   851  1273     8   983    81
    113     8   565   983  1325     8   187   315    41  3378   972    83
     41  2154    91    81    13   207    23  3458    12   178   102   420
    431  1385    63   681]
 [    8   789  6366    98   921     8    23     7    80  6430   250   475
    631     8  2244     8   135    98  6573     8    82    98 10894    13
    535   210    85   174  1208    81   174    23   149     8   447   248
     23   261    98  1619    82    98  7996    10  1041    12   404   135
    163  5027     8   160    23  1493   190     8   422  2054   130  4552
    769    12   271   130]
 [ 7147   113    10  2119    12  3462    81     8  1273     8    91   135
     72   364  2590    23   512   377  3416   118  3831   723   389    23
    827  4383   246   278   424   431    10  1041    12    27  3408     8
    130  2538    10   491     7    60   113  2197    14  2119    12   360
     85  3465   141     8  1273     8   160    23  1105    23     7    80
   3134   102    85   631]
 [    8   178    85   194   140   141    10  1041    12    29   270     8
   3414     8    85  4383  5300   246    12   318   174   140  2424    82
    791    85   476    10  2119    12   491    93   102   141    85   149
   2775    81   144    14   737   270    85   951     8    83   172    23
    248  3009   318   140   178   951   110   124    81   135   146  1002
     12    23  2190     8]
 [ 1273  1241     8   150  4884    98   921    10  1041    12   360   118
     95   951     8   270   135    72   583   234   144    10  1170    12
    402     8   351   172     8  5415     4  2273  3875   146  7185    14
   1847     8   497  2391    10  2736  3057     4   240  4330    10   290
   5746   163  6816    13  4998   113   124   181    10   247   931     8
    130  1830    94    91]
 [   41  5487  1494     8   402  1075   130   983   181   118   343   175
      7    69   983   190    14   582   343   240  2158   190   124    41
   2117   358    14  1041    12  1066  3044   547  4018    81     8    83
     23     7    80    95  4071    10  1170    12   233     8    70    98
   1387    14  1847     8   857   190    70    10  1041    12   233     8
    174    85   113  1846]
 [   81    14   737     8   172    23   271   670    74   129  4319     8
    240   322   140    41   869    13    23   322  2593  3738     9  1401
     78   181  3508   345   120   102   129   259    82   181  1653  9471
     70  1688    10  5696   113    82    81    12    23   174   219  1368
     83  1032  1701    23   260   839  3055    91  1612    10  1170    12
   1283   538  1046   642]]
--------------------------------------------------------------------------------

KEY: zF
--------------------------------------------------------------------------------
[[0. 0. 0. 0. 0. 0. 0. 0. 0. 0. 0. 0. 0. 0. 0. 0. 0. 0. 0. 0. 0. 0. 0. 0.
  0. 0. 0. 0. 0. 0. 0. 0. 0. 0. 0. 0. 0. 0. 0. 0. 0. 0. 0. 0. 0. 0. 0. 0.
  0. 0. 0. 0. 0. 0. 0. 0. 0. 0. 0. 0. 0. 0. 0. 0.]
 [0. 0. 0. 0. 0. 0. 0. 0. 0. 0. 0. 0. 0. 0. 0. 0. 0. 0. 0. 0. 0. 0. 0. 0.
  0. 0. 0. 0. 0. 0. 0. 0. 0. 0. 0. 0. 0. 0. 0. 0. 0. 0. 0. 0. 0. 0. 0. 0.
  0. 0. 0. 0. 0. 0. 0. 0. 0. 0. 0. 0. 0. 0. 0. 0.]
 [0. 0. 0. 0. 0. 0. 0. 0. 0. 0. 0. 0. 0. 0. 0. 0. 0. 0. 0. 0. 0. 0. 0. 0.
  0. 0. 0. 0. 0. 0. 0. 0. 0. 0. 0. 0. 0. 0. 0. 0. 0. 0. 0. 0. 0. 0. 0. 0.
  0. 0. 0. 0. 0. 0. 0. 0. 0. 0. 0. 0. 0. 0. 0. 0.]
 [0. 0. 0. 0. 0. 0. 0. 0. 0. 0. 0. 0. 0. 0. 0. 0. 0. 0. 0. 0. 0. 0. 0. 0.
  0. 0. 0. 0. 0. 0. 0. 0. 0. 0. 0. 0. 0. 0. 0. 0. 0. 0. 0. 0. 0. 0. 0. 0.
  0. 0. 0. 0. 0. 0. 0. 0. 0. 0. 0. 0. 0. 0. 0. 0.]
 [0. 0. 0. 0. 0. 0. 0. 0. 0. 0. 0. 0. 0. 0. 0. 0. 0. 0. 0. 0. 0. 0. 0. 0.
  0. 0. 0. 0. 0. 0. 0. 0. 0. 0. 0. 0. 0. 0. 0. 0. 0. 0. 0. 0. 0. 0. 0. 0.
  0. 0. 0. 0. 0. 0. 0. 0. 0. 0. 0. 0. 0. 0. 0. 0.]
 [0. 0. 0. 0. 0. 0. 0. 0. 0. 0. 0. 0. 0. 0. 0. 0. 0. 0. 0. 0. 0. 0. 0. 0.
  0. 0. 0. 0. 0. 0. 0. 0. 0. 0. 0. 0. 0. 0. 0. 0. 0. 0. 0. 0. 0. 0. 0. 0.
  0. 0. 0. 0. 0. 0. 0. 0. 0. 0. 0. 0. 0. 0. 0. 0.]
 [0. 0. 0. 0. 0. 0. 0. 0. 0. 0. 0. 0. 0. 0. 0. 0. 0. 0. 0. 0. 0. 0. 0. 0.
  0. 0. 0. 0. 0. 0. 0. 0. 0. 0. 0. 0. 0. 0. 0. 0. 0. 0. 0. 0. 0. 0. 0. 0.
  0. 0. 0. 0. 0. 0. 0. 0. 0. 0. 0. 0. 0. 0. 0. 0.]
 [0. 0. 0. 0. 0. 0. 0. 0. 0. 0. 0. 0. 0. 0. 0. 0. 0. 0. 0. 0. 0. 0. 0. 0.
  0. 0. 0. 0. 0. 0. 0. 0. 0. 0. 0. 0. 0. 0. 0. 0. 0. 0. 0. 0. 0. 0. 0. 0.
  0. 0. 0. 0. 0. 0. 0. 0. 0. 0. 0. 0. 0. 0. 0. 0.]
 [0. 0. 0. 0. 0. 0. 0. 0. 0. 0. 0. 0. 0. 0. 0. 0. 0. 0. 0. 0. 0. 0. 0. 0.
  0. 0. 0. 0. 0. 0. 0. 0. 0. 0. 0. 0. 0. 0. 0. 0. 0. 0. 0. 0. 0. 0. 0. 0.
  0. 0. 0. 0. 0. 0. 0. 0. 0. 0. 0. 0. 0. 0. 0. 0.]
 [0. 0. 0. 0. 0. 0. 0. 0. 0. 0. 0. 0. 0. 0. 0. 0. 0. 0. 0. 0. 0. 0. 0. 0.
  0. 0. 0. 0. 0. 0. 0. 0. 0. 0. 0. 0. 0. 0. 0. 0. 0. 0. 0. 0. 0. 0. 0. 0.
  0. 0. 0. 0. 0. 0. 0. 0. 0. 0. 0. 0. 0. 0. 0. 0.]
 [0. 0. 0. 0. 0. 0. 0. 0. 0. 0. 0. 0. 0. 0. 0. 0. 0. 0. 0. 0. 0. 0. 0. 0.
  0. 0. 0. 0. 0. 0. 0. 0. 0. 0. 0. 0. 0. 0. 0. 0. 0. 0. 0. 0. 0. 0. 0. 0.
  0. 0. 0. 0. 0. 0. 0. 0. 0. 0. 0. 0. 0. 0. 0. 0.]
 [0. 0. 0. 0. 0. 0. 0. 0. 0. 0. 0. 0. 0. 0. 0. 0. 0. 0. 0. 0. 0. 0. 0. 0.
  0. 0. 0. 0. 0. 0. 0. 0. 0. 0. 0. 0. 0. 0. 0. 0. 0. 0. 0. 0. 0. 0. 0. 0.
  0. 0. 0. 0. 0. 0. 0. 0. 0. 0. 0. 0. 0. 0. 0. 0.]]
--------------------------------------------------------------------------------

KEY: j_td
--------------------------------------------------------------------------------
[[0. 0. 0. 0. 0. 0. 0. 0. 0. 0. 0. 0. 0. 0. 0. 0. 0. 0. 0. 0. 0. 0. 0. 0.
  0. 0. 0. 0. 0. 0. 0. 0. 0. 0. 0. 0. 0. 0. 0. 0. 0. 0. 0. 0. 0. 0. 0. 0.
  0. 0. 0. 0. 0. 0. 0. 0. 0. 0. 0. 0. 0. 0. 0. 0.]
 [0. 0. 0. 0. 0. 0. 0. 0. 0. 0. 0. 0. 0. 0. 0. 0. 0. 0. 0. 0. 0. 0. 0. 0.
  0. 0. 0. 0. 0. 0. 0. 0. 0. 0. 0. 0. 0. 0. 0. 0. 0. 0. 0. 0. 0. 0. 0. 0.
  0. 0. 0. 0. 0. 0. 0. 0. 0. 0. 0. 0. 0. 0. 0. 0.]
 [0. 0. 0. 0. 0. 0. 0. 0. 0. 0. 0. 0. 0. 0. 0. 0. 0. 0. 0. 0. 0. 0. 0. 0.
  0. 0. 0. 0. 0. 0. 0. 0. 0. 0. 0. 0. 0. 0. 0. 0. 0. 0. 0. 0. 0. 0. 0. 0.
  0. 0. 0. 0. 0. 0. 0. 0. 0. 0. 0. 0. 0. 0. 0. 0.]
 [0. 0. 0. 0. 0. 0. 0. 0. 0. 0. 0. 0. 0. 0. 0. 0. 0. 0. 0. 0. 0. 0. 0. 0.
  0. 0. 0. 0. 0. 0. 0. 0. 0. 0. 0. 0. 0. 0. 0. 0. 0. 0. 0. 0. 0. 0. 0. 0.
  0. 0. 0. 0. 0. 0. 0. 0. 0. 0. 0. 0. 0. 0. 0. 0.]
 [0. 0. 0. 0. 0. 0. 0. 0. 0. 0. 0. 0. 0. 0. 0. 0. 0. 0. 0. 0. 0. 0. 0. 0.
  0. 0. 0. 0. 0. 0. 0. 0. 0. 0. 0. 0. 0. 0. 0. 0. 0. 0. 0. 0. 0. 0. 0. 0.
  0. 0. 0. 0. 0. 0. 0. 0. 0. 0. 0. 0. 0. 0. 0. 0.]
 [0. 0. 0. 0. 0. 0. 0. 0. 0. 0. 0. 0. 0. 0. 0. 0. 0. 0. 0. 0. 0. 0. 0. 0.
  0. 0. 0. 0. 0. 0. 0. 0. 0. 0. 0. 0. 0. 0. 0. 0. 0. 0. 0. 0. 0. 0. 0. 0.
  0. 0. 0. 0. 0. 0. 0. 0. 0. 0. 0. 0. 0. 0. 0. 0.]
 [0. 0. 0. 0. 0. 0. 0. 0. 0. 0. 0. 0. 0. 0. 0. 0. 0. 0. 0. 0. 0. 0. 0. 0.
  0. 0. 0. 0. 0. 0. 0. 0. 0. 0. 0. 0. 0. 0. 0. 0. 0. 0. 0. 0. 0. 0. 0. 0.
  0. 0. 0. 0. 0. 0. 0. 0. 0. 0. 0. 0. 0. 0. 0. 0.]
 [0. 0. 0. 0. 0. 0. 0. 0. 0. 0. 0. 0. 0. 0. 0. 0. 0. 0. 0. 0. 0. 0. 0. 0.
  0. 0. 0. 0. 0. 0. 0. 0. 0. 0. 0. 0. 0. 0. 0. 0. 0. 0. 0. 0. 0. 0. 0. 0.
  0. 0. 0. 0. 0. 0. 0. 0. 0. 0. 0. 0. 0. 0. 0. 0.]
 [0. 0. 0. 0. 0. 0. 0. 0. 0. 0. 0. 0. 0. 0. 0. 0. 0. 0. 0. 0. 0. 0. 0. 0.
  0. 0. 0. 0. 0. 0. 0. 0. 0. 0. 0. 0. 0. 0. 0. 0. 0. 0. 0. 0. 0. 0. 0. 0.
  0. 0. 0. 0. 0. 0. 0. 0. 0. 0. 0. 0. 0. 0. 0. 0.]
 [0. 0. 0. 0. 0. 0. 0. 0. 0. 0. 0. 0. 0. 0. 0. 0. 0. 0. 0. 0. 0. 0. 0. 0.
  0. 0. 0. 0. 0. 0. 0. 0. 0. 0. 0. 0. 0. 0. 0. 0. 0. 0. 0. 0. 0. 0. 0. 0.
  0. 0. 0. 0. 0. 0. 0. 0. 0. 0. 0. 0. 0. 0. 0. 0.]
 [0. 0. 0. 0. 0. 0. 0. 0. 0. 0. 0. 0. 0. 0. 0. 0. 0. 0. 0. 0. 0. 0. 0. 0.
  0. 0. 0. 0. 0. 0. 0. 0. 0. 0. 0. 0. 0. 0. 0. 0. 0. 0. 0. 0. 0. 0. 0. 0.
  0. 0. 0. 0. 0. 0. 0. 0. 0. 0. 0. 0. 0. 0. 0. 0.]
 [0. 0. 0. 0. 0. 0. 0. 0. 0. 0. 0. 0. 0. 0. 0. 0. 0. 0. 0. 0. 0. 0. 0. 0.
  0. 0. 0. 0. 0. 0. 0. 0. 0. 0. 0. 0. 0. 0. 0. 0. 0. 0. 0. 0. 0. 0. 0. 0.
  0. 0. 0. 0. 0. 0. 0. 0. 0. 0. 0. 0. 0. 0. 0. 0.]]
--------------------------------------------------------------------------------

KEY: z
--------------------------------------------------------------------------------
[[0. 0. 0. 0. 0. 0. 0. 0. 0. 0. 0. 0. 0. 0. 0. 0. 0. 0. 0. 0. 0. 0. 0. 0.
  0. 0. 0. 0. 0. 0. 0. 0. 0. 0. 0. 0. 0. 0. 0. 0. 0. 0. 0. 0. 0. 0. 0. 0.
  0. 0. 0. 0. 0. 0. 0. 0. 0. 0. 0. 0. 0. 0. 0. 0.]
 [0. 0. 0. 0. 0. 0. 0. 0. 0. 0. 0. 0. 0. 0. 0. 0. 0. 0. 0. 0. 0. 0. 0. 0.
  0. 0. 0. 0. 0. 0. 0. 0. 0. 0. 0. 0. 0. 0. 0. 0. 0. 0. 0. 0. 0. 0. 0. 0.
  0. 0. 0. 0. 0. 0. 0. 0. 0. 0. 0. 0. 0. 0. 0. 0.]
 [0. 0. 0. 0. 0. 0. 0. 0. 0. 0. 0. 0. 0. 0. 0. 0. 0. 0. 0. 0. 0. 0. 0. 0.
  0. 0. 0. 0. 0. 0. 0. 0. 0. 0. 0. 0. 0. 0. 0. 0. 0. 0. 0. 0. 0. 0. 0. 0.
  0. 0. 0. 0. 0. 0. 0. 0. 0. 0. 0. 0. 0. 0. 0. 0.]
 [0. 0. 0. 0. 0. 0. 0. 0. 0. 0. 0. 0. 0. 0. 0. 0. 0. 0. 0. 0. 0. 0. 0. 0.
  0. 0. 0. 0. 0. 0. 0. 0. 0. 0. 0. 0. 0. 0. 0. 0. 0. 0. 0. 0. 0. 0. 0. 0.
  0. 0. 0. 0. 0. 0. 0. 0. 0. 0. 0. 0. 0. 0. 0. 0.]
 [0. 0. 0. 0. 0. 0. 0. 0. 0. 0. 0. 0. 0. 0. 0. 0. 0. 0. 0. 0. 0. 0. 0. 0.
  0. 0. 0. 0. 0. 0. 0. 0. 0. 0. 0. 0. 0. 0. 0. 0. 0. 0. 0. 0. 0. 0. 0. 0.
  0. 0. 0. 0. 0. 0. 0. 0. 0. 0. 0. 0. 0. 0. 0. 0.]
 [0. 0. 0. 0. 0. 0. 0. 0. 0. 0. 0. 0. 0. 0. 0. 0. 0. 0. 0. 0. 0. 0. 0. 0.
  0. 0. 0. 0. 0. 0. 0. 0. 0. 0. 0. 0. 0. 0. 0. 0. 0. 0. 0. 0. 0. 0. 0. 0.
  0. 0. 0. 0. 0. 0. 0. 0. 0. 0. 0. 0. 0. 0. 0. 0.]
 [0. 0. 0. 0. 0. 0. 0. 0. 0. 0. 0. 0. 0. 0. 0. 0. 0. 0. 0. 0. 0. 0. 0. 0.
  0. 0. 0. 0. 0. 0. 0. 0. 0. 0. 0. 0. 0. 0. 0. 0. 0. 0. 0. 0. 0. 0. 0. 0.
  0. 0. 0. 0. 0. 0. 0. 0. 0. 0. 0. 0. 0. 0. 0. 0.]
 [0. 0. 0. 0. 0. 0. 0. 0. 0. 0. 0. 0. 0. 0. 0. 0. 0. 0. 0. 0. 0. 0. 0. 0.
  0. 0. 0. 0. 0. 0. 0. 0. 0. 0. 0. 0. 0. 0. 0. 0. 0. 0. 0. 0. 0. 0. 0. 0.
  0. 0. 0. 0. 0. 0. 0. 0. 0. 0. 0. 0. 0. 0. 0. 0.]
 [0. 0. 0. 0. 0. 0. 0. 0. 0. 0. 0. 0. 0. 0. 0. 0. 0. 0. 0. 0. 0. 0. 0. 0.
  0. 0. 0. 0. 0. 0. 0. 0. 0. 0. 0. 0. 0. 0. 0. 0. 0. 0. 0. 0. 0. 0. 0. 0.
  0. 0. 0. 0. 0. 0. 0. 0. 0. 0. 0. 0. 0. 0. 0. 0.]
 [0. 0. 0. 0. 0. 0. 0. 0. 0. 0. 0. 0. 0. 0. 0. 0. 0. 0. 0. 0. 0. 0. 0. 0.
  0. 0. 0. 0. 0. 0. 0. 0. 0. 0. 0. 0. 0. 0. 0. 0. 0. 0. 0. 0. 0. 0. 0. 0.
  0. 0. 0. 0. 0. 0. 0. 0. 0. 0. 0. 0. 0. 0. 0. 0.]
 [0. 0. 0. 0. 0. 0. 0. 0. 0. 0. 0. 0. 0. 0. 0. 0. 0. 0. 0. 0. 0. 0. 0. 0.
  0. 0. 0. 0. 0. 0. 0. 0. 0. 0. 0. 0. 0. 0. 0. 0. 0. 0. 0. 0. 0. 0. 0. 0.
  0. 0. 0. 0. 0. 0. 0. 0. 0. 0. 0. 0. 0. 0. 0. 0.]
 [0. 0. 0. 0. 0. 0. 0. 0. 0. 0. 0. 0. 0. 0. 0. 0. 0. 0. 0. 0. 0. 0. 0. 0.
  0. 0. 0. 0. 0. 0. 0. 0. 0. 0. 0. 0. 0. 0. 0. 0. 0. 0. 0. 0. 0. 0. 0. 0.
  0. 0. 0. 0. 0. 0. 0. 0. 0. 0. 0. 0. 0. 0. 0. 0.]]
--------------------------------------------------------------------------------

====================================================================================================
FILE: q_out_Ratecell.npz
====================================================================================================

KEY: key
--------------------------------------------------------------------------------
[        0 603267348]
--------------------------------------------------------------------------------

KEY: zF
--------------------------------------------------------------------------------
[[0. 0. 0. ... 0. 0. 0.]
 [0. 0. 0. ... 0. 0. 0.]
 [0. 0. 0. ... 0. 0. 0.]
 ...
 [0. 0. 0. ... 0. 0. 0.]
 [0. 0. 0. ... 0. 0. 0.]
 [0. 0. 0. ... 0. 0. 0.]]
--------------------------------------------------------------------------------

KEY: j_td
--------------------------------------------------------------------------------
[[0. 0. 0. ... 0. 0. 0.]
 [0. 0. 0. ... 0. 0. 0.]
 [0. 0. 0. ... 0. 0. 0.]
 ...
 [0. 0. 0. ... 0. 0. 0.]
 [0. 0. 0. ... 0. 0. 0.]
 [0. 0. 0. ... 0. 0. 0.]]
--------------------------------------------------------------------------------

KEY: z
--------------------------------------------------------------------------------
[[0. 0. 0. ... 0. 0. 0.]
 [0. 0. 0. ... 0. 0. 0.]
 [0. 0. 0. ... 0. 0. 0.]
 ...
 [0. 0. 0. ... 0. 0. 0.]
 [0. 0. 0. ... 0. 0. 0.]
 [0. 0. 0. ... 0. 0. 0.]]
--------------------------------------------------------------------------------

====================================================================================================
FILE: q_target.npz
====================================================================================================

KEY: key
--------------------------------------------------------------------------------
[        0 603875794]
--------------------------------------------------------------------------------

KEY: zF
--------------------------------------------------------------------------------
[[0. 0. 0. ... 0. 0. 0.]
 [0. 0. 0. ... 0. 0. 0.]
 [0. 0. 0. ... 0. 0. 0.]
 ...
 [0. 0. 0. ... 0. 0. 0.]
 [0. 0. 0. ... 0. 0. 0.]
 [0. 0. 0. ... 0. 0. 0.]]
--------------------------------------------------------------------------------

KEY: j_td
--------------------------------------------------------------------------------
[[0. 0. 0. ... 0. 0. 0.]
 [0. 0. 0. ... 0. 0. 0.]
 [0. 0. 0. ... 0. 0. 0.]
 ...
 [0. 0. 0. ... 0. 0. 0.]
 [0. 0. 0. ... 0. 0. 0.]
 [0. 0. 0. ... 0. 0. 0.]]
--------------------------------------------------------------------------------

KEY: z
--------------------------------------------------------------------------------
[[0. 0. 0. ... 0. 0. 0.]
 [0. 0. 0. ... 0. 0. 0.]
 [0. 0. 0. ... 0. 0. 0.]
 ...
 [0. 0. 0. ... 0. 0. 0.]
 [0. 0. 0. ... 0. 0. 0.]
 [0. 0. 0. ... 0. 0. 0.]]
--------------------------------------------------------------------------------

====================================================================================================
FILE: reshape_2d_to_3d_embed.npz
====================================================================================================

KEY: key
--------------------------------------------------------------------------------
[        0 795794477]
--------------------------------------------------------------------------------

KEY: outputs
--------------------------------------------------------------------------------
[[[ 9.53627750e-06 -3.11097247e-05 -1.63242221e-05 ...  3.82792205e-05
    3.69176269e-05 -7.23078847e-06]
  [ 3.74764204e-06 -1.24201179e-05 -7.35744834e-06 ...  2.04313546e-05
    2.33463943e-05 -7.51204789e-06]
  [ 1.35926530e-06 -5.57237945e-06 -5.45382500e-06 ...  1.20582990e-05
    2.16364861e-05 -6.98864460e-06]
  ...
  [-1.47614628e-07  8.67992640e-07 -9.87201929e-07 ...  1.19581819e-06
    3.21306288e-07  9.90927219e-07]
  [ 1.01281330e-07 -4.76837158e-07 -3.70666385e-07 ... -1.30012631e-06
    5.08502126e-07  3.61353159e-07]
  [ 5.86733222e-07 -1.35507435e-07 -1.86730176e-07 ... -6.87316060e-07
    1.95950270e-06  4.37721610e-07]]

 [[-2.67289579e-05  2.73287296e-05 -1.64601952e-05 ... -1.80583447e-06
   -2.96346843e-06  6.20465726e-05]
  [-1.68392435e-05  1.64508820e-05 -1.92262232e-05 ...  1.45286322e-07
   -2.95601785e-06  3.76179814e-05]
  [-1.47568062e-05  1.10547990e-05 -1.43244397e-05 ... -1.47335231e-06
   -2.42702663e-06  2.68332660e-05]
  ...
  [ 1.57207251e-06  5.38304448e-07 -2.65985727e-06 ... -1.94180757e-07
   -2.27242708e-07  8.27014446e-07]
  [ 4.37721610e-07  1.09896064e-07  1.03935599e-06 ... -6.44475222e-07
   -3.63215804e-08 -7.00354576e-07]
  [-5.68106771e-07  3.39001417e-07 -1.38301402e-07 ...  1.19209290e-07
   -4.99188900e-07 -7.11530447e-07]]

 [[ 8.73580575e-07  1.33570284e-05  2.00420618e-06 ...  2.94074416e-05
    1.60178170e-05  1.14785507e-06]
  [ 4.27477062e-06  1.15130097e-05 -5.65499067e-06 ...  2.16793269e-05
    8.18073750e-06  2.45869160e-06]
  [ 3.12947668e-06  9.08039510e-06 -4.27477062e-06 ...  1.52322464e-05
    6.71111047e-06  7.52508640e-07]
  ...
  [ 1.19209290e-06 -1.21071935e-07 -6.51925802e-07 ... -4.13507223e-07
   -5.55068254e-07  2.02562660e-07]
  [ 4.75556590e-08 -1.12690032e-07 -1.09896064e-06 ... -8.67992640e-07
    1.91386789e-07  4.84287739e-08]
  [ 1.79745257e-07  2.65426934e-07 -9.90927219e-07 ... -8.75443220e-08
   -1.30385160e-07 -4.60073352e-07]]

 ...

 [[ 3.42428684e-05  3.18307430e-05  1.44354999e-05 ... -1.43912621e-05
    2.32043676e-05 -1.45658851e-06]
  [ 1.88378617e-05  2.62055546e-05  2.66591087e-06 ... -8.18818808e-06
    1.52103603e-05  7.43754208e-06]
  [ 1.16181327e-05  2.19671056e-05 -6.70552254e-07 ... -7.06035644e-06
    1.39446929e-05  8.15838575e-06]
  ...
  [-9.63918865e-08  1.19954348e-06 -1.19954348e-06 ...  9.49949026e-07
    5.15021384e-07  4.63798642e-07]
  [ 4.30271029e-07 -3.44589353e-07  2.35624611e-07 ... -8.67992640e-07
    8.79168510e-07 -1.14366412e-06]
  [ 4.02331352e-07 -1.56462193e-07  4.00468707e-07 ...  3.09199095e-07
    6.48200512e-07 -1.64844096e-07]]

 [[-3.38284299e-05 -1.44541264e-06  5.13941050e-05 ... -2.44122930e-05
    1.96304172e-05  3.86498868e-07]
  [-2.07982957e-05  5.89340925e-06  2.75876373e-05 ... -1.24461949e-05
    1.50464475e-05 -8.06525350e-07]
  [-1.67852268e-05  3.50363553e-06  2.21692026e-05 ... -1.22440979e-05
    1.06217340e-05 -3.04728746e-06]
  ...
  [ 1.28895044e-06  9.64850187e-07 -1.37090683e-06 ...  8.97794962e-07
    1.63505320e-07  6.09084964e-07]
  [-3.06405127e-07 -5.64381480e-07  7.97212124e-07 ... -1.89244747e-06
   -3.44589353e-07 -1.16229057e-06]
  [ 6.68689609e-07  1.70897692e-07 -2.88709998e-07 ... -8.71717930e-07
    4.07919288e-07 -9.68575478e-07]]

 [[-1.78813934e-05  1.33886933e-05  4.23286110e-06 ... -2.60267407e-05
    1.90241262e-05  7.32205808e-06]
  [-1.19209290e-05  3.97861004e-06 -2.27196142e-06 ... -1.30240805e-05
    1.19311735e-05  5.40539622e-06]
  [-9.96142626e-06  1.43377110e-06 -4.44706529e-06 ... -1.06468797e-05
    6.51297159e-06  3.59397382e-06]
  ...
  [-2.62632966e-07  8.49366188e-07 -2.04890966e-06 ...  2.20723450e-07
    3.28756869e-07  7.78585672e-07]
  [-3.37138772e-07  4.58210707e-07 -7.05942512e-07 ... -8.75443220e-07
    5.36441803e-07 -3.94880772e-07]
  [-1.49011612e-08  7.03148544e-08 -3.81842256e-07 ... -3.23168933e-07
    5.83007932e-07 -3.87430191e-07]]]
--------------------------------------------------------------------------------

====================================================================================================
FILE: reshape_3d_to_2d_embed.npz
====================================================================================================

KEY: key
--------------------------------------------------------------------------------
[        0 794899227]
--------------------------------------------------------------------------------

KEY: outputs
--------------------------------------------------------------------------------
[[ 2.59087369e-06 -9.72601538e-06 -7.73726697e-06 ...  1.33835965e-05
   1.41133451e-05 -4.95476206e-06]
 [ 9.56440658e-07 -3.93883283e-06 -4.23039410e-06 ...  7.03713522e-06
   9.31712748e-06 -3.59469072e-06]
 [ 3.36088277e-07 -2.15180921e-06 -3.12335601e-06 ...  4.42623195e-06
   7.38832796e-06 -2.71495855e-06]
 ...
 [-3.71315756e-09 -1.62164593e-08 -1.26700721e-08 ... -1.00415765e-08
   1.71741181e-08  2.18168172e-09]
 [-2.41136489e-09 -1.05072813e-08 -8.27383673e-09 ... -6.84440726e-09
   1.13276108e-08  1.51584467e-09]
 [-1.16437626e-09 -5.17580911e-09 -3.99416766e-09 ... -3.46828610e-09
   5.68704861e-09  8.29924407e-10]]
--------------------------------------------------------------------------------

====================================================================================================
FILE: reshape_3d_to_2d_proj.npz
====================================================================================================

KEY: key
--------------------------------------------------------------------------------
[        0 787437755]
--------------------------------------------------------------------------------

KEY: outputs
--------------------------------------------------------------------------------
[[0. 0. 0. ... 0. 0. 0.]
 [0. 0. 0. ... 0. 0. 0.]
 [0. 0. 0. ... 0. 0. 0.]
 ...
 [0. 0. 0. ... 0. 0. 0.]
 [0. 0. 0. ... 0. 0. 0.]
 [0. 0. 0. ... 0. 0. 0.]]
--------------------------------------------------------------------------------

====================================================================================================
FILE: reshape_4d_to_2d.npz
====================================================================================================

KEY: key
--------------------------------------------------------------------------------
[        0 788331242]
--------------------------------------------------------------------------------

KEY: inputs
--------------------------------------------------------------------------------
[[[[0.]
   [0.]
   [0.]
   ...
   [0.]
   [0.]
   [0.]]

  [[0.]
   [0.]
   [0.]
   ...
   [0.]
   [0.]
   [0.]]

  [[0.]
   [0.]
   [0.]
   ...
   [0.]
   [0.]
   [0.]]

  ...

  [[0.]
   [0.]
   [0.]
   ...
   [0.]
   [0.]
   [0.]]

  [[0.]
   [0.]
   [0.]
   ...
   [0.]
   [0.]
   [0.]]

  [[0.]
   [0.]
   [0.]
   ...
   [0.]
   [0.]
   [0.]]]


 [[[0.]
   [0.]
   [0.]
   ...
   [0.]
   [0.]
   [0.]]

  [[0.]
   [0.]
   [0.]
   ...
   [0.]
   [0.]
   [0.]]

  [[0.]
   [0.]
   [0.]
   ...
   [0.]
   [0.]
   [0.]]

  ...

  [[0.]
   [0.]
   [0.]
   ...
   [0.]
   [0.]
   [0.]]

  [[0.]
   [0.]
   [0.]
   ...
   [0.]
   [0.]
   [0.]]

  [[0.]
   [0.]
   [0.]
   ...
   [0.]
   [0.]
   [0.]]]


 [[[0.]
   [0.]
   [0.]
   ...
   [0.]
   [0.]
   [0.]]

  [[0.]
   [0.]
   [0.]
   ...
   [0.]
   [0.]
   [0.]]

  [[0.]
   [0.]
   [0.]
   ...
   [0.]
   [0.]
   [0.]]

  ...

  [[0.]
   [0.]
   [0.]
   ...
   [0.]
   [0.]
   [0.]]

  [[0.]
   [0.]
   [0.]
   ...
   [0.]
   [0.]
   [0.]]

  [[0.]
   [0.]
   [0.]
   ...
   [0.]
   [0.]
   [0.]]]


 ...


 [[[0.]
   [0.]
   [0.]
   ...
   [0.]
   [0.]
   [0.]]

  [[0.]
   [0.]
   [0.]
   ...
   [0.]
   [0.]
   [0.]]

  [[0.]
   [0.]
   [0.]
   ...
   [0.]
   [0.]
   [0.]]

  ...

  [[0.]
   [0.]
   [0.]
   ...
   [0.]
   [0.]
   [0.]]

  [[0.]
   [0.]
   [0.]
   ...
   [0.]
   [0.]
   [0.]]

  [[0.]
   [0.]
   [0.]
   ...
   [0.]
   [0.]
   [0.]]]


 [[[0.]
   [0.]
   [0.]
   ...
   [0.]
   [0.]
   [0.]]

  [[0.]
   [0.]
   [0.]
   ...
   [0.]
   [0.]
   [0.]]

  [[0.]
   [0.]
   [0.]
   ...
   [0.]
   [0.]
   [0.]]

  ...

  [[0.]
   [0.]
   [0.]
   ...
   [0.]
   [0.]
   [0.]]

  [[0.]
   [0.]
   [0.]
   ...
   [0.]
   [0.]
   [0.]]

  [[0.]
   [0.]
   [0.]
   ...
   [0.]
   [0.]
   [0.]]]


 [[[0.]
   [0.]
   [0.]
   ...
   [0.]
   [0.]
   [0.]]

  [[0.]
   [0.]
   [0.]
   ...
   [0.]
   [0.]
   [0.]]

  [[0.]
   [0.]
   [0.]
   ...
   [0.]
   [0.]
   [0.]]

  ...

  [[0.]
   [0.]
   [0.]
   ...
   [0.]
   [0.]
   [0.]]

  [[0.]
   [0.]
   [0.]
   ...
   [0.]
   [0.]
   [0.]]

  [[0.]
   [0.]
   [0.]
   ...
   [0.]
   [0.]
   [0.]]]]
--------------------------------------------------------------------------------

KEY: outputs
--------------------------------------------------------------------------------
[[0. 0. 0. ... 0. 0. 0.]
 [0. 0. 0. ... 0. 0. 0.]
 [0. 0. 0. ... 0. 0. 0.]
 ...
 [0. 0. 0. ... 0. 0. 0.]
 [0. 0. 0. ... 0. 0. 0.]
 [0. 0. 0. ... 0. 0. 0.]]
--------------------------------------------------------------------------------

====================================================================================================
FILE: z_actfx.npz
====================================================================================================

KEY: key
--------------------------------------------------------------------------------
[        0 556165004]
--------------------------------------------------------------------------------

KEY: zF
--------------------------------------------------------------------------------
[[5.0995232e-06 5.1030011e-06 5.0963431e-06 ... 5.0980011e-06
  5.0993872e-06 5.0998924e-06]
 [5.1441516e-06 5.0999543e-06 5.0953208e-06 ... 5.0872950e-06
  5.0955155e-06 5.1186548e-06]
 [5.0987742e-06 5.1011866e-06 5.0983413e-06 ... 5.0959693e-06
  5.0998246e-06 5.1007246e-06]
 ...
 [5.1104389e-06 5.0875160e-06 5.1108727e-06 ... 5.1018783e-06
  5.0953331e-06 5.0801805e-06]
 [5.1037196e-06 5.1030424e-06 5.0983526e-06 ... 5.0945187e-06
  5.0944359e-06 5.1011302e-06]
 [5.1625966e-06 4.9805840e-06 5.0861563e-06 ... 5.0870585e-06
  5.0674671e-06 5.1253437e-06]]
--------------------------------------------------------------------------------

KEY: j_td
--------------------------------------------------------------------------------
[[0. 0. 0. ... 0. 0. 0.]
 [0. 0. 0. ... 0. 0. 0.]
 [0. 0. 0. ... 0. 0. 0.]
 ...
 [0. 0. 0. ... 0. 0. 0.]
 [0. 0. 0. ... 0. 0. 0.]
 [0. 0. 0. ... 0. 0. 0.]]
--------------------------------------------------------------------------------

KEY: z
--------------------------------------------------------------------------------
[[-3.665034  -3.6643522 -3.6656582 ... -3.6653328 -3.6650608 -3.6649623]
 [-3.6567874 -3.6654167 -3.6663253 ... -3.6679018 -3.6662877 -3.661757 ]
 [-3.6653233 -3.6648505 -3.665408  ... -3.6658735 -3.6651168 -3.6649406]
 ...
 [-3.6633418 -3.6678376 -3.6632566 ... -3.6650186 -3.6663015 -3.66928  ]
 [-3.6644378 -3.664571  -3.66549   ... -3.666243  -3.6662588 -3.664946 ]
 [-3.66077   -3.696662  -3.6756864 ... -3.6755092 -3.6793683 -3.6680117]]
--------------------------------------------------------------------------------

====================================================================================================
FILE: z_embed.npz
====================================================================================================

KEY: key
--------------------------------------------------------------------------------
[         0 3966902138]
--------------------------------------------------------------------------------

KEY: j
--------------------------------------------------------------------------------
[[   82   210   188   158   135   420   743    14  1153    12   683     8
    273    81    95   144  1531   104  1261    85     8  1362    85   377
    538   271  2118     7    59   716    14   957    12   311     8   253
     13   178   395    23   149   118    84   308   793     8   170   167
    104  4696   102    41  7165   825   299    74    72   431   102  4638
   4690    10   616    12]
 [  683     8   253     8    72   821     7    59   102    81    13   273
    181   219   189    10  1310    12  2244     8   630   118  2548    82
    526  7257    13   120   273    93    95   246   278  1269    43  1549
      7  3402    10   616    12   683     8  2642    85   146    91    81
     70  3232    12   170  4715   716  1000    85  6726   102  1066   332
   3481   243   135  3283]
 [   91  5027     8   120   174   113  2067   181    82   424   168  4054
     72  4064  1273   821    95  1827    12   170  4618   270    74  1257
     83   113   591    10   957    12   360    93    95   144     8   253
      8   118    85   158    72   168  1990  4327   139   135    83    81
   5555    72   583     8   120   221    85  1350    72   625    83   149
    146  6588     8    15]
 [  460  3954    72  4064     8   638    72  4618  1257   247   123  3283
      8   964  2532   194    95    82   140   181   819   113   144  9671
     95    82    95  6523    10  1153    12   683     8    85   269   248
     83   248    85   149  4895    13   120   979    85   149  3167    82
     95    41  4541     8   318   322     8   104   116   149     8 10556
    146  1046     8   187]
 [ 1000   116   135   583  9976  4355    10   957    12   683     8    23
    194   113    95  6442    12    70  1733  4031     8  2841  1202   116
    293 10777   146  4058     8   120  9455   960  3440    82   123  1278
      7  2688     8   120   149   104  4706   149    70   798     8 10510
   7897     8   178  2129    83  2282   104   680    10  1235    12    29
   3708  3124     4 10730]
 [    8   273     7    59    95   719    10  1153    12   170  3124     7
     59   220  1112    83    95    93   144     8  1918     8    23   194
     95   129  2591  9366    10  2119    12   851  1273     8   983    81
    113     8   565   983  1325     8   187   315    41  3378   972    83
     41  2154    91    81    13   207    23  3458    12   178   102   420
    431  1385    63   681]
 [    8   789  6366    98   921     8    23     7    80  6430   250   475
    631     8  2244     8   135    98  6573     8    82    98 10894    13
    535   210    85   174  1208    81   174    23   149     8   447   248
     23   261    98  1619    82    98  7996    10  1041    12   404   135
    163  5027     8   160    23  1493   190     8   422  2054   130  4552
    769    12   271   130]
 [ 7147   113    10  2119    12  3462    81     8  1273     8    91   135
     72   364  2590    23   512   377  3416   118  3831   723   389    23
    827  4383   246   278   424   431    10  1041    12    27  3408     8
    130  2538    10   491     7    60   113  2197    14  2119    12   360
     85  3465   141     8  1273     8   160    23  1105    23     7    80
   3134   102    85   631]
 [    8   178    85   194   140   141    10  1041    12    29   270     8
   3414     8    85  4383  5300   246    12   318   174   140  2424    82
    791    85   476    10  2119    12   491    93   102   141    85   149
   2775    81   144    14   737   270    85   951     8    83   172    23
    248  3009   318   140   178   951   110   124    81   135   146  1002
     12    23  2190     8]
 [ 1273  1241     8   150  4884    98   921    10  1041    12   360   118
     95   951     8   270   135    72   583   234   144    10  1170    12
    402     8   351   172     8  5415     4  2273  3875   146  7185    14
   1847     8   497  2391    10  2736  3057     4   240  4330    10   290
   5746   163  6816    13  4998   113   124   181    10   247   931     8
    130  1830    94    91]
 [   41  5487  1494     8   402  1075   130   983   181   118   343   175
      7    69   983   190    14   582   343   240  2158   190   124    41
   2117   358    14  1041    12  1066  3044   547  4018    81     8    83
     23     7    80    95  4071    10  1170    12   233     8    70    98
   1387    14  1847     8   857   190    70    10  1041    12   233     8
    174    85   113  1846]
 [   81    14   737     8   172    23   271   670    74   129  4319     8
    240   322   140    41   869    13    23   322  2593  3738     9  1401
     78   181  3508   345   120   102   129   259    82   181  1653  9471
     70  1688    10  5696   113    82    81    12    23   174   219  1368
     83  1032  1701    23   260   839  3055    91  1612    10  1170    12
   1283   538  1046   642]]
--------------------------------------------------------------------------------

KEY: zF
--------------------------------------------------------------------------------
[[8.2000e+01 2.1000e+02 1.8800e+02 1.5800e+02 1.3500e+02 4.2000e+02
  7.4300e+02 1.4000e+01 1.1530e+03 1.2000e+01 6.8300e+02 8.0000e+00
  2.7300e+02 8.1000e+01 9.5000e+01 1.4400e+02 1.5310e+03 1.0400e+02
  1.2610e+03 8.5000e+01 8.0000e+00 1.3620e+03 8.5000e+01 3.7700e+02
  5.3800e+02 2.7100e+02 2.1180e+03 7.0000e+00 5.9000e+01 7.1600e+02
  1.4000e+01 9.5700e+02 1.2000e+01 3.1100e+02 8.0000e+00 2.5300e+02
  1.3000e+01 1.7800e+02 3.9500e+02 2.3000e+01 1.4900e+02 1.1800e+02
  8.4000e+01 3.0800e+02 7.9300e+02 8.0000e+00 1.7000e+02 1.6700e+02
  1.0400e+02 4.6960e+03 1.0200e+02 4.1000e+01 7.1650e+03 8.2500e+02
  2.9900e+02 7.4000e+01 7.2000e+01 4.3100e+02 1.0200e+02 4.6380e+03
  4.6900e+03 1.0000e+01 6.1600e+02 1.2000e+01]
 [6.8300e+02 8.0000e+00 2.5300e+02 8.0000e+00 7.2000e+01 8.2100e+02
  7.0000e+00 5.9000e+01 1.0200e+02 8.1000e+01 1.3000e+01 2.7300e+02
  1.8100e+02 2.1900e+02 1.8900e+02 1.0000e+01 1.3100e+03 1.2000e+01
  2.2440e+03 8.0000e+00 6.3000e+02 1.1800e+02 2.5480e+03 8.2000e+01
  5.2600e+02 7.2570e+03 1.3000e+01 1.2000e+02 2.7300e+02 9.3000e+01
  9.5000e+01 2.4600e+02 2.7800e+02 1.2690e+03 4.3000e+01 1.5490e+03
  7.0000e+00 3.4020e+03 1.0000e+01 6.1600e+02 1.2000e+01 6.8300e+02
  8.0000e+00 2.6420e+03 8.5000e+01 1.4600e+02 9.1000e+01 8.1000e+01
  7.0000e+01 3.2320e+03 1.2000e+01 1.7000e+02 4.7150e+03 7.1600e+02
  1.0000e+03 8.5000e+01 6.7260e+03 1.0200e+02 1.0660e+03 3.3200e+02
  3.4810e+03 2.4300e+02 1.3500e+02 3.2830e+03]
 [9.1000e+01 5.0270e+03 8.0000e+00 1.2000e+02 1.7400e+02 1.1300e+02
  2.0670e+03 1.8100e+02 8.2000e+01 4.2400e+02 1.6800e+02 4.0540e+03
  7.2000e+01 4.0640e+03 1.2730e+03 8.2100e+02 9.5000e+01 1.8270e+03
  1.2000e+01 1.7000e+02 4.6180e+03 2.7000e+02 7.4000e+01 1.2570e+03
  8.3000e+01 1.1300e+02 5.9100e+02 1.0000e+01 9.5700e+02 1.2000e+01
  3.6000e+02 9.3000e+01 9.5000e+01 1.4400e+02 8.0000e+00 2.5300e+02
  8.0000e+00 1.1800e+02 8.5000e+01 1.5800e+02 7.2000e+01 1.6800e+02
  1.9900e+03 4.3270e+03 1.3900e+02 1.3500e+02 8.3000e+01 8.1000e+01
  5.5550e+03 7.2000e+01 5.8300e+02 8.0000e+00 1.2000e+02 2.2100e+02
  8.5000e+01 1.3500e+03 7.2000e+01 6.2500e+02 8.3000e+01 1.4900e+02
  1.4600e+02 6.5880e+03 8.0000e+00 1.5000e+01]
 [4.6000e+02 3.9540e+03 7.2000e+01 4.0640e+03 8.0000e+00 6.3800e+02
  7.2000e+01 4.6180e+03 1.2570e+03 2.4700e+02 1.2300e+02 3.2830e+03
  8.0000e+00 9.6400e+02 2.5320e+03 1.9400e+02 9.5000e+01 8.2000e+01
  1.4000e+02 1.8100e+02 8.1900e+02 1.1300e+02 1.4400e+02 9.6710e+03
  9.5000e+01 8.2000e+01 9.5000e+01 6.5230e+03 1.0000e+01 1.1530e+03
  1.2000e+01 6.8300e+02 8.0000e+00 8.5000e+01 2.6900e+02 2.4800e+02
  8.3000e+01 2.4800e+02 8.5000e+01 1.4900e+02 4.8950e+03 1.3000e+01
  1.2000e+02 9.7900e+02 8.5000e+01 1.4900e+02 3.1670e+03 8.2000e+01
  9.5000e+01 4.1000e+01 4.5410e+03 8.0000e+00 3.1800e+02 3.2200e+02
  8.0000e+00 1.0400e+02 1.1600e+02 1.4900e+02 8.0000e+00 1.0556e+04
  1.4600e+02 1.0460e+03 8.0000e+00 1.8700e+02]
 [1.0000e+03 1.1600e+02 1.3500e+02 5.8300e+02 9.9760e+03 4.3550e+03
  1.0000e+01 9.5700e+02 1.2000e+01 6.8300e+02 8.0000e+00 2.3000e+01
  1.9400e+02 1.1300e+02 9.5000e+01 6.4420e+03 1.2000e+01 7.0000e+01
  1.7330e+03 4.0310e+03 8.0000e+00 2.8410e+03 1.2020e+03 1.1600e+02
  2.9300e+02 1.0777e+04 1.4600e+02 4.0580e+03 8.0000e+00 1.2000e+02
  9.4550e+03 9.6000e+02 3.4400e+03 8.2000e+01 1.2300e+02 1.2780e+03
  7.0000e+00 2.6880e+03 8.0000e+00 1.2000e+02 1.4900e+02 1.0400e+02
  4.7060e+03 1.4900e+02 7.0000e+01 7.9800e+02 8.0000e+00 1.0510e+04
  7.8970e+03 8.0000e+00 1.7800e+02 2.1290e+03 8.3000e+01 2.2820e+03
  1.0400e+02 6.8000e+02 1.0000e+01 1.2350e+03 1.2000e+01 2.9000e+01
  3.7080e+03 3.1240e+03 4.0000e+00 1.0730e+04]
 [8.0000e+00 2.7300e+02 7.0000e+00 5.9000e+01 9.5000e+01 7.1900e+02
  1.0000e+01 1.1530e+03 1.2000e+01 1.7000e+02 3.1240e+03 7.0000e+00
  5.9000e+01 2.2000e+02 1.1120e+03 8.3000e+01 9.5000e+01 9.3000e+01
  1.4400e+02 8.0000e+00 1.9180e+03 8.0000e+00 2.3000e+01 1.9400e+02
  9.5000e+01 1.2900e+02 2.5910e+03 9.3660e+03 1.0000e+01 2.1190e+03
  1.2000e+01 8.5100e+02 1.2730e+03 8.0000e+00 9.8300e+02 8.1000e+01
  1.1300e+02 8.0000e+00 5.6500e+02 9.8300e+02 1.3250e+03 8.0000e+00
  1.8700e+02 3.1500e+02 4.1000e+01 3.3780e+03 9.7200e+02 8.3000e+01
  4.1000e+01 2.1540e+03 9.1000e+01 8.1000e+01 1.3000e+01 2.0700e+02
  2.3000e+01 3.4580e+03 1.2000e+01 1.7800e+02 1.0200e+02 4.2000e+02
  4.3100e+02 1.3850e+03 6.3000e+01 6.8100e+02]
 [8.0000e+00 7.8900e+02 6.3660e+03 9.8000e+01 9.2100e+02 8.0000e+00
  2.3000e+01 7.0000e+00 8.0000e+01 6.4300e+03 2.5000e+02 4.7500e+02
  6.3100e+02 8.0000e+00 2.2440e+03 8.0000e+00 1.3500e+02 9.8000e+01
  6.5730e+03 8.0000e+00 8.2000e+01 9.8000e+01 1.0894e+04 1.3000e+01
  5.3500e+02 2.1000e+02 8.5000e+01 1.7400e+02 1.2080e+03 8.1000e+01
  1.7400e+02 2.3000e+01 1.4900e+02 8.0000e+00 4.4700e+02 2.4800e+02
  2.3000e+01 2.6100e+02 9.8000e+01 1.6190e+03 8.2000e+01 9.8000e+01
  7.9960e+03 1.0000e+01 1.0410e+03 1.2000e+01 4.0400e+02 1.3500e+02
  1.6300e+02 5.0270e+03 8.0000e+00 1.6000e+02 2.3000e+01 1.4930e+03
  1.9000e+02 8.0000e+00 4.2200e+02 2.0540e+03 1.3000e+02 4.5520e+03
  7.6900e+02 1.2000e+01 2.7100e+02 1.3000e+02]
 [7.1470e+03 1.1300e+02 1.0000e+01 2.1190e+03 1.2000e+01 3.4620e+03
  8.1000e+01 8.0000e+00 1.2730e+03 8.0000e+00 9.1000e+01 1.3500e+02
  7.2000e+01 3.6400e+02 2.5900e+03 2.3000e+01 5.1200e+02 3.7700e+02
  3.4160e+03 1.1800e+02 3.8310e+03 7.2300e+02 3.8900e+02 2.3000e+01
  8.2700e+02 4.3830e+03 2.4600e+02 2.7800e+02 4.2400e+02 4.3100e+02
  1.0000e+01 1.0410e+03 1.2000e+01 2.7000e+01 3.4080e+03 8.0000e+00
  1.3000e+02 2.5380e+03 1.0000e+01 4.9100e+02 7.0000e+00 6.0000e+01
  1.1300e+02 2.1970e+03 1.4000e+01 2.1190e+03 1.2000e+01 3.6000e+02
  8.5000e+01 3.4650e+03 1.4100e+02 8.0000e+00 1.2730e+03 8.0000e+00
  1.6000e+02 2.3000e+01 1.1050e+03 2.3000e+01 7.0000e+00 8.0000e+01
  3.1340e+03 1.0200e+02 8.5000e+01 6.3100e+02]
 [8.0000e+00 1.7800e+02 8.5000e+01 1.9400e+02 1.4000e+02 1.4100e+02
  1.0000e+01 1.0410e+03 1.2000e+01 2.9000e+01 2.7000e+02 8.0000e+00
  3.4140e+03 8.0000e+00 8.5000e+01 4.3830e+03 5.3000e+03 2.4600e+02
  1.2000e+01 3.1800e+02 1.7400e+02 1.4000e+02 2.4240e+03 8.2000e+01
  7.9100e+02 8.5000e+01 4.7600e+02 1.0000e+01 2.1190e+03 1.2000e+01
  4.9100e+02 9.3000e+01 1.0200e+02 1.4100e+02 8.5000e+01 1.4900e+02
  2.7750e+03 8.1000e+01 1.4400e+02 1.4000e+01 7.3700e+02 2.7000e+02
  8.5000e+01 9.5100e+02 8.0000e+00 8.3000e+01 1.7200e+02 2.3000e+01
  2.4800e+02 3.0090e+03 3.1800e+02 1.4000e+02 1.7800e+02 9.5100e+02
  1.1000e+02 1.2400e+02 8.1000e+01 1.3500e+02 1.4600e+02 1.0020e+03
  1.2000e+01 2.3000e+01 2.1900e+03 8.0000e+00]
 [1.2730e+03 1.2410e+03 8.0000e+00 1.5000e+02 4.8840e+03 9.8000e+01
  9.2100e+02 1.0000e+01 1.0410e+03 1.2000e+01 3.6000e+02 1.1800e+02
  9.5000e+01 9.5100e+02 8.0000e+00 2.7000e+02 1.3500e+02 7.2000e+01
  5.8300e+02 2.3400e+02 1.4400e+02 1.0000e+01 1.1700e+03 1.2000e+01
  4.0200e+02 8.0000e+00 3.5100e+02 1.7200e+02 8.0000e+00 5.4150e+03
  4.0000e+00 2.2730e+03 3.8750e+03 1.4600e+02 7.1850e+03 1.4000e+01
  1.8470e+03 8.0000e+00 4.9700e+02 2.3910e+03 1.0000e+01 2.7360e+03
  3.0570e+03 4.0000e+00 2.4000e+02 4.3300e+03 1.0000e+01 2.9000e+02
  5.7460e+03 1.6300e+02 6.8160e+03 1.3000e+01 4.9980e+03 1.1300e+02
  1.2400e+02 1.8100e+02 1.0000e+01 2.4700e+02 9.3100e+02 8.0000e+00
  1.3000e+02 1.8300e+03 9.4000e+01 9.1000e+01]
 [4.1000e+01 5.4870e+03 1.4940e+03 8.0000e+00 4.0200e+02 1.0750e+03
  1.3000e+02 9.8300e+02 1.8100e+02 1.1800e+02 3.4300e+02 1.7500e+02
  7.0000e+00 6.9000e+01 9.8300e+02 1.9000e+02 1.4000e+01 5.8200e+02
  3.4300e+02 2.4000e+02 2.1580e+03 1.9000e+02 1.2400e+02 4.1000e+01
  2.1170e+03 3.5800e+02 1.4000e+01 1.0410e+03 1.2000e+01 1.0660e+03
  3.0440e+03 5.4700e+02 4.0180e+03 8.1000e+01 8.0000e+00 8.3000e+01
  2.3000e+01 7.0000e+00 8.0000e+01 9.5000e+01 4.0710e+03 1.0000e+01
  1.1700e+03 1.2000e+01 2.3300e+02 8.0000e+00 7.0000e+01 9.8000e+01
  1.3870e+03 1.4000e+01 1.8470e+03 8.0000e+00 8.5700e+02 1.9000e+02
  7.0000e+01 1.0000e+01 1.0410e+03 1.2000e+01 2.3300e+02 8.0000e+00
  1.7400e+02 8.5000e+01 1.1300e+02 1.8460e+03]
 [8.1000e+01 1.4000e+01 7.3700e+02 8.0000e+00 1.7200e+02 2.3000e+01
  2.7100e+02 6.7000e+02 7.4000e+01 1.2900e+02 4.3190e+03 8.0000e+00
  2.4000e+02 3.2200e+02 1.4000e+02 4.1000e+01 8.6900e+02 1.3000e+01
  2.3000e+01 3.2200e+02 2.5930e+03 3.7380e+03 9.0000e+00 1.4010e+03
  7.8000e+01 1.8100e+02 3.5080e+03 3.4500e+02 1.2000e+02 1.0200e+02
  1.2900e+02 2.5900e+02 8.2000e+01 1.8100e+02 1.6530e+03 9.4710e+03
  7.0000e+01 1.6880e+03 1.0000e+01 5.6960e+03 1.1300e+02 8.2000e+01
  8.1000e+01 1.2000e+01 2.3000e+01 1.7400e+02 2.1900e+02 1.3680e+03
  8.3000e+01 1.0320e+03 1.7010e+03 2.3000e+01 2.6000e+02 8.3900e+02
  3.0550e+03 9.1000e+01 1.6120e+03 1.0000e+01 1.1700e+03 1.2000e+01
  1.2830e+03 5.3800e+02 1.0460e+03 6.4200e+02]]
--------------------------------------------------------------------------------

KEY: j_td
--------------------------------------------------------------------------------
[[0. 0. 0. 0. 0. 0. 0. 0. 0. 0. 0. 0. 0. 0. 0. 0. 0. 0. 0. 0. 0. 0. 0. 0.
  0. 0. 0. 0. 0. 0. 0. 0. 0. 0. 0. 0. 0. 0. 0. 0. 0. 0. 0. 0. 0. 0. 0. 0.
  0. 0. 0. 0. 0. 0. 0. 0. 0. 0. 0. 0. 0. 0. 0. 0.]
 [0. 0. 0. 0. 0. 0. 0. 0. 0. 0. 0. 0. 0. 0. 0. 0. 0. 0. 0. 0. 0. 0. 0. 0.
  0. 0. 0. 0. 0. 0. 0. 0. 0. 0. 0. 0. 0. 0. 0. 0. 0. 0. 0. 0. 0. 0. 0. 0.
  0. 0. 0. 0. 0. 0. 0. 0. 0. 0. 0. 0. 0. 0. 0. 0.]
 [0. 0. 0. 0. 0. 0. 0. 0. 0. 0. 0. 0. 0. 0. 0. 0. 0. 0. 0. 0. 0. 0. 0. 0.
  0. 0. 0. 0. 0. 0. 0. 0. 0. 0. 0. 0. 0. 0. 0. 0. 0. 0. 0. 0. 0. 0. 0. 0.
  0. 0. 0. 0. 0. 0. 0. 0. 0. 0. 0. 0. 0. 0. 0. 0.]
 [0. 0. 0. 0. 0. 0. 0. 0. 0. 0. 0. 0. 0. 0. 0. 0. 0. 0. 0. 0. 0. 0. 0. 0.
  0. 0. 0. 0. 0. 0. 0. 0. 0. 0. 0. 0. 0. 0. 0. 0. 0. 0. 0. 0. 0. 0. 0. 0.
  0. 0. 0. 0. 0. 0. 0. 0. 0. 0. 0. 0. 0. 0. 0. 0.]
 [0. 0. 0. 0. 0. 0. 0. 0. 0. 0. 0. 0. 0. 0. 0. 0. 0. 0. 0. 0. 0. 0. 0. 0.
  0. 0. 0. 0. 0. 0. 0. 0. 0. 0. 0. 0. 0. 0. 0. 0. 0. 0. 0. 0. 0. 0. 0. 0.
  0. 0. 0. 0. 0. 0. 0. 0. 0. 0. 0. 0. 0. 0. 0. 0.]
 [0. 0. 0. 0. 0. 0. 0. 0. 0. 0. 0. 0. 0. 0. 0. 0. 0. 0. 0. 0. 0. 0. 0. 0.
  0. 0. 0. 0. 0. 0. 0. 0. 0. 0. 0. 0. 0. 0. 0. 0. 0. 0. 0. 0. 0. 0. 0. 0.
  0. 0. 0. 0. 0. 0. 0. 0. 0. 0. 0. 0. 0. 0. 0. 0.]
 [0. 0. 0. 0. 0. 0. 0. 0. 0. 0. 0. 0. 0. 0. 0. 0. 0. 0. 0. 0. 0. 0. 0. 0.
  0. 0. 0. 0. 0. 0. 0. 0. 0. 0. 0. 0. 0. 0. 0. 0. 0. 0. 0. 0. 0. 0. 0. 0.
  0. 0. 0. 0. 0. 0. 0. 0. 0. 0. 0. 0. 0. 0. 0. 0.]
 [0. 0. 0. 0. 0. 0. 0. 0. 0. 0. 0. 0. 0. 0. 0. 0. 0. 0. 0. 0. 0. 0. 0. 0.
  0. 0. 0. 0. 0. 0. 0. 0. 0. 0. 0. 0. 0. 0. 0. 0. 0. 0. 0. 0. 0. 0. 0. 0.
  0. 0. 0. 0. 0. 0. 0. 0. 0. 0. 0. 0. 0. 0. 0. 0.]
 [0. 0. 0. 0. 0. 0. 0. 0. 0. 0. 0. 0. 0. 0. 0. 0. 0. 0. 0. 0. 0. 0. 0. 0.
  0. 0. 0. 0. 0. 0. 0. 0. 0. 0. 0. 0. 0. 0. 0. 0. 0. 0. 0. 0. 0. 0. 0. 0.
  0. 0. 0. 0. 0. 0. 0. 0. 0. 0. 0. 0. 0. 0. 0. 0.]
 [0. 0. 0. 0. 0. 0. 0. 0. 0. 0. 0. 0. 0. 0. 0. 0. 0. 0. 0. 0. 0. 0. 0. 0.
  0. 0. 0. 0. 0. 0. 0. 0. 0. 0. 0. 0. 0. 0. 0. 0. 0. 0. 0. 0. 0. 0. 0. 0.
  0. 0. 0. 0. 0. 0. 0. 0. 0. 0. 0. 0. 0. 0. 0. 0.]
 [0. 0. 0. 0. 0. 0. 0. 0. 0. 0. 0. 0. 0. 0. 0. 0. 0. 0. 0. 0. 0. 0. 0. 0.
  0. 0. 0. 0. 0. 0. 0. 0. 0. 0. 0. 0. 0. 0. 0. 0. 0. 0. 0. 0. 0. 0. 0. 0.
  0. 0. 0. 0. 0. 0. 0. 0. 0. 0. 0. 0. 0. 0. 0. 0.]
 [0. 0. 0. 0. 0. 0. 0. 0. 0. 0. 0. 0. 0. 0. 0. 0. 0. 0. 0. 0. 0. 0. 0. 0.
  0. 0. 0. 0. 0. 0. 0. 0. 0. 0. 0. 0. 0. 0. 0. 0. 0. 0. 0. 0. 0. 0. 0. 0.
  0. 0. 0. 0. 0. 0. 0. 0. 0. 0. 0. 0. 0. 0. 0. 0.]]
--------------------------------------------------------------------------------

KEY: z
--------------------------------------------------------------------------------
[[8.2000e+01 2.1000e+02 1.8800e+02 1.5800e+02 1.3500e+02 4.2000e+02
  7.4300e+02 1.4000e+01 1.1530e+03 1.2000e+01 6.8300e+02 8.0000e+00
  2.7300e+02 8.1000e+01 9.5000e+01 1.4400e+02 1.5310e+03 1.0400e+02
  1.2610e+03 8.5000e+01 8.0000e+00 1.3620e+03 8.5000e+01 3.7700e+02
  5.3800e+02 2.7100e+02 2.1180e+03 7.0000e+00 5.9000e+01 7.1600e+02
  1.4000e+01 9.5700e+02 1.2000e+01 3.1100e+02 8.0000e+00 2.5300e+02
  1.3000e+01 1.7800e+02 3.9500e+02 2.3000e+01 1.4900e+02 1.1800e+02
  8.4000e+01 3.0800e+02 7.9300e+02 8.0000e+00 1.7000e+02 1.6700e+02
  1.0400e+02 4.6960e+03 1.0200e+02 4.1000e+01 7.1650e+03 8.2500e+02
  2.9900e+02 7.4000e+01 7.2000e+01 4.3100e+02 1.0200e+02 4.6380e+03
  4.6900e+03 1.0000e+01 6.1600e+02 1.2000e+01]
 [6.8300e+02 8.0000e+00 2.5300e+02 8.0000e+00 7.2000e+01 8.2100e+02
  7.0000e+00 5.9000e+01 1.0200e+02 8.1000e+01 1.3000e+01 2.7300e+02
  1.8100e+02 2.1900e+02 1.8900e+02 1.0000e+01 1.3100e+03 1.2000e+01
  2.2440e+03 8.0000e+00 6.3000e+02 1.1800e+02 2.5480e+03 8.2000e+01
  5.2600e+02 7.2570e+03 1.3000e+01 1.2000e+02 2.7300e+02 9.3000e+01
  9.5000e+01 2.4600e+02 2.7800e+02 1.2690e+03 4.3000e+01 1.5490e+03
  7.0000e+00 3.4020e+03 1.0000e+01 6.1600e+02 1.2000e+01 6.8300e+02
  8.0000e+00 2.6420e+03 8.5000e+01 1.4600e+02 9.1000e+01 8.1000e+01
  7.0000e+01 3.2320e+03 1.2000e+01 1.7000e+02 4.7150e+03 7.1600e+02
  1.0000e+03 8.5000e+01 6.7260e+03 1.0200e+02 1.0660e+03 3.3200e+02
  3.4810e+03 2.4300e+02 1.3500e+02 3.2830e+03]
 [9.1000e+01 5.0270e+03 8.0000e+00 1.2000e+02 1.7400e+02 1.1300e+02
  2.0670e+03 1.8100e+02 8.2000e+01 4.2400e+02 1.6800e+02 4.0540e+03
  7.2000e+01 4.0640e+03 1.2730e+03 8.2100e+02 9.5000e+01 1.8270e+03
  1.2000e+01 1.7000e+02 4.6180e+03 2.7000e+02 7.4000e+01 1.2570e+03
  8.3000e+01 1.1300e+02 5.9100e+02 1.0000e+01 9.5700e+02 1.2000e+01
  3.6000e+02 9.3000e+01 9.5000e+01 1.4400e+02 8.0000e+00 2.5300e+02
  8.0000e+00 1.1800e+02 8.5000e+01 1.5800e+02 7.2000e+01 1.6800e+02
  1.9900e+03 4.3270e+03 1.3900e+02 1.3500e+02 8.3000e+01 8.1000e+01
  5.5550e+03 7.2000e+01 5.8300e+02 8.0000e+00 1.2000e+02 2.2100e+02
  8.5000e+01 1.3500e+03 7.2000e+01 6.2500e+02 8.3000e+01 1.4900e+02
  1.4600e+02 6.5880e+03 8.0000e+00 1.5000e+01]
 [4.6000e+02 3.9540e+03 7.2000e+01 4.0640e+03 8.0000e+00 6.3800e+02
  7.2000e+01 4.6180e+03 1.2570e+03 2.4700e+02 1.2300e+02 3.2830e+03
  8.0000e+00 9.6400e+02 2.5320e+03 1.9400e+02 9.5000e+01 8.2000e+01
  1.4000e+02 1.8100e+02 8.1900e+02 1.1300e+02 1.4400e+02 9.6710e+03
  9.5000e+01 8.2000e+01 9.5000e+01 6.5230e+03 1.0000e+01 1.1530e+03
  1.2000e+01 6.8300e+02 8.0000e+00 8.5000e+01 2.6900e+02 2.4800e+02
  8.3000e+01 2.4800e+02 8.5000e+01 1.4900e+02 4.8950e+03 1.3000e+01
  1.2000e+02 9.7900e+02 8.5000e+01 1.4900e+02 3.1670e+03 8.2000e+01
  9.5000e+01 4.1000e+01 4.5410e+03 8.0000e+00 3.1800e+02 3.2200e+02
  8.0000e+00 1.0400e+02 1.1600e+02 1.4900e+02 8.0000e+00 1.0556e+04
  1.4600e+02 1.0460e+03 8.0000e+00 1.8700e+02]
 [1.0000e+03 1.1600e+02 1.3500e+02 5.8300e+02 9.9760e+03 4.3550e+03
  1.0000e+01 9.5700e+02 1.2000e+01 6.8300e+02 8.0000e+00 2.3000e+01
  1.9400e+02 1.1300e+02 9.5000e+01 6.4420e+03 1.2000e+01 7.0000e+01
  1.7330e+03 4.0310e+03 8.0000e+00 2.8410e+03 1.2020e+03 1.1600e+02
  2.9300e+02 1.0777e+04 1.4600e+02 4.0580e+03 8.0000e+00 1.2000e+02
  9.4550e+03 9.6000e+02 3.4400e+03 8.2000e+01 1.2300e+02 1.2780e+03
  7.0000e+00 2.6880e+03 8.0000e+00 1.2000e+02 1.4900e+02 1.0400e+02
  4.7060e+03 1.4900e+02 7.0000e+01 7.9800e+02 8.0000e+00 1.0510e+04
  7.8970e+03 8.0000e+00 1.7800e+02 2.1290e+03 8.3000e+01 2.2820e+03
  1.0400e+02 6.8000e+02 1.0000e+01 1.2350e+03 1.2000e+01 2.9000e+01
  3.7080e+03 3.1240e+03 4.0000e+00 1.0730e+04]
 [8.0000e+00 2.7300e+02 7.0000e+00 5.9000e+01 9.5000e+01 7.1900e+02
  1.0000e+01 1.1530e+03 1.2000e+01 1.7000e+02 3.1240e+03 7.0000e+00
  5.9000e+01 2.2000e+02 1.1120e+03 8.3000e+01 9.5000e+01 9.3000e+01
  1.4400e+02 8.0000e+00 1.9180e+03 8.0000e+00 2.3000e+01 1.9400e+02
  9.5000e+01 1.2900e+02 2.5910e+03 9.3660e+03 1.0000e+01 2.1190e+03
  1.2000e+01 8.5100e+02 1.2730e+03 8.0000e+00 9.8300e+02 8.1000e+01
  1.1300e+02 8.0000e+00 5.6500e+02 9.8300e+02 1.3250e+03 8.0000e+00
  1.8700e+02 3.1500e+02 4.1000e+01 3.3780e+03 9.7200e+02 8.3000e+01
  4.1000e+01 2.1540e+03 9.1000e+01 8.1000e+01 1.3000e+01 2.0700e+02
  2.3000e+01 3.4580e+03 1.2000e+01 1.7800e+02 1.0200e+02 4.2000e+02
  4.3100e+02 1.3850e+03 6.3000e+01 6.8100e+02]
 [8.0000e+00 7.8900e+02 6.3660e+03 9.8000e+01 9.2100e+02 8.0000e+00
  2.3000e+01 7.0000e+00 8.0000e+01 6.4300e+03 2.5000e+02 4.7500e+02
  6.3100e+02 8.0000e+00 2.2440e+03 8.0000e+00 1.3500e+02 9.8000e+01
  6.5730e+03 8.0000e+00 8.2000e+01 9.8000e+01 1.0894e+04 1.3000e+01
  5.3500e+02 2.1000e+02 8.5000e+01 1.7400e+02 1.2080e+03 8.1000e+01
  1.7400e+02 2.3000e+01 1.4900e+02 8.0000e+00 4.4700e+02 2.4800e+02
  2.3000e+01 2.6100e+02 9.8000e+01 1.6190e+03 8.2000e+01 9.8000e+01
  7.9960e+03 1.0000e+01 1.0410e+03 1.2000e+01 4.0400e+02 1.3500e+02
  1.6300e+02 5.0270e+03 8.0000e+00 1.6000e+02 2.3000e+01 1.4930e+03
  1.9000e+02 8.0000e+00 4.2200e+02 2.0540e+03 1.3000e+02 4.5520e+03
  7.6900e+02 1.2000e+01 2.7100e+02 1.3000e+02]
 [7.1470e+03 1.1300e+02 1.0000e+01 2.1190e+03 1.2000e+01 3.4620e+03
  8.1000e+01 8.0000e+00 1.2730e+03 8.0000e+00 9.1000e+01 1.3500e+02
  7.2000e+01 3.6400e+02 2.5900e+03 2.3000e+01 5.1200e+02 3.7700e+02
  3.4160e+03 1.1800e+02 3.8310e+03 7.2300e+02 3.8900e+02 2.3000e+01
  8.2700e+02 4.3830e+03 2.4600e+02 2.7800e+02 4.2400e+02 4.3100e+02
  1.0000e+01 1.0410e+03 1.2000e+01 2.7000e+01 3.4080e+03 8.0000e+00
  1.3000e+02 2.5380e+03 1.0000e+01 4.9100e+02 7.0000e+00 6.0000e+01
  1.1300e+02 2.1970e+03 1.4000e+01 2.1190e+03 1.2000e+01 3.6000e+02
  8.5000e+01 3.4650e+03 1.4100e+02 8.0000e+00 1.2730e+03 8.0000e+00
  1.6000e+02 2.3000e+01 1.1050e+03 2.3000e+01 7.0000e+00 8.0000e+01
  3.1340e+03 1.0200e+02 8.5000e+01 6.3100e+02]
 [8.0000e+00 1.7800e+02 8.5000e+01 1.9400e+02 1.4000e+02 1.4100e+02
  1.0000e+01 1.0410e+03 1.2000e+01 2.9000e+01 2.7000e+02 8.0000e+00
  3.4140e+03 8.0000e+00 8.5000e+01 4.3830e+03 5.3000e+03 2.4600e+02
  1.2000e+01 3.1800e+02 1.7400e+02 1.4000e+02 2.4240e+03 8.2000e+01
  7.9100e+02 8.5000e+01 4.7600e+02 1.0000e+01 2.1190e+03 1.2000e+01
  4.9100e+02 9.3000e+01 1.0200e+02 1.4100e+02 8.5000e+01 1.4900e+02
  2.7750e+03 8.1000e+01 1.4400e+02 1.4000e+01 7.3700e+02 2.7000e+02
  8.5000e+01 9.5100e+02 8.0000e+00 8.3000e+01 1.7200e+02 2.3000e+01
  2.4800e+02 3.0090e+03 3.1800e+02 1.4000e+02 1.7800e+02 9.5100e+02
  1.1000e+02 1.2400e+02 8.1000e+01 1.3500e+02 1.4600e+02 1.0020e+03
  1.2000e+01 2.3000e+01 2.1900e+03 8.0000e+00]
 [1.2730e+03 1.2410e+03 8.0000e+00 1.5000e+02 4.8840e+03 9.8000e+01
  9.2100e+02 1.0000e+01 1.0410e+03 1.2000e+01 3.6000e+02 1.1800e+02
  9.5000e+01 9.5100e+02 8.0000e+00 2.7000e+02 1.3500e+02 7.2000e+01
  5.8300e+02 2.3400e+02 1.4400e+02 1.0000e+01 1.1700e+03 1.2000e+01
  4.0200e+02 8.0000e+00 3.5100e+02 1.7200e+02 8.0000e+00 5.4150e+03
  4.0000e+00 2.2730e+03 3.8750e+03 1.4600e+02 7.1850e+03 1.4000e+01
  1.8470e+03 8.0000e+00 4.9700e+02 2.3910e+03 1.0000e+01 2.7360e+03
  3.0570e+03 4.0000e+00 2.4000e+02 4.3300e+03 1.0000e+01 2.9000e+02
  5.7460e+03 1.6300e+02 6.8160e+03 1.3000e+01 4.9980e+03 1.1300e+02
  1.2400e+02 1.8100e+02 1.0000e+01 2.4700e+02 9.3100e+02 8.0000e+00
  1.3000e+02 1.8300e+03 9.4000e+01 9.1000e+01]
 [4.1000e+01 5.4870e+03 1.4940e+03 8.0000e+00 4.0200e+02 1.0750e+03
  1.3000e+02 9.8300e+02 1.8100e+02 1.1800e+02 3.4300e+02 1.7500e+02
  7.0000e+00 6.9000e+01 9.8300e+02 1.9000e+02 1.4000e+01 5.8200e+02
  3.4300e+02 2.4000e+02 2.1580e+03 1.9000e+02 1.2400e+02 4.1000e+01
  2.1170e+03 3.5800e+02 1.4000e+01 1.0410e+03 1.2000e+01 1.0660e+03
  3.0440e+03 5.4700e+02 4.0180e+03 8.1000e+01 8.0000e+00 8.3000e+01
  2.3000e+01 7.0000e+00 8.0000e+01 9.5000e+01 4.0710e+03 1.0000e+01
  1.1700e+03 1.2000e+01 2.3300e+02 8.0000e+00 7.0000e+01 9.8000e+01
  1.3870e+03 1.4000e+01 1.8470e+03 8.0000e+00 8.5700e+02 1.9000e+02
  7.0000e+01 1.0000e+01 1.0410e+03 1.2000e+01 2.3300e+02 8.0000e+00
  1.7400e+02 8.5000e+01 1.1300e+02 1.8460e+03]
 [8.1000e+01 1.4000e+01 7.3700e+02 8.0000e+00 1.7200e+02 2.3000e+01
  2.7100e+02 6.7000e+02 7.4000e+01 1.2900e+02 4.3190e+03 8.0000e+00
  2.4000e+02 3.2200e+02 1.4000e+02 4.1000e+01 8.6900e+02 1.3000e+01
  2.3000e+01 3.2200e+02 2.5930e+03 3.7380e+03 9.0000e+00 1.4010e+03
  7.8000e+01 1.8100e+02 3.5080e+03 3.4500e+02 1.2000e+02 1.0200e+02
  1.2900e+02 2.5900e+02 8.2000e+01 1.8100e+02 1.6530e+03 9.4710e+03
  7.0000e+01 1.6880e+03 1.0000e+01 5.6960e+03 1.1300e+02 8.2000e+01
  8.1000e+01 1.2000e+01 2.3000e+01 1.7400e+02 2.1900e+02 1.3680e+03
  8.3000e+01 1.0320e+03 1.7010e+03 2.3000e+01 2.6000e+02 8.3900e+02
  3.0550e+03 9.1000e+01 1.6120e+03 1.0000e+01 1.1700e+03 1.2000e+01
  1.2830e+03 5.3800e+02 1.0460e+03 6.4200e+02]]
--------------------------------------------------------------------------------

====================================================================================================
FILE: z_out.npz
====================================================================================================

KEY: key
--------------------------------------------------------------------------------
[        0 446895331]
--------------------------------------------------------------------------------

KEY: zF
--------------------------------------------------------------------------------
[[ 2.2812896e-04 -1.4209552e-04 -3.3972174e-04 ... -3.7953077e-04
   2.3889606e-04  4.4068038e-05]
 [ 8.9421973e-04 -2.1616252e-04  1.3539355e-04 ... -3.5873597e-04
  -6.5263113e-05  2.6252522e-04]
 [ 7.8117500e-06 -5.1219562e-05  3.6261138e-04 ... -2.4317208e-04
  -5.2834341e-05 -1.6803091e-05]
 ...
 [-2.6465004e-04  1.7946218e-03 -9.9019417e-05 ... -2.1052154e-04
   1.5494387e-04  7.2886655e-04]
 [-9.5204094e-05 -4.4466020e-04  1.1521395e-03 ...  5.2924228e-05
   1.2461559e-04  2.2193039e-04]
 [ 9.7120833e-03 -7.5941747e-03 -1.1916731e-02 ...  2.7357379e-04
  -1.0139934e-04 -5.1450292e-03]]
--------------------------------------------------------------------------------

KEY: z
--------------------------------------------------------------------------------
[[ 2.2812896e-04 -1.4209552e-04 -3.3972174e-04 ... -3.7953077e-04
   2.3889606e-04  4.4068038e-05]
 [ 8.9421973e-04 -2.1616252e-04  1.3539355e-04 ... -3.5873597e-04
  -6.5263113e-05  2.6252522e-04]
 [ 7.8117500e-06 -5.1219562e-05  3.6261138e-04 ... -2.4317208e-04
  -5.2834341e-05 -1.6803091e-05]
 ...
 [-2.6465004e-04  1.7946218e-03 -9.9019417e-05 ... -2.1052154e-04
   1.5494387e-04  7.2886655e-04]
 [-9.5204094e-05 -4.4466020e-04  1.1521395e-03 ...  5.2924228e-05
   1.2461559e-04  2.2193039e-04]
 [ 9.7120833e-03 -7.5941747e-03 -1.1916731e-02 ...  2.7357379e-04
  -1.0139934e-04 -5.1450292e-03]]
--------------------------------------------------------------------------------

====================================================================================================
FILE: z_target.npz
====================================================================================================

KEY: key
--------------------------------------------------------------------------------
[        0 555500963]
--------------------------------------------------------------------------------

KEY: j
--------------------------------------------------------------------------------
[[0. 0. 0. ... 0. 0. 0.]
 [0. 0. 0. ... 0. 0. 0.]
 [0. 0. 0. ... 0. 0. 0.]
 ...
 [0. 0. 0. ... 0. 0. 0.]
 [0. 0. 0. ... 0. 0. 0.]
 [0. 0. 0. ... 0. 0. 0.]]
--------------------------------------------------------------------------------

KEY: zF
--------------------------------------------------------------------------------
[[0. 0. 0. ... 0. 0. 0.]
 [0. 0. 0. ... 0. 0. 0.]
 [0. 0. 0. ... 0. 0. 0.]
 ...
 [0. 0. 0. ... 0. 0. 0.]
 [0. 0. 0. ... 0. 0. 0.]
 [0. 0. 0. ... 0. 0. 0.]]
--------------------------------------------------------------------------------

KEY: j_td
--------------------------------------------------------------------------------
[[0. 0. 0. ... 0. 0. 0.]
 [0. 0. 0. ... 0. 0. 0.]
 [0. 0. 0. ... 0. 0. 0.]
 ...
 [0. 0. 0. ... 0. 0. 0.]
 [0. 0. 0. ... 0. 0. 0.]
 [0. 0. 0. ... 0. 0. 0.]]
--------------------------------------------------------------------------------

KEY: z
--------------------------------------------------------------------------------
[[0. 0. 0. ... 0. 0. 0.]
 [0. 0. 0. ... 0. 0. 0.]
 [0. 0. 0. ... 0. 0. 0.]
 ...
 [0. 0. 0. ... 0. 0. 0.]
 [0. 0. 0. ... 0. 0. 0.]
 [0. 0. 0. ... 0. 0. 0.]]
--------------------------------------------------------------------------------
